Time (Month),Consumption (KWh) per household, Avg Tariff (c/KWh) per household,Wholesale ($/MWh),GHG Emissions (tCO2-e) per household,Number of Domestic Consumers (households),System Production In Spot,System Production Off Spot,Number of Active Actors
1927-01-01,52.04328387890486,155.26666259765625,0.0,0.09933604578673322,151798.0,2951998.124,172762.7519999994,102.0
1927-02-01,56.26896348632178,155.26666259765625,0.0,0.10740167852373421,152359.0,2896102.162,156043.77599999923,103.0
1927-03-01,52.72805595348058,155.26666259765625,0.0,0.10064308063202797,152920.0,3056697.7699999986,172994.95999999938,100.0
1927-04-01,49.32249540965169,155.26666259765625,0.0,0.0941428210088567,153481.0,3091290.172000001,167189.75999999934,101.0
1927-05-01,52.78557349618935,155.26666259765625,0.0,0.10075287370887147,154042.0,3754899.3740000012,172762.7519999994,101.0
1927-06-01,53.67956935465353,155.26666259765625,0.0,0.10245926030135742,154603.0,3793455.3199999984,167189.75999999934,101.0
1927-07-01,54.92975250178843,155.26666259765625,0.0,0.10484550502201263,155164.0,3962559.024,172762.7519999994,102.0
1927-08-01,52.9199234427677,155.26666259765625,0.0,0.10100930571228982,155725.0,3925717.4739999985,172762.7519999994,102.0
1927-09-01,49.52304926444947,155.26666259765625,0.0,0.09452563245536968,156286.0,3648083.6699999995,167189.75999999934,102.0
1927-10-01,50.582338127482515,155.26666259765625,0.0,0.09654750800432123,156847.0,3670838.177999999,172530.54399999935,102.0
1927-11-01,49.62553399247497,155.26666259765625,0.0,0.09472123524630215,157408.0,3557243.3199999994,167189.75999999934,102.0
1927-12-01,49.55192763789889,155.26666259765625,0.0,0.09458074725083278,157969.0,3622825.6739999983,172762.7519999994,102.0
1928-01-01,56.66682246757895,138.72000122070312,0.0,0.11102882964497354,158539.0,3537761.774,172762.7519999994,102.0
1928-02-01,57.92449945120402,138.72000122070312,0.0,0.11349302276668657,161376.0,3696079.5160000008,161616.7679999993,102.0
1928-03-01,55.14254685606499,138.72000122070312,0.0,0.10804227623905194,164213.0,3822872.87,172994.95999999938,102.0
1928-04-01,52.07006697096678,138.72000122070312,0.0,0.10202228291247505,167050.0,3462030.769999997,167189.75999999934,102.0
1928-05-01,54.98842383098766,138.72000122070312,0.0,0.10774029513719525,169887.0,3959480.774000001,172762.7519999994,96.0
1928-06-01,51.77650426040967,138.72000122070312,0.0,0.10320584364732839,172724.0,3967948.7700000014,167189.75999999934,96.0
1928-07-01,54.452766995873226,138.72000122070312,0.0,0.10854041652764872,175561.0,4080497.773999999,172762.7519999994,96.0
1928-08-01,53.628541852347,138.72000122070312,0.0,0.10689749846319224,178398.0,4024530.978,172530.54399999935,96.0
1928-09-01,47.54903746344525,138.72000122070312,0.0,0.09477925443226728,181235.0,3726053.92,167189.75999999934,96.0
1928-10-01,49.18060044099592,138.72000122070312,0.0,0.09803143066666764,184072.0,3794878.2240000027,172762.7519999994,96.0
1928-11-01,46.464419391588955,138.72000122070312,0.0,0.09261729453502258,186909.0,3635293.4199999967,167189.75999999934,96.0
1928-12-01,44.6831872855686,138.72000122070312,0.0,0.0890667595389722,189746.0,3649089.424,172762.7519999994,96.0
1929-01-01,48.10777122102684,139.54286193847656,0.0,0.09802172020377029,192592.0,3867520.623999999,172762.7519999994,97.0
1929-02-01,46.99288417098821,139.54286193847656,0.0,0.09575009165243918,193218.0,3697832.3631718718,156043.77599999923,98.0
1929-03-01,46.394769279678506,139.54286193847656,0.0,0.09453141143265986,193844.0,3843782.0199999986,172994.95999999938,98.0
1929-04-01,43.92297112825886,139.54286193847656,0.0,0.09081859850356785,194470.0,3598813.220000001,192980.15999999887,97.0
1929-05-01,48.01161491490087,139.54286193847656,0.0,0.09927259458805072,195096.0,3968378.834000001,199412.8319999989,80.0
1929-06-01,47.65395181845935,139.54286193847656,0.0,0.09853306892102029,195722.0,3932226.8999999994,202939.19999999882,81.0
1929-07-01,48.3661592316321,139.54286193847656,0.0,0.10000568709196406,196348.0,4122593.0300000007,209703.8399999988,81.0
1929-08-01,47.429755759326106,139.54286193847656,0.0,0.0980695013235027,196974.0,4146439.6300000027,209703.8399999988,81.0
1929-09-01,44.354401252530366,139.54286193847656,0.0,0.09171066053445211,197600.0,3744954.8499999978,202939.19999999882,81.0
1929-10-01,45.88330325928486,139.54286193847656,0.0,0.09487193850336023,198226.0,3807097.3100000024,209421.97999999882,81.0
1929-11-01,44.3893161591284,139.54286193847656,0.0,0.09178285711314015,198852.0,3611963.55,216806.39999999857,81.0
1929-12-01,43.817473958594434,139.54286193847656,0.0,0.09060046391504693,199478.0,3512755.91,224033.2799999985,81.0
1930-01-01,48.81132246591823,135.8000030517578,0.0,0.10147958318555668,200107.0,3659872.6599999983,224033.2799999985,81.0
1930-02-01,52.37340129116535,135.8000030517578,0.0,0.10888521797187571,202385.0,3493392.5300000003,202352.6399999987,81.0
1930-03-01,48.71007651908259,135.8000030517578,0.0,0.10126909134552783,204663.0,3747708.3000000007,224334.3999999985,82.0
1930-04-01,45.22777721820471,135.8000030517578,0.0,0.09402932890440394,206941.0,3627940.65,216806.39999999857,82.0
1930-05-01,48.051324210516256,135.8000030517578,0.0,0.09989953773179379,209219.0,3982057.2099999986,224033.2799999985,81.0
1930-06-01,48.51486331661915,135.8000030517578,0.0,0.10086324986972338,211497.0,4004045.610000004,231965.2799999982,81.0
1930-07-01,49.29396963805403,135.8000030517578,0.0,0.10248302993955061,213775.0,4237293.0588,243302.58239999815,81.0
1930-08-01,47.159516776554824,135.8000030517578,0.0,0.0980454541232648,216053.0,4165189.6087999996,243302.58239999815,81.0
1930-09-01,43.82926432515309,135.8000030517578,0.0,0.09112179657378032,218331.0,3838452.8940000026,235454.11199999825,80.0
1930-10-01,44.46353350979561,135.8000030517578,0.0,0.09244045980522422,220609.0,3866212.768599999,242975.56279999818,78.0
1930-11-01,43.331063112978775,135.8000030517578,0.0,0.09008603915638637,222887.0,3714610.444,235454.11199999825,77.0
1930-12-01,42.98170490945529,135.8000030517578,0.0,0.0893597232562313,225165.0,3790335.3105692943,243357.6788614081,77.0
1931-01-01,41.86910603544169,176.06666564941406,0.0,0.08583644308588517,227444.0,3866463.427887945,273050.24510301475,77.0
1931-02-01,43.534166905571595,176.06666564941406,0.0,0.08925000286237998,227601.0,3629811.797598695,246615.10597448697,77.0
1931-03-01,42.142849400460136,176.06666564941406,0.0,0.08639764423850656,227758.0,3846949.8450768203,273396.4098463559,77.0
1931-04-01,40.45432062117456,176.06666564941406,0.0,0.08293597020760875,227915.0,3677180.9576378684,264211.98472426384,77.0
1931-05-01,43.417283145508875,176.06666564941406,0.0,0.0890103618438216,228072.0,4030093.0993985715,273009.70120285434,77.0
1931-06-01,41.53534097742837,176.06666564941406,0.0,0.08515217891672572,228229.0,4043059.9389057267,264196.72218855063,77.0
1931-07-01,44.36921107521915,176.06666564941406,0.0,0.09096194158320457,228386.0,4278460.648072073,276597.0038558483,77.0
1931-08-01,44.3732526879515,176.06666564941406,0.0,0.09097022795607734,228543.0,4222795.598642232,276601.40271553205,77.0
1931-09-01,39.94117566681242,176.06666564941406,0.0,0.08188396029626831,228700.0,3927555.9947734945,267689.31045300874,76.0
1931-10-01,41.92958444028367,176.06666564941406,0.0,0.08596042515326761,228857.0,3986532.0286786607,276244.4426426764,76.0
1931-11-01,40.19683806175605,176.06666564941406,0.0,0.08240810524141284,229014.0,3697647.130138322,267711.1397233544,76.0
1931-12-01,39.215727216249,176.06666564941406,0.0,0.0803967104280334,229171.0,3886731.3916719635,276637.6111514742,76.0
1932-01-01,46.74937036571726,179.7166748046875,0.0,0.09666273807313307,229337.0,3749907.8426865535,276635.8146268934,76.0
1932-02-01,44.64409938287304,179.7166748046875,0.0,0.09230972099293569,231010.0,3792436.027034201,258781.8459315954,76.0
1932-03-01,43.23527828768109,179.7166748046875,0.0,0.08939673141266996,232683.0,3973764.6184896426,276993.4633136844,77.0
1932-04-01,41.70900204309896,179.7166748046875,0.0,0.08624087344374132,234356.0,3753147.736459806,267682.9270803872,77.0
1932-05-01,43.76220884139237,179.7166748046875,0.0,0.09048625209422519,236029.0,4154854.961239293,276596.8775214071,76.0
1932-06-01,43.50951539374932,179.7166748046875,0.0,0.09163429926304276,237702.0,4189918.199026393,267670.3019472154,76.0
1932-07-01,44.787373531331596,179.7166748046875,0.0,0.09432556603849374,239375.0,4368892.588602237,289277.82279552234,76.0
1932-08-01,42.037651409159174,179.7166748046875,0.0,0.088534438365976,241048.0,4295304.03147318,289284.53705364023,76.0
1932-09-01,40.1335881462152,179.7166748046875,0.0,0.08452434420865024,242721.0,3985190.7768970225,279956.4462059547,76.0
1932-10-01,41.418514871222285,179.7166748046875,0.0,0.08723050099315675,244394.0,3927516.740220544,288915.8195589113,76.0
1932-11-01,40.321696396459096,179.7166748046875,0.0,0.08492052700228776,246067.0,3866372.1694000233,279976.66119995614,76.0
1932-12-01,40.41144839978405,179.7166748046875,0.0,0.08510954502822055,247740.0,3853599.0246095117,289316.5507809769,76.0
1933-01-01,43.96169047166804,184.10000610351562,0.0,0.09336962053813154,249418.0,3948179.996089712,289318.0125080762,76.0
1933-02-01,44.25461792523138,184.10000610351562,0.0,0.09399176362835364,249911.0,3648675.9974208144,261302.70515837302,76.0
1933-03-01,44.66810930411455,184.10000610351562,0.0,0.09486996667433997,250404.0,3960341.9798959927,289691.3425517664,76.0
1933-04-01,42.19388568192326,184.10000610351562,0.0,0.08961500741323601,250897.0,3811401.282773704,279959.93445258954,76.0
1933-05-01,44.79329692534508,184.10000610351562,0.0,0.09513585489594685,251390.0,4155220.5614636675,289280.97707266244,75.0
1933-06-01,44.59389999523588,184.10000610351562,0.0,0.09471236571328606,251883.0,4147941.66160516,279944.47678968095,75.0
1933-07-01,46.692140242881656,184.10000610351562,0.0,0.0991687758527049,252376.0,4339973.1931794,289276.41364119964,75.0
1933-08-01,46.154062540781986,184.10000610351562,0.0,0.09802596765990929,252869.0,4322407.342758266,289284.3144834653,75.0
1933-09-01,43.47380566763169,184.10000610351562,0.0,0.09233340837457335,253362.0,3978134.29214813,279959.6157037335,76.0
1933-10-01,42.89598915965807,184.10000610351562,0.0,0.0911061895611278,253855.0,3900678.868151533,288915.66369693365,76.0
1933-11-01,41.71094987846376,184.10000610351562,0.0,0.08858929738392426,254348.0,3813323.488255104,279982.3234897922,76.0
1933-12-01,41.28476876881075,184.10000610351562,0.0,0.08768414366416011,254841.0,3927484.692796523,312444.3144069547,75.0
1934-01-01,48.06112475938567,59.03999710083008,0.0,0.10316078282586846,255336.0,4095268.9974022373,312440.7119338035,75.0
1934-02-01,46.47716587443998,59.03999710083008,0.0,0.0997608692105567,258028.0,3710090.7942694454,282199.41379022313,75.0
1934-03-01,44.7309561322971,59.03999710083008,0.0,0.09601272044731028,260720.0,4137189.393456413,312429.11572389264,75.0
1934-04-01,42.53934158988581,59.03999710083008,0.0,0.09130853000037445,263412.0,3851663.6095199888,302752.28096002305,76.0
1934-05-01,46.10923017293051,59.03999710083008,0.0,0.09897111992669727,266104.0,4346357.530895793,312401.53820841206,75.0
1934-06-01,45.02245734799811,59.03999710083008,0.0,0.09663840940295987,268796.0,4383528.593599136,303694.71280173206,75.0
1934-07-01,47.23329377702698,59.03999710083008,0.0,0.10138386365804186,271488.0,4455379.129799151,313818.24040169595,74.0
1934-08-01,45.193238132795976,59.03999710083008,0.0,0.09700498996551996,274180.0,4374799.4357063845,313829.8285872317,74.0
1934-09-01,41.9008631470499,59.03999710083008,0.0,0.08993807464510989,276872.0,4007340.85250279,303715.09499441984,74.0
1934-10-01,42.3617117021952,59.03999710083008,0.0,0.09092726816202587,279564.0,4072491.5743057905,313436.25138841884,74.0
1934-11-01,41.1443416780777,59.03999710083008,0.0,0.08831424607792956,282256.0,3936616.270542353,303733.3589152951,74.0
1934-12-01,41.12926963867091,59.03999710083008,0.0,0.0882818877461924,284948.0,3994895.17717415,313864.2474095067,74.0
1935-01-01,46.65860363092051,57.400001525878906,0.0,0.10158271545298446,287644.0,4140991.929892114,330830.7796918021,73.0
1935-02-01,49.355237707482004,57.400001525878906,0.0,0.10745368561931097,288519.0,4043703.4204819035,298816.9895764436,73.0
1935-03-01,45.208394389439654,57.400001525878906,0.0,0.09842539098866787,289394.0,4144060.242132514,332738.9604793594,73.0
1935-04-01,42.631054755459594,57.400001525878906,0.0,0.09278625700550058,290269.0,3791924.7897742777,321576.2204514391,73.0
1935-05-01,46.51046952925356,57.400001525878906,0.0,0.10122978018821348,291144.0,4127858.577055918,344307.24588816566,71.0
1935-06-01,45.16428417864077,57.400001525878906,0.0,0.09951664579978488,292019.0,4362157.576322189,333196.0476485882,71.0
1935-07-01,46.111931972402985,57.400001525878906,0.0,0.10160473150077196,292894.0,4600669.16912737,344311.2637960372,71.0
1935-08-01,45.46106884788728,57.400001525878906,0.0,0.10017057983292336,293769.0,4408770.216370665,344345.7672586691,71.0
1935-09-01,41.870513256039494,57.400001525878906,0.0,0.09225902099280428,294644.0,4053245.775398862,333281.64920227765,71.0
1935-10-01,42.95397527845079,57.400001525878906,0.0,0.09464634703202676,295519.0,4123178.5675379788,343979.36492404295,71.0
1935-11-01,42.262609192704645,57.400001525878906,0.0,0.09312298694181344,296394.0,3997839.4464605246,333439.47555403196,71.0
1935-12-01,41.57704109640595,57.400001525878906,0.0,0.09161237915327203,297269.0,4035284.0170729263,344596.0702486816,71.0
1936-01-01,48.336943328749435,50.0,0.0,0.10705603854365117,298145.0,4222034.249862102,344673.113496485,71.0
1936-02-01,51.33942712881,50.0,0.0,0.1137058995379434,298917.0,3947514.845457341,322415.0076379887,71.0
1936-03-01,47.99145687279146,50.0,0.0,0.10629084974381497,299689.0,4210752.544490852,344677.8711778492,71.0
1936-04-01,46.48649868972179,50.0,0.0,0.10223899261798725,300461.0,3972389.2377813417,333887.0244373175,71.0
1936-05-01,50.45668552250252,50.0,0.0,0.110970734755906,301233.0,4333859.866414857,344457.56717028364,70.0
1936-06-01,49.63809904326915,50.0,0.0,0.10917040369339603,302005.0,4252860.624377049,333337.05124590266,70.0
1936-07-01,50.43318287881841,50.0,0.0,0.11091903405552263,302777.0,4638570.88721875,346228.4258554686,70.0
1936-08-01,49.23852067026246,50.0,0.0,0.10829158384003904,303549.0,4614707.019442217,346669.8611155632,70.0
1936-09-01,45.33853644671252,50.0,0.0,0.099714256868712,304321.0,4121167.55166138,335720.4966772363,70.0
1936-10-01,46.622765179387926,50.0,0.0,0.10253869537536003,305093.0,4156063.023306194,346646.2533876132,70.0
1936-11-01,45.62278484278195,50.0,0.0,0.10033941307781076,305865.0,3914997.256660813,335975.68814321724,70.0
1936-12-01,45.799910857544916,50.0,0.0,0.10072895987932114,306637.0,3881647.5405758535,347455.4188482938,70.0
1937-01-01,56.7988331442536,47.5,0.0,0.12671807480846578,307410.0,4186238.81971396,347750.48151643766,70.0
1937-02-01,52.22776121564155,47.5,0.0,0.11652002261123101,308403.0,3884529.9794342807,313893.79084864055,70.0
1937-03-01,51.377500562588075,47.5,0.0,0.11462310322661111,309396.0,4051372.305869647,349793.2882607043,70.0
1937-04-01,47.910432050588135,47.5,0.0,0.1068880876996538,310389.0,3844387.610279759,444093.7794404783,70.0
1937-05-01,51.098105457083264,47.5,0.0,0.11399977686760672,311382.0,4183633.2162151258,457970.26756974397,69.0
1937-06-01,51.065676270508206,47.5,0.0,0.1139274115413808,312375.0,4265089.00002191,443183.60054211156,69.0
1937-07-01,53.20407037412882,47.5,0.0,0.11869818534285484,313368.0,4350538.120523371,458083.25895325525,69.0
1937-08-01,50.97848480230531,47.5,0.0,0.11373290012011542,314361.0,4140112.5991839594,458410.7016320779,69.0
1937-09-01,46.69361282281182,47.5,0.0,0.10417336443214122,315354.0,3880110.687385644,444037.0252287075,68.0
1937-10-01,48.67421037559231,47.5,0.0,0.10859206714908626,316347.0,3980832.5593625167,458998.6812749579,68.0
1937-11-01,46.57663667615964,47.5,0.0,0.1039123797326138,317340.0,4003267.358775463,446000.46931117837,68.0
1937-12-01,46.381403892504075,47.5,0.0,0.10347682939432765,318333.0,3951135.427817369,462593.1963487078,68.0
1938-01-01,51.7816479548458,47.5,0.0,0.11726778930930193,319328.0,4028544.7858003606,463469.24417353957,68.0
1938-02-01,54.887926235728386,47.5,0.0,0.12430244979033268,320216.0,3876445.545702175,418496.6429418081,68.0
1938-03-01,52.03681819208107,47.5,0.0,0.11784563769144989,321104.0,4059305.9197673765,462221.0202308742,68.0
1938-04-01,51.55858880034287,47.5,0.0,0.11676262178587488,321992.0,3729653.594912165,447869.4396678575,68.0
1938-05-01,53.954914800003095,47.5,0.0,0.1221894763479379,322880.0,4101608.113893814,461022.4491654949,66.0
1938-06-01,53.75860014925811,47.5,0.0,0.11160598320676386,323768.0,4275710.052388911,446278.1190503019,66.0
1938-07-01,57.40935934881844,47.5,0.0,0.11918517027292429,324656.0,4476390.725477995,461845.3828330639,66.0
1938-08-01,54.563908795738826,47.5,0.0,0.11327783589395171,325544.0,4386675.183637561,463565.9616311284,66.0
1938-09-01,50.34240238012817,47.5,0.0,0.10451375984735925,326432.0,4036008.1973422077,450436.6914483933,66.0
1938-10-01,51.10805772065563,47.5,0.0,0.10610329796600168,327320.0,3889973.6467242795,470223.522957685,66.0
1938-11-01,48.5804257513528,47.5,0.0,0.10085577195678468,328208.0,3801245.8062977446,458279.72431857453,66.0
1938-12-01,52.59704330195444,47.5,0.0,0.10919452023060341,329096.0,3775906.7348721367,478568.5642401079,66.0
1939-01-01,56.637541364513794,42.54999923706055,0.0,0.11967936511765882,329993.0,3984815.7605414903,478191.1368271686,66.0
1939-02-01,57.94756735237773,42.54999923706055,0.0,0.12244755219493283,330946.0,3685826.4049267913,432662.6410846187,66.0
1939-03-01,53.36451422345352,42.54999923706055,0.0,0.11276320720409005,331899.0,3905684.928150275,474927.9700666351,66.0
1939-04-01,52.6250041779079,42.54999923706055,0.0,0.10679754853742396,332852.0,3673472.284690417,461666.94233791763,66.0
1939-05-01,55.703185851395276,42.54999923706055,0.0,0.11304444881805825,333805.0,4175941.3874949347,468732.31583043706,66.0
1939-06-01,56.80530786418846,42.54999923706055,0.0,0.11528108912128017,334758.0,4149385.1713280035,458430.76691430423,66.0
1939-07-01,57.92252418188561,42.54999923706055,0.0,0.11754836977240536,335711.0,4299653.896177421,465842.52014515246,66.0
1939-08-01,56.88133119185598,42.54999923706055,0.0,0.11543536427588415,336664.0,4149613.268397394,481409.73390833376,66.0
1939-09-01,52.96512833884253,42.54999923706055,0.0,0.10748779954743203,337617.0,3825034.6525618653,512260.7226106404,66.0
1939-10-01,52.29011795012848,42.54999923706055,0.0,0.10611793542916666,338570.0,3846642.8576589483,540051.2967914734,66.0
1939-11-01,51.702855458245836,42.54999923706055,0.0,0.104926136832923,339523.0,3737461.5292125363,530435.4634499251,66.0
1939-12-01,58.257272539033586,42.54999923706055,0.0,0.11822770778052312,340476.0,3772815.9387542554,565258.5418274219,66.0
1940-01-01,59.05441724340932,40.25,0.0,0.1226179082343621,341429.0,3966094.0182062406,565268.3212047018,66.0
1940-02-01,58.233080198433775,40.25,0.0,0.12091250558345798,342608.0,3833671.035799473,516931.1889479237,66.0
1940-03-01,59.83461643764889,40.25,0.0,0.12423786890159219,343787.0,3779948.0419669696,538243.6301285538,66.0
1940-04-01,55.7207087075248,40.25,0.0,0.11569592517699245,344966.0,3624805.113464226,519373.9845949796,66.0
1940-05-01,60.68367189869852,40.25,0.0,0.12600080805043362,346145.0,4118666.9887824077,523874.1917711117,61.0
1940-06-01,62.859658326951205,40.25,0.0,0.13051892016286404,347324.0,4094384.28938488,503012.1227927324,61.0
1940-07-01,63.43834939189907,40.25,0.0,0.13172048542501233,348503.0,4202922.066899324,526554.7603419692,61.0
1940-08-01,63.54061064767417,40.25,0.0,0.13193282750690052,349682.0,4110521.385550575,540903.3003832252,61.0
1940-09-01,57.06546159839652,40.25,0.0,0.11848810735887727,350861.0,3661994.7422862244,549353.023825985,61.0
1940-10-01,57.21147188529712,40.25,0.0,0.11879126802456694,352040.0,3642027.594104701,821110.7135484163,61.0
1940-11-01,59.48194830084169,40.25,0.0,0.1235055901223929,353219.0,3524423.671949956,827014.8672329001,61.0
1940-12-01,64.51921418504055,40.25,0.0,0.13396474501206473,354398.0,3487360.385758377,862299.5428387127,61.0
1941-01-01,69.32372168039056,39.099998474121094,0.0,0.14639901439798084,355584.0,3665711.167888367,881978.994008423,61.0
1941-02-01,65.18475539324976,39.099998474121094,0.0,0.1376582762401513,356580.0,3529840.0716173863,786807.7102808579,61.0
1941-03-01,62.52875809093731,39.099998474121094,0.0,0.1320492944954043,357576.0,3804057.8119853907,842641.6448013224,61.0
1941-04-01,61.19676191253082,39.099998474121094,0.0,0.12923636587232223,358572.0,3435397.7521896632,783351.3965972395,61.0
1941-05-01,66.86188573858074,39.099998474121094,0.0,0.14120007762221623,359568.0,3815946.0316140614,794764.8615765744,60.0
1941-06-01,69.19253152699659,39.099998474121094,0.0,0.14612199171196277,360564.0,3823187.9402372963,779863.2650332216,60.0
1941-07-01,69.72401818681547,39.099998474121094,0.0,0.14724438835082498,361560.0,3915637.4198473278,815283.398977223,60.0
1941-08-01,68.74742388934399,39.099998474121094,0.0,0.14518197006751982,362556.0,3771842.140452802,829889.4427272094,60.0
1941-09-01,61.91017614914785,39.099998474121094,0.0,0.13074295006583309,363552.0,3359168.3627489894,822314.6752832752,60.0
1941-10-01,60.56713232036659,39.099998474121094,0.0,0.12790669553343056,364548.0,3461751.9092297545,874266.0815404953,60.0
1941-11-01,58.621304181233995,39.099998474121094,0.0,0.12379746509182091,365544.0,3322736.1520128334,878783.8977321471,60.0
1941-12-01,70.76492546857096,39.099998474121094,0.0,0.1494425698109512,366540.0,3331794.8994261315,1002729.9102297693,60.0
1942-01-01,75.2032357016341,34.875,0.0,0.16183127500258787,367542.0,3692006.3457172173,1016302.5389644093,60.0
1942-02-01,73.6066642618015,34.875,0.0,0.1583955979558021,368004.0,3381890.249501392,883921.6344933129,60.0
1942-03-01,72.81384913228086,34.875,0.0,0.15668952955380966,368466.0,3484257.1187659875,956663.2685227138,60.0
1942-04-01,69.07052006929537,34.875,0.0,0.14863418296323722,368928.0,3288460.4833086533,886531.0361170718,60.0
1942-05-01,75.64836622539863,34.875,0.0,0.1627891899155468,369390.0,3598670.156803832,900542.4918610838,60.0
1942-06-01,75.23165516206483,34.875,0.0,0.1618924575524117,369852.0,3633876.1318878746,859290.3545836293,60.0
1942-07-01,76.50467955910389,34.875,0.0,0.16463189663442374,370314.0,3837606.0443088296,899658.1420464052,60.0
1942-08-01,75.16889514322664,34.875,0.0,0.16175740692133542,370776.0,3608265.5325921807,925778.4529797023,60.0
1942-09-01,70.43058041606731,34.875,0.0,0.1515609197671728,371238.0,3183546.560718848,934611.580515432,60.0
1942-10-01,72.99830172181868,34.875,0.0,0.15708644117105552,371700.0,3180589.441825941,999899.8163481225,60.0
1942-11-01,70.75651131933137,34.875,0.0,0.15226229736053984,372162.0,3001197.652330029,1012684.4959258848,60.0
1942-12-01,76.84871030348286,34.875,0.0,0.16537221989596032,372624.0,3076825.7310431753,1058063.7379136567,60.0
1943-01-01,78.19211320013831,33.75,0.0,0.17237773143075294,373087.0,3217474.8379493463,1045655.8405075587,60.0
1943-02-01,84.78771336568232,33.75,0.0,0.18691799694778033,373376.0,3138893.674292117,932449.470165762,60.0
1943-03-01,79.68304664605998,33.75,0.0,0.17566457890825438,373665.0,3076104.7430790393,1147102.313841924,60.0
1943-04-01,74.75217017835081,33.75,0.0,0.15830644130498547,373954.0,3060535.1022988823,1063731.295402239,60.0
1943-05-01,80.23115266184003,33.75,0.0,0.16990955568688806,374243.0,3341847.7441581176,1070781.314808761,60.0
1943-06-01,81.82392876309635,33.75,0.0,0.17328265862922965,374532.0,3426525.680013859,1195232.0579410333,60.0
1943-07-01,83.9686174784097,33.75,0.0,0.17782459191594369,374821.0,3680533.5631875023,1186015.1999921892,60.0
1943-08-01,81.12621860087708,33.75,0.0,0.17180509398878388,375110.0,3520582.513880564,1149896.4849341903,60.0
1943-09-01,76.13365524914823,33.75,0.0,0.16123208440553366,375399.0,3175214.4981630906,1055209.3060175749,60.0
1943-10-01,77.98123251541172,33.75,0.0,0.16514479449378183,375688.0,3093590.496028247,1067763.70852945,60.0
1943-11-01,76.72078345217926,33.75,0.0,0.16247548514859936,375977.0,2966711.684983847,1022258.0335479337,60.0
1943-12-01,76.82097011323107,33.75,0.0,0.16268765011866856,376266.0,3301787.5946417027,1073528.6386462862,60.0
1944-01-01,80.03960773762734,35.400001525878906,0.0,0.1755206188199104,376556.0,3178391.702636568,1101372.3162112462,60.0
1944-02-01,83.12402008015628,35.400001525878906,0.0,0.18228448589280402,377263.0,3074908.286153254,1086725.74038881,60.0
1944-03-01,80.37233134408815,35.400001525878906,0.0,0.17625025404513714,377970.0,3253265.5474143378,1215572.4304642905,60.0
1944-04-01,77.06110889029436,35.400001525878906,0.0,0.17036191490947344,378677.0,2892459.052094221,1226932.695811564,60.0
1944-05-01,82.6079661372119,35.400001525878906,0.0,0.18262457535291185,379384.0,3077874.2289530844,1281191.945414149,60.0
1944-06-01,78.93459230815779,35.400001525878906,0.0,0.17450370302369572,380091.0,3398516.853626386,1225783.713255046,60.0
1944-07-01,84.22147987581343,35.400001525878906,0.0,0.18619163085850107,380798.0,3462554.037526257,1235235.342525617,60.0
1944-08-01,84.13085489541422,35.400001525878906,0.0,0.18599126042376052,381505.0,3463753.909059303,1205551.7980923424,60.0
1944-09-01,75.63956550127939,35.400001525878906,0.0,0.16721928003272418,382212.0,3067914.86205938,1223578.2764671799,60.0
1944-10-01,79.31296032091643,35.400001525878906,0.0,0.17534019239814425,382919.0,2938163.4915188164,1248105.1169623677,59.0
1944-11-01,75.94728593897442,35.400001525878906,0.0,0.1678995346183689,383626.0,2752735.76669204,1408996.368373733,59.0
1944-12-01,74.00799018201664,35.400001525878906,0.0,0.16361228266135758,384333.0,2677161.986995303,1362552.8279625229,59.0
1945-01-01,83.23728443602276,34.79999923706055,0.0,0.19113218256710293,385051.0,2834979.599826226,1324809.6110897388,59.0
1945-02-01,79.9460147380861,34.79999923706055,0.0,0.18357466053791158,385642.0,2639795.0898938584,1138850.5331029086,59.0
1945-03-01,77.8645567005538,34.79999923706055,0.0,0.1787951594557636,386233.0,3019998.8150692186,1233347.2571662494,59.0
1945-04-01,75.5403044650151,34.79999923706055,0.0,0.1673030455961734,386824.0,2643616.235655312,1183785.5615018788,59.0
1945-05-01,79.7029570196043,34.79999923706055,0.0,0.1765222865871494,387415.0,3113719.104024501,1240385.8052322518,58.0
1945-06-01,79.68285988973109,34.79999923706055,0.0,0.1764777660147157,388006.0,3326473.613310718,1232957.1392965373,58.0
1945-07-01,82.47478770583663,34.79999923706055,0.0,0.18266121089998227,388597.0,3347779.084689002,1351056.1846259092,58.0
1945-08-01,77.8339041398373,34.79999923706055,0.0,0.17238279998137812,389188.0,3309057.6493324023,1414297.3415695743,58.0
1945-09-01,74.71076057682687,34.79999923706055,0.0,0.1654658178163982,389779.0,2873376.4010538054,1423919.081095519,58.0
1945-10-01,77.51663285792965,34.79999923706055,0.0,0.17168014066517545,390370.0,2691775.8921997747,1498058.44196764,57.0
1945-11-01,75.86562342535444,34.79999923706055,0.0,0.16802355978920555,390961.0,2867964.789324337,1432793.997509794,57.0
1945-12-01,76.43589345252994,34.79999923706055,0.0,0.16928656553263863,391552.0,2768479.25668327,1484470.8956877748,57.0
1946-01-01,81.17179909710215,33.63999938964844,0.0,0.1853053471613853,392154.0,3144739.952042796,1421745.5670795832,57.0
1946-02-01,81.61340585259032,33.63999938964844,0.0,0.18631349042147943,393407.0,2767030.0047676144,1206752.8552593275,57.0
1946-03-01,82.27640761984999,33.63999938964844,0.0,0.18782705480131726,394660.0,2821837.806377707,1325207.1304086512,57.0
1946-04-01,77.62557584463,33.63999938964844,0.0,0.17140852004921464,395913.0,2613198.9540609024,1569591.7209797609,57.0
1946-05-01,82.30924006744031,33.63999938964844,0.0,0.18175070420771716,397166.0,3034733.581234996,1492193.722686262,56.0
1946-06-01,81.8453247005665,33.63999938964844,0.0,0.18072630450048116,398419.0,3272321.870103265,1397012.3108676863,56.0
1946-07-01,85.59486552410476,33.63999938964844,0.0,0.18900584572216364,399672.0,3325252.107924435,1423746.232490979,53.0
1946-08-01,84.50881165429944,33.63999938964844,0.0,0.1866076939473116,400925.0,3225908.784277321,1432699.8554688012,53.0
1946-09-01,79.50793379268632,33.63999938964844,0.0,0.1755650101620362,402178.0,2798394.779332711,1382151.8991470775,52.0
1946-10-01,78.35970072174672,33.63999938964844,0.0,0.17302955077858684,403431.0,2622270.3731999574,1465877.9639516482,51.0
1946-11-01,76.10653659707327,33.63999938964844,0.0,0.16805425668544216,404684.0,2468616.497798268,1490026.5161222178,51.0
1946-12-01,75.24196623336873,33.63999938964844,0.0,0.16614515539647687,405937.0,2598106.010496115,1710560.3856348256,51.0
1947-01-01,85.37926694159772,32.47999954223633,0.0,0.19491467531647252,407193.0,2811256.67494854,1750969.3772482758,51.0
1947-02-01,83.16933696737806,32.47999954223633,0.0,0.18986959988549484,408498.0,2500667.7366066044,1435289.7515262582,51.0
1947-03-01,80.62210302877236,32.47999954223633,0.0,0.18405443498994345,409803.0,2541178.428234055,1567340.5124983545,51.0
1947-04-01,77.21774334542262,32.47999954223633,0.0,0.1762825159427643,411108.0,2246454.397026351,1992411.7546172268,51.0
1947-05-01,84.28565539883563,32.47999954223633,0.0,0.1924180518073704,412413.0,2689318.673253384,1836688.0215398138,51.0
1947-06-01,82.86941905476678,32.47999954223633,0.0,0.18918487848680435,413718.0,2944379.147398375,1689157.871750564,51.0
1947-07-01,87.53332646624403,32.47999954223633,0.0,0.19983224703716704,415023.0,3056746.9196328693,1590943.704532769,51.0
1947-08-01,84.3180024223689,32.47999954223633,0.0,0.1924919125046138,416328.0,2998763.8989890385,1525866.7959429214,51.0
1947-09-01,78.69622521448257,32.47999954223633,0.0,0.17965778982029967,417633.0,2605921.18214153,1447453.0162774806,51.0
1947-10-01,80.08509948071075,32.47999954223633,0.0,0.18282848374007196,418938.0,2428812.04071784,1545171.3620938049,51.0
1947-11-01,78.2887817286665,32.47999954223633,0.0,0.17872763453646714,420243.0,2283054.514445374,1566772.2902725085,51.0
1947-12-01,78.76191960939205,32.47999954223633,0.0,0.1798077734424498,421548.0,2396723.2534879637,1797439.1364749172,51.0
1948-01-01,93.3155678147274,36.92000198364258,0.0,0.22127927016313673,422858.0,3205134.093026381,2045346.118462832,51.0
1948-02-01,98.66740352845245,36.92000198364258,0.0,0.2339700903376362,424322.0,2944943.0792994727,1784636.6809522002,51.0
1948-03-01,90.33973529249435,36.92000198364258,0.0,0.21422268161031827,425786.0,2801003.72598514,2055997.6233521472,51.0
1948-04-01,85.15422944704505,36.92000198364258,0.0,0.189444211288931,427250.0,2343461.866597024,2781598.164431607,51.0
1948-05-01,92.86509515959358,36.92000198364258,0.0,0.20659870506098985,428714.0,2717705.8767923983,2873988.659938441,51.0
1948-06-01,90.14042951406162,36.92000198364258,0.0,0.20053707293839287,430178.0,2998132.242821586,2730707.1248128247,51.0
1948-07-01,91.9944580810023,36.92000198364258,0.0,0.20466179982341368,431642.0,2953158.7960082437,2966360.0767621454,51.0
1948-08-01,90.65943332867704,36.92000198364258,0.0,0.2016917068749095,433106.0,2893122.0342287016,2877938.729674257,50.0
1948-09-01,83.46564204270888,36.92000198364258,0.0,0.18568754162561202,434570.0,2359434.512129286,2950189.3800777253,50.0
1948-10-01,85.59137590187922,36.92000198364258,0.0,0.19041671666264878,436034.0,2129797.6287799748,3115032.334674838,50.0
1948-11-01,84.18044732490206,36.92000198364258,0.0,0.18727779991355484,437498.0,1973126.6351034562,3116569.8123751637,50.0
1948-12-01,82.7823738871474,36.92000198364258,0.0,0.18416748075288064,438962.0,2041310.5493767373,3508821.2948767412,50.0
1949-01-01,97.85192125724575,32.65999984741211,0.0,0.22619851435331337,440431.0,2315935.7631021747,3958178.757435787,50.0
1949-02-01,103.80157983841418,32.65999984741211,0.0,0.23995199016304258,442118.0,1947673.1822396615,3600919.820341136,50.0
1949-03-01,96.91322589594529,32.65999984741211,0.0,0.22402860115438106,443805.0,1900372.8848724302,3965044.5552392555,50.0
1949-04-01,93.75955755097735,32.65999984741211,0.0,0.21673845023920452,445492.0,1422527.7799771775,4780999.447855644,50.0
1949-05-01,101.64367729421552,32.65999984741211,0.0,0.2349636632640671,447179.0,1968491.8533431143,4479595.938796983,50.0
1949-06-01,99.87414813106807,32.65999984741211,0.0,0.23087315317138632,448866.0,2336246.929553302,4150501.1456456413,50.0
1949-07-01,101.3523676043662,32.65999984741211,0.0,0.23429025826230426,450553.0,1914224.477378719,5142907.65374719,50.0
1949-08-01,98.83376532648593,32.65999984741211,0.0,0.22846817248484544,452240.0,1800920.3402352838,5159315.352517331,50.0
1949-09-01,90.8979186769018,32.65999984741211,0.0,0.21012333990707974,453927.0,1412162.822674448,4933176.178791063,50.0
1949-10-01,93.36277357313428,32.65999984741211,0.0,0.21582121703310944,455614.0,1142746.3181552733,5195779.50635761,50.0
1949-11-01,91.2535930929519,32.65999984741211,0.0,0.21094552697502786,457301.0,1023219.1061673606,5176518.125632087,50.0
1949-12-01,91.5015326517251,32.65999984741211,0.0,0.21151868784706576,458988.0,1074392.2355326428,5712920.211756515,50.0
1950-01-01,114.31946783986247,34.31999969482422,0.0,0.27640412143359055,460679.0,1244826.3461519405,6350668.321294634,50.0
1950-02-01,104.96436709110314,34.31999969482422,0.0,0.2537851185775977,462849.0,1100088.8661636442,5434417.4127510255,50.0
1950-03-01,103.10463288865616,34.31999969482422,0.0,0.24928862540071134,465019.0,971070.967887407,6006313.06729457,50.0
1950-04-01,96.00746766833123,34.31999969482422,0.0,0.22460324987704305,467189.0,664937.6429407374,6908207.49977387,50.0
1950-05-01,102.24788454839472,34.31999969482422,0.0,0.2392022916970253,469359.0,1054419.1741386026,6606233.609655612,50.0
1950-06-01,102.03711125137585,34.31999969482422,0.0,0.2387091798954501,471529.0,1413591.3861816816,6180710.213191163,48.0
1950-07-01,106.1593503997264,34.31999969482422,0.0,0.2483528751545748,473699.0,1516524.2002929777,6080213.162580882,48.0
1950-08-01,101.5756010320067,34.31999969482422,0.0,0.23762951305369714,475869.0,1484803.9865896627,5927166.270395877,48.0
1950-09-01,92.90812471628884,34.31999969482422,0.0,0.21735252919526132,478039.0,1108023.8099050864,5673363.448608324,48.0
1950-10-01,96.71493623089113,34.31999969482422,0.0,0.226258293629737,480209.0,841094.6356319223,5962457.985030564,48.0
1950-11-01,92.4199546673881,34.31999969482422,0.0,0.21621047565889298,482379.0,742356.0312254246,5925700.581149294,48.0
1950-12-01,91.90709750200702,34.31999969482422,0.0,0.2150106908828767,484549.0,806666.6053371953,6503104.334065049,48.0
1951-01-01,105.30924194259192,32.7599983215332,0.0,0.2582065612777476,486726.0,1238900.0381319076,6533072.278022123,48.0
1951-02-01,111.40479213824325,32.7599983215332,0.0,0.27315217814168324,489051.0,1119100.209966162,5538073.729103242,48.0
1951-03-01,105.40971615931588,32.7599983215332,0.0,0.25845291010492916,491376.0,1017737.2460756089,6056074.428052273,48.0
1951-04-01,104.23660240459306,32.7599983215332,0.0,0.24101807084202412,493701.0,700969.2611620266,6947660.619773871,48.0
1951-05-01,108.86941126826014,32.7599983215332,0.0,0.25173016407127924,496026.0,1105226.0470782435,6646945.289655613,48.0
1951-06-01,108.26416458981721,32.7599983215332,0.0,0.2503306760673257,498351.0,1473235.6992317296,6220108.613191163,48.0
1951-07-01,115.39514201799167,32.7599983215332,0.0,0.2668190748917262,500676.0,1599843.678195305,6080213.162580882,48.0
1951-08-01,109.46731312412898,32.7599983215332,0.0,0.2531126190442652,503001.0,1566242.2243667736,5927166.270395877,48.0
1951-09-01,100.80758046538274,32.7599983215332,0.0,0.23308938704910517,505326.0,1178831.7455474176,5673363.448608324,48.0
1951-10-01,102.149171194876,32.7599983215332,0.0,0.2361914578661196,507651.0,905466.6332229436,5962457.985030564,48.0
1951-11-01,96.91676207556826,32.7599983215332,0.0,0.22409297376360152,509976.0,801111.7821429084,5925700.581149294,48.0
1951-12-01,104.73621708722021,32.7599983215332,0.0,0.2421732882918893,512301.0,865306.154525353,6503104.334065049,48.0
1952-01-01,111.78893958170191,33.29999923706055,0.0,0.26104071163971715,514633.0,1058841.0049016937,7115207.280902122,48.0
1952-02-01,114.2385395580705,33.29999923706055,0.0,0.26676079733489305,516734.0,978497.6467277671,6275679.6596469255,48.0
1952-03-01,105.07916022193953,33.29999923706055,0.0,0.2453725804082794,518835.0,821418.5891010049,6632183.030932273,48.0
1952-04-01,103.50141530101587,33.29999923706055,0.0,0.2342066439969373,520936.0,557684.68796879,7505959.413693872,48.0
1952-05-01,109.42783893634676,33.29999923706055,0.0,0.2476171547108755,523037.0,928749.8364994125,7223053.892535614,48.0
1952-06-01,111.46377386753578,33.29999923706055,0.0,0.25222414909415003,525138.0,1293259.875615046,6777633.067591164,48.0
1952-07-01,113.52535033921997,33.29999923706055,0.0,0.25688915487300973,527239.0,1402035.3148741946,6656321.765460883,48.0
1952-08-01,111.35739198813617,33.29999923706055,0.0,0.25198341602917124,529340.0,1366751.048099663,6503274.873275876,48.0
1952-09-01,103.57301245575708,33.29999923706055,0.0,0.2343686343492224,531441.0,983666.6631433174,6230887.903008325,48.0
1952-10-01,102.1378705893819,33.29999923706055,0.0,0.23112115805085398,533542.0,714040.2232325292,6537792.248390565,48.0
1952-11-01,100.87780159779928,33.29999923706055,0.0,0.22826984136001266,535643.0,622825.4101814545,6483225.035549295,48.0
1952-12-01,100.4133123754054,33.29999923706055,0.0,0.2272187519767575,537744.0,698462.1852613309,7079212.936945049,48.0
1953-01-01,109.92689145833641,33.29999923706055,0.0,0.2551336432422579,539848.0,1152050.1642138462,7087485.840902123,48.0
1953-02-01,108.26494333748788,33.29999923706055,0.0,0.2512763436028554,542378.0,1028345.3839360194,6038834.366543242,48.0
1953-03-01,111.10700109009227,33.29999923706055,0.0,0.2578725751778218,544908.0,908241.5225187406,6610487.990932273,48.0
1953-04-01,103.34289567951073,33.29999923706055,0.0,0.22148947081362558,547438.0,620426.3220735575,7484935.053693873,48.0
1953-05-01,112.41264122412576,33.29999923706055,0.0,0.24092818157542983,549968.0,1014999.4491542535,7201358.852535613,48.0
1953-06-01,116.30508730348345,33.29999923706055,0.0,0.24927067306144776,552498.0,1391907.3857400087,6756637.867591165,47.0
1953-07-01,117.23739190860641,33.29999923706055,0.0,0.25126882402479433,555028.0,1508218.634521386,6634626.725460882,47.0
1953-08-01,117.2889888809774,33.29999923706055,0.0,0.25137943110051175,557558.0,1470560.6234088803,6481579.833275877,47.0
1953-09-01,105.21430477219651,33.29999923706055,0.0,0.2255003644779177,560088.0,1074302.8361470671,6209892.703008324,47.0
1953-10-01,105.362029332069,33.29999923706055,0.0,0.22581698464631594,562618.0,795332.0174935607,6516126.368390565,47.0
1953-11-01,109.41822706176082,33.29999923706055,0.0,0.2345104210655107,565148.0,697547.5843371196,6462229.835549294,47.0
1953-12-01,105.39383544676735,33.29999923706055,0.0,0.22588515267955736,567678.0,772311.8073014283,7057517.89694505,47.0
1954-01-01,131.57800848631737,33.29999923706055,0.0,0.27500994143588886,570212.0,1209694.105347852,7087485.840902123,47.0
1954-02-01,123.55861322100859,33.29999923706055,0.0,0.2582487100192048,572566.0,1082240.3326919572,6038834.366543242,47.0
1954-03-01,118.36856106066931,33.29999923706055,0.0,0.24740098567611135,574920.0,962990.8628045885,6610487.990932273,47.0
1954-04-01,115.69602075877313,33.29999923706055,0.0,0.24181514389776243,577274.0,660214.0392787989,7484935.053693873,47.0
1954-05-01,126.24258037051351,33.29999923706055,0.0,0.263858427688911,579628.0,1069641.4731076327,7201358.852535613,47.0
1954-06-01,130.4750941609878,33.29999923706055,0.0,0.23607492019180012,581982.0,1454641.359567633,6756637.867591165,49.0
1954-07-01,131.3093782943375,33.29999923706055,0.0,0.2375844128923469,584336.0,1575258.691759139,6634626.725460882,49.0
1954-08-01,129.30592337946786,33.29999923706055,0.0,0.23395949439459715,586690.0,1536011.8673559045,6481579.833275877,49.0
1954-09-01,116.2991166619132,33.29999923706055,0.0,0.21042564136919448,589044.0,1131034.1218168286,6209892.703008324,49.0
1954-10-01,113.63377803526559,33.29999923706055,0.0,0.20560309007761918,591398.0,846392.2128144985,6516126.368390565,49.0
1954-11-01,109.84634709651505,33.29999923706055,0.0,0.1987503333525589,593752.0,744494.4966046142,6462229.835549294,48.0
1954-12-01,114.07880897021671,33.29999923706055,0.0,0.2064083310356348,596106.0,818914.7182434443,7057517.89694505,47.0
1955-01-01,136.95351153705408,31.080001831054688,0.0,0.24777622566398855,598463.0,1301102.4764028254,7062817.776902122,47.0
1955-02-01,133.69218499553097,31.080001831054688,0.0,0.2418758777189185,600801.0,1168144.6182541025,6016553.534543242,47.0
1955-03-01,131.90491744025837,31.080001831054688,0.0,0.23864232583723205,603139.0,1051171.2609142372,6585819.9269322725,47.0
1955-04-01,124.7968672839761,31.080001831054688,0.0,0.22578247295810638,605477.0,725395.6347315382,7461029.577693873,48.0
1955-05-01,136.3264829759055,31.080001831054688,0.0,0.24664186201567156,607815.0,1157104.380638195,7176690.788535614,48.0
1955-06-01,135.22494562839157,31.080001831054688,0.0,0.23363447510243013,610153.0,1553698.9850603137,6732765.547591165,47.0
1955-07-01,137.1593368310718,31.080001831054688,0.0,0.23697663697071364,612491.0,1680348.1390754331,6609958.661460883,47.0
1955-08-01,134.41955253005307,31.080001831054688,0.0,0.23224291165928151,614829.0,1638971.4159881258,6456911.769275878,47.0
1955-09-01,125.62555242341215,31.080001831054688,0.0,0.21704914745697243,617167.0,1221443.3044040655,6186020.3830083255,47.0
1955-10-01,129.87557858693634,31.080001831054688,0.0,0.22439210282129102,619505.0,929238.2123262839,6491491.460390565,47.0
1955-11-01,125.56963986488552,31.080001831054688,0.0,0.2169525758805017,621843.0,820422.9238337784,6438357.515549296,47.0
1955-12-01,123.87646522002431,31.080001831054688,0.0,0.2140271466678965,624181.0,894313.9487345212,7032849.83294505,47.0
1956-01-01,142.3889970575983,33.31999969482422,0.0,0.2466105955738267,626529.0,1384591.9727853127,7062817.776902122,47.0
1956-02-01,153.97394902250187,33.31999969482422,0.0,0.2666751752551896,628748.0,1292988.3080249077,6232307.723646927,47.0
1956-03-01,144.30661340054235,33.31999969482422,0.0,0.24993185461838308,630967.0,1130130.392798019,6585819.9269322725,47.0
1956-04-01,135.00666174710116,33.31999969482422,0.0,0.2338247860633049,633186.0,783722.574344039,7461029.577693873,47.0
1956-05-01,144.50757538499067,33.31999969482422,0.0,0.25027988240316645,635405.0,1236670.0661667555,7176690.788535614,47.0
1956-06-01,146.9769140002572,33.31999969482422,0.0,0.2551350793582114,637624.0,1643912.6973793586,6732765.547591165,46.0
1956-07-01,150.42222760114592,33.31999969482422,0.0,0.26111578827706045,639843.0,1775148.0092507096,6609958.661460883,46.0
1956-08-01,144.93972398693583,33.31999969482422,0.0,0.2515987616648841,642062.0,1731681.3423148426,6456911.769275878,46.0
1956-09-01,135.6559919119142,33.31999969482422,0.0,0.2354832608597376,644281.0,1302266.2394922972,6186020.3830083255,45.0
1956-10-01,138.57772621809744,33.31999969482422,0.0,0.24055507326362188,646500.0,1002884.153531944,6491491.460390565,44.0
1956-11-01,135.97599413228224,33.31999969482422,0.0,0.23603873749173923,648719.0,888117.5500050349,6438357.515549296,42.0
1956-12-01,135.79371470477986,33.31999969482422,0.0,0.23572232595047263,650938.0,962259.5714267986,7032849.83294505,42.0
1957-01-01,147.6137484938537,30.940000534057617,0.0,0.25897249889357216,653157.0,1469558.5830519716,7053202.320902123,42.0
1957-02-01,152.93069417491267,30.940000534057617,0.0,0.26830051241439,655973.0,1325602.595581494,6005570.366543243,42.0
1957-03-01,147.51202110994566,30.940000534057617,0.0,0.25879402397319073,658789.0,1212294.990240934,6573659.990932273,42.0
1957-04-01,141.09617898897378,30.940000534057617,0.0,0.24753813277687575,661605.0,845598.3426666334,7449245.553693873,42.0
1957-05-01,150.892433506015,30.940000534057617,0.0,0.2647245999845359,664421.0,1319357.4976002558,7164530.852535613,42.0
1957-06-01,143.84165830507,30.940000534057617,0.0,0.25920740749628657,667237.0,1736753.9326218208,6720997.867591165,42.0
1957-07-01,153.11517335195873,30.940000534057617,0.0,0.2759185758995865,670053.0,1872240.7315264745,6597798.725460882,42.0
1957-08-01,152.59309622303897,30.940000534057617,0.0,0.2749777882523521,672869.0,1826878.7362682137,6444751.833275877,42.0
1957-09-01,136.87335583518947,30.940000534057617,0.0,0.24665031066267784,675685.0,1385718.2546051356,6174252.703008324,42.0
1957-10-01,143.18926943364858,30.940000534057617,0.0,0.2580317567057517,678501.0,1080530.3569120222,6479347.868390565,42.0
1957-11-01,136.79836946311335,30.940000534057617,0.0,0.24651517767172967,681317.0,959139.380477132,6426589.835549294,42.0
1957-12-01,133.00121970070148,30.940000534057617,0.0,0.23967258433235195,684133.0,1033103.8658249127,7020689.89694505,42.0
1958-01-01,160.75059837996153,31.46000099182129,0.0,0.2991877216347543,686959.0,1556994.532877867,7050657.840902123,42.0
1958-02-01,154.23217607011094,31.46000099182129,0.0,0.2870557158965225,688737.0,1406947.4177623847,6005570.366543243,42.0
1958-03-01,150.05944385712112,31.46000099182129,0.0,0.2792894040710626,690515.0,1296584.5443886344,6573659.990932273,42.0
1958-04-01,145.42848909349075,31.46000099182129,0.0,0.2706703186932026,692293.0,910170.9858096433,7449245.553693873,42.0
1958-05-01,153.2830845115269,31.46000099182129,0.0,0.28528923137834494,694071.0,1405335.0404084914,7164530.852535613,42.0
1958-06-01,153.086048032691,31.46000099182129,0.0,0.280910245750779,695849.0,1833099.4517725094,6720997.867591165,40.0
1958-07-01,158.28678192286137,31.46000099182129,0.0,0.29045347352035117,697627.0,1972506.9441722506,6597798.725460882,40.0
1958-08-01,149.2267869653491,31.46000099182129,0.0,0.2738285353542659,699405.0,1924968.0649689413,6444751.833275877,40.0
1958-09-01,143.09270457926104,31.46000099182129,0.0,0.2625726323328938,701183.0,1471344.8942103845,6174252.703008324,40.0
1958-10-01,148.31579383493536,31.46000099182129,0.0,0.2721568637538343,702961.0,1159467.448202046,6479347.868390565,40.0
1958-11-01,145.0098236723099,31.46000099182129,0.0,0.2660905003005871,704739.0,1032608.4049813515,6426589.835549294,38.0
1958-12-01,145.95247708123088,31.46000099182129,0.0,0.2678202290439663,706517.0,1106349.2600207194,7020689.89694505,38.0
1959-01-01,157.86298207246688,31.46000099182129,0.0,0.2978881055548763,708296.0,1654993.3700631734,7050657.840902123,37.0
1959-02-01,158.68031739583114,31.46000099182129,0.0,0.29943043233834044,710745.0,1501323.8971442163,6005570.366543243,37.0
1959-03-01,159.92782118189442,31.46000099182129,0.0,0.30178447530484703,713194.0,1394954.4164376897,6573659.990932273,37.0
1959-04-01,150.84866205985387,31.46000099182129,0.0,0.2778569344187339,715643.0,985978.3372971041,7449245.553693873,37.0
1959-05-01,159.90933917589948,31.46000099182129,0.0,0.2945463371241312,718092.0,1506656.147888822,7164530.852535613,37.0
1959-06-01,158.96756525652253,31.46000099182129,0.0,0.29281161350239765,720541.0,1946073.3001468387,6720997.867591165,35.0
1959-07-01,166.20820092601556,31.46000099182129,0.0,0.30614856736185664,722990.0,2089458.415073499,6597798.725460882,35.0
1959-08-01,164.05804149280644,31.46000099182129,0.0,0.30218807430471956,725439.0,2039258.0233527601,6444751.833275877,35.0
1959-09-01,154.31121443134109,31.46000099182129,0.0,0.28423484779067393,727888.0,1571467.8646138432,6174252.703008324,35.0
1959-10-01,152.04495279234106,31.46000099182129,0.0,0.280060457048675,730337.0,1253109.483270198,6479347.868390565,34.0
1959-11-01,147.63662882137487,31.46000099182129,0.0,0.2719405221143247,732786.0,1119826.4953681037,6425034.635549295,34.0
1959-12-01,145.92372039211952,31.46000099182129,0.0,0.26878539805202073,735235.0,1193216.674145492,7019082.85694505,34.0
1960-01-01,170.929875631029,29.400001525878906,0.0,0.30166098084463455,737684.0,1752357.4772473087,7037176.560902123,34.0
1960-02-01,166.468061644252,29.400001525878906,0.0,0.2937866977828311,740215.0,1657710.3965364976,6208320.779646927,34.0
1960-03-01,161.33349043616525,29.400001525878906,0.0,0.2847250669207484,742746.0,1496105.4907397896,6560178.710932273,34.0
1960-04-01,154.48663508668588,29.400001525878906,0.0,0.27264160465640375,745277.0,1064445.3327745355,7436181.033693873,34.0
1960-05-01,168.58987784966195,29.400001525878906,0.0,0.2975313252543032,747808.0,1611375.9081933121,7151049.572535614,34.0
1960-06-01,165.72071923490583,29.400001525878906,0.0,0.29246776628416055,750339.0,2061141.6795416118,6707951.4675911665,33.0
1960-07-01,175.00933926175833,29.400001525878906,0.0,0.3088605390397249,752870.0,2208043.001549163,6584317.445460883,33.0
1960-08-01,168.5442773109911,29.400001525878906,0.0,0.2974508244778962,755401.0,2155352.20259239,6431270.553275878,33.0
1960-09-01,157.27297270731412,29.400001525878906,0.0,0.27755896909741595,757932.0,1674059.5248870593,6161206.303008325,33.0
1960-10-01,160.01436994633534,29.400001525878906,0.0,0.28239707350694276,760463.0,1350106.5438532175,6465884.708390566,33.0
1960-11-01,156.3919879284765,29.400001525878906,0.0,0.2760041921041659,762994.0,1208571.7946625499,6413543.4355492955,32.0
1960-12-01,157.30392336958298,29.400001525878906,0.0,0.27761364019768614,765525.0,1280189.0089158963,7007169.744034872,32.0
1961-01-01,177.3736884179772,29.400001525878906,0.0,0.32075017793918753,768061.0,1877986.1390861955,7003214.656646006,32.0
1961-02-01,187.62511812091688,29.400001525878906,0.0,0.33928810012326144,770397.0,1716824.1633449188,5962731.717483876,32.0
1961-03-01,171.8608861340204,29.400001525878906,0.0,0.31078116344942147,772733.0,1621881.9494069952,6526234.241227533,32.0
1961-04-01,162.06314171706003,29.400001525878906,0.0,0.2930635908223465,775069.0,1164000.8045908913,7403246.491692803,32.0
1961-05-01,176.81093268630894,29.400001525878906,0.0,0.31973252864246776,777405.0,1742023.8998791506,7117083.5061540855,32.0
1961-06-01,171.69346936995746,29.400001525878906,0.0,0.3039133867179491,779741.0,2202174.1669835863,6675088.844812617,31.0
1961-07-01,175.29605860420392,29.400001525878906,0.0,0.310290350258788,782077.0,2353972.320891736,6550372.093471228,31.0
1961-08-01,172.8218863978542,29.400001525878906,0.0,0.30591080937425913,784413.0,2298459.831196334,6397330.795239959,31.0
1961-09-01,159.17233053362636,29.400001525878906,0.0,0.28174983661412245,786749.0,1801630.2401533432,6128363.664086439,31.0
1961-10-01,163.29123486379794,29.400001525878906,0.0,0.2890406776527092,789085.0,1471259.9997860452,6431988.9871914275,31.0
1961-11-01,160.66305694124873,29.400001525878906,0.0,0.2843885688678696,791421.0,1320691.750676076,6380691.573557111,31.0
1961-12-01,158.0569230413086,29.400001525878906,0.0,0.2797754938170378,793757.0,1390696.601970132,6973247.808034873,30.0
1962-01-01,169.84198102246077,29.400001525878906,0.0,0.3021092091604357,796099.0,1993384.2230458085,7003214.656646006,30.0
1962-02-01,180.31421883922937,29.400001525878906,0.0,0.3207368787453031,798504.0,1825686.7058062907,5962731.717483876,30.0
1962-03-01,168.48334595440932,29.400001525878906,0.0,0.2996925167847909,800909.0,1735559.6053643692,6526234.241227533,30.0
1962-04-01,163.1304528023911,29.400001525878906,0.0,0.2901709587764565,803314.0,1255532.1851944076,7403246.491692803,30.0
1962-05-01,176.98770833876327,29.400001525878906,0.0,0.3148197835271857,805719.0,1862233.5747315635,7117083.5061540855,30.0
1962-06-01,174.04304212596088,29.400001525878906,0.0,0.29444477185618545,808124.0,2330993.8508973946,6675088.844812617,28.0
1962-07-01,176.75680404402556,29.400001525878906,0.0,0.29903585894735873,810529.0,2487785.1112941382,6550372.093471228,28.0
1962-08-01,172.4979557073514,29.400001525878906,0.0,0.29183077731850526,812934.0,2429560.464936671,6397330.795239959,28.0
1962-09-01,158.76934126479907,29.400001525878906,0.0,0.2686048402776142,815339.0,1917575.741979566,6128363.664086439,28.0
1962-10-01,163.1993210894852,29.400001525878906,0.0,0.2760994465302391,817744.0,1580768.7115729435,6431988.9871914275,28.0
1962-11-01,159.6335791575677,29.400001525878906,0.0,0.270066962371612,820149.0,1422372.7204710096,6380691.573557111,28.0
1962-12-01,160.18807731772017,29.400001525878906,0.0,0.27100503261009884,822554.0,1491872.9440509425,6973247.808034873,28.0
1963-01-01,208.33847873493275,29.400001525878906,0.0,0.36072835534420905,824968.0,2102839.874475223,7003214.656646006,28.0
1963-02-01,191.7343504173867,29.400001525878906,0.0,0.3319790377052207,826931.0,1928331.1311652842,5962731.717483876,28.0
1963-03-01,188.77213944123133,29.400001525878906,0.0,0.32685010801710707,828894.0,1842967.2934283125,6526234.241227533,28.0
1963-04-01,176.18111480074188,29.400001525878906,0.0,0.3050493346695188,830857.0,1345077.4721148217,7403246.491692803,28.0
1963-05-01,188.0599574337792,29.400001525878906,0.0,0.3256170067109477,832820.0,1976724.2116718425,7117083.5061540855,28.0
1963-06-01,188.09659965523974,29.400001525878906,0.0,0.32568042197047764,834783.0,2451484.642583955,6675088.844812617,26.0
1963-07-01,196.13499422166345,29.400001525878906,0.0,0.33959856637138325,836746.0,2613205.706807916,6550372.093471228,26.0
1963-08-01,188.0847156165011,29.400001525878906,0.0,0.3256598042817267,838709.0,2553131.794884029,6397330.795239959,26.0
1963-09-01,172.4163451976514,29.400001525878906,0.0,0.2985308326145084,840672.0,2027188.798890926,6128363.664086439,26.0
1963-10-01,179.87564678063455,29.400001525878906,0.0,0.3114462391092602,842635.0,1685303.2800939006,6431988.9871914275,26.0
1963-11-01,172.26303593543912,29.400001525878906,0.0,0.29826536396711273,844598.0,1519308.3068099602,6380691.573557111,26.0
1963-12-01,171.67874642228972,29.400001525878906,0.0,0.29725371138684503,846561.0,1588367.4829211724,6973247.808034873,26.0
