ConsumerUnit,Time (month),Consumption (KWh),Tariff (c/KWh),GHG Emissions (tCO2-e),Number of Domestic Consumers (households)
1,1926-01-01,6327000.0,79.20000457763672,8323.262912392616,120574.0
1,1926-02-01,6201000.0,79.20000457763672,8157.508032202721,123176.0
1,1926-03-01,6141000.0,79.20000457763672,8078.577136874199,125778.0
1,1926-04-01,5832000.0,79.20000457763672,7672.083025932312,128380.0
1,1926-05-01,6396000.0,79.20000457763672,8414.033442020416,130982.0
1,1926-06-01,6369000.0,79.20000457763672,8378.514539122581,133584.0
1,1926-07-01,6486000.0,79.20000457763672,8532.429785013199,136186.0
1,1926-08-01,6381000.0,79.20000457763672,8394.300718188286,138788.0
1,1926-09-01,5985000.0,79.20000457763672,7873.356809020042,141390.0
1,1926-10-01,6210000.0,79.20000457763672,8169.347666501999,143992.0
1,1926-11-01,6027000.0,79.20000457763672,7928.608435750008,146594.0
1,1926-12-01,5970000.0,79.20000457763672,7853.624085187912,149196.0
1,1927-01-01,7899000.0,81.60000610351562,10391.252369999886,151798.0
1,1927-02-01,8574000.0,81.60000610351562,11279.224942445755,152359.0
1,1927-03-01,8064000.0,81.60000610351562,10608.31233215332,152920.0
1,1927-04-01,7568999.999999999,81.60000610351562,9957.132445693014,153481.0
1,1927-05-01,8130000.0,81.60000610351562,10695.136317014694,154042.0
1,1927-06-01,8297999.999999999,81.60000610351562,10916.142823934553,154603.0
1,1927-07-01,8523000.0,81.60000610351562,11212.133681416512,155164.0
1,1927-08-01,8241000.0,81.60000610351562,10841.15847337246,155725.0
1,1927-09-01,7740000.0,81.60000610351562,10182.085497379303,156286.0
1,1927-10-01,7935000.0,81.60000610351562,10438.610907196999,156847.0
1,1927-11-01,7812000.0,81.60000610351562,10276.802571773529,157408.0
1,1927-12-01,7827000.0,81.60000610351562,10296.53529560566,157969.0
1,1928-01-01,8985000.0,61.19999694824219,11582.507189512253,158539.0
1,1928-02-01,9348000.0,61.19999694824219,12052.432904720306,161376.0
1,1928-03-01,9054000.0,61.19999694824219,11675.941394090652,164213.0
1,1928-04-01,8697000.0,61.19999694824219,11210.572224855423,167050.0
1,1928-05-01,9342000.0,61.19999694824219,12043.749349594116,169887.0
1,1928-06-01,8943000.0,61.19999694824219,11528.059285283089,172724.0
1,1928-07-01,9561000.0,61.19999694824219,12326.398590445518,175561.0
1,1928-08-01,9567000.0,61.19999694824219,12336.461724758148,178398.0
1,1928-09-01,8619000.0,61.19999694824219,11112.890465855598,181235.0
1,1928-10-01,9054000.0,61.19999694824219,11669.610097646713,184072.0
1,1928-11-01,8685000.0,61.19999694824219,11196.077245473862,186909.0
1,1928-12-01,8478000.0,61.19999694824219,10930.102964401245,189746.0
1,1929-01-01,9264000.0,59.39999771118164,11941.476327896118,192592.0
1,1929-02-01,9081000.0,59.39999771118164,11708.770597100258,193218.0
1,1929-03-01,8994000.0,59.39999771118164,11595.577903747559,193844.0
1,1929-04-01,8541000.0,59.39999771118164,11009.4857275486,194470.0
1,1929-05-01,9366000.0,59.39999771118164,12073.530201673508,195096.0
1,1929-06-01,9327000.0,59.39999771118164,12026.036827325821,195722.0
1,1929-07-01,9498000.0,59.39999771118164,12244.865266799927,196348.0
1,1929-08-01,9342000.0,59.39999771118164,12042.573331832886,196974.0
1,1929-09-01,8763000.0,59.39999771118164,11296.629234552383,197600.0
1,1929-10-01,9096000.0,59.39999771118164,11728.017897605896,198226.0
1,1929-11-01,8826000.0,59.39999771118164,11379.731843948364,198852.0
1,1929-12-01,8742000.0,59.39999771118164,11270.838320016861,199478.0
1,1930-01-01,9768000.0,63.0,12594.834566116333,200107.0
1,1930-02-01,1.0599E7,63.0,13661.583221197128,202385.0
1,1930-03-01,9968999.999999998,63.0,12851.768083691595,204663.0
1,1930-04-01,9360000.0,63.0,12065.250091552734,206941.0
1,1930-05-01,1.0052999999999998E7,63.0,12960.917896986006,209219.0
1,1930-06-01,1.026E7,63.0,13228.314263820648,211497.0
1,1930-07-01,1.0539E7,63.0,13584.520092487335,213775.0
1,1930-08-01,1.0188E7,63.0,13135.028549194336,216053.0
1,1930-09-01,9570000.0,63.0,12336.859753131866,218331.0
1,1930-10-01,9810000.0,63.0,12644.876328706741,220609.0
1,1930-11-01,9656999.999999998,63.0,12449.848797798155,222887.0
1,1930-12-01,9677999.999999998,63.0,12476.149110317228,225165.0
1,1931-01-01,9522000.0,68.4000015258789,12276.852749347687,227444.0
1,1931-02-01,9909000.0,68.4000015258789,12772.840727090836,227601.0
1,1931-03-01,9597000.0,68.4000015258789,12372.73677277565,227758.0
1,1931-04-01,9219000.0,68.4000015258789,11884.039728999138,227915.0
1,1931-05-01,9902999.999999998,68.4000015258789,12766.380433917044,228072.0
1,1931-06-01,9480000.0,68.4000015258789,12221.262917518616,228229.0
1,1931-07-01,1.0134E7,68.4000015258789,13063.680720806122,228386.0
1,1931-08-01,1.014E7,68.4000015258789,13071.291990280151,228543.0
1,1931-09-01,9135000.0,68.4000015258789,11776.27308189869,228700.0
1,1931-10-01,9597000.0,68.4000015258789,12371.575560450554,228857.0
1,1931-11-01,9207000.0,68.4000015258789,11870.686849951744,229014.0
1,1931-12-01,8988000.0,68.4000015258789,11588.83559846878,229171.0
1,1932-01-01,1.0722E7,53.29999923706055,13823.244089841843,229337.0
1,1932-02-01,1.0314E7,53.29999923706055,13294.31110239029,231010.0
1,1932-03-01,1.0059E7,53.29999923706055,12966.622129440308,232683.0
1,1932-04-01,9774000.0,53.29999923706055,12602.77368736267,234356.0
1,1932-05-01,1.0329E7,53.29999923706055,13315.310204744339,236029.0
1,1932-06-01,1.0341E7,53.29999923706055,13332.528895497322,237702.0
1,1932-07-01,1.0722E7,53.29999923706055,13823.254315137863,239375.0
1,1932-08-01,1.0134E7,53.29999923706055,13064.799390792847,241048.0
1,1932-09-01,9741000.0,53.29999923706055,12558.518218517303,242721.0
1,1932-10-01,1.0122E7,53.29999923706055,13046.676748752594,244394.0
1,1932-11-01,9921000.0,53.29999923706055,12787.257497906685,246067.0
1,1932-12-01,1.0010999999999998E7,53.29999923706055,12907.076929092405,247740.0
1,1933-01-01,1.0965E7,54.599998474121094,14137.15320110321,249418.0
1,1933-02-01,1.1061E7,54.599998474121094,14259.812938213348,249911.0
1,1933-03-01,1.1184E7,54.599998474121094,14419.714794158936,250404.0
1,1933-04-01,1.0587E7,54.599998474121094,13646.992956519127,250897.0
1,1933-05-01,1.1262E7,54.599998474121094,14520.460031747818,251390.0
1,1933-06-01,1.1232E7,54.599998474121094,14481.72114944458,251883.0
1,1933-07-01,1.1784E7,54.599998474121094,15192.613500595093,252376.0
1,1933-08-01,1.167E7,54.599998474121094,15044.715768098831,252869.0
1,1933-09-01,1.1016E7,54.599998474121094,14200.007835388184,253362.0
1,1933-10-01,1.089E7,54.599998474121094,14035.926464796066,253855.0
1,1933-11-01,1.0608E7,54.599998474121094,13674.730344772339,254348.0
1,1933-12-01,1.0521E7,54.599998474121094,13565.176443099976,254841.0
1,1934-01-01,1.2273E7,53.29999923706055,15823.105902314186,255336.0
1,1934-02-01,1.1991E7,53.29999923706055,15460.577660679817,258028.0
1,1934-03-01,1.1661E7,53.29999923706055,15032.949127793312,260720.0
1,1934-04-01,1.1205E7,53.29999923706055,14443.919933438301,263412.0
1,1934-05-01,1.227E7,53.29999923706055,15820.241528749466,266104.0
1,1934-06-01,1.2102E7,53.29999923706055,15600.771048545837,268796.0
1,1934-07-01,1.2822E7,53.29999923706055,16529.00134563446,271488.0
1,1934-08-01,1.239E7,53.29999923706055,15971.797499656677,274180.0
1,1934-09-01,1.1601E7,53.29999923706055,14954.942348241806,276872.0
1,1934-10-01,1.1844E7,53.29999923706055,15267.022300243378,279564.0
1,1934-11-01,1.1613E7,53.29999923706055,14971.905387997627,282256.0
1,1934-12-01,1.1721E7,53.29999923706055,15109.850489616394,284948.0
1,1935-01-01,1.3422E7,53.29999923706055,17305.462537050247,287644.0
1,1935-02-01,1.4241E7,53.29999923706055,18361.041334033012,288519.0
1,1935-03-01,1.3083E7,53.29999923706055,16866.66374874115,289394.0
1,1935-04-01,1.2375E7,53.29999923706055,15954.876109957695,290269.0
1,1935-05-01,1.3542E7,53.29999923706055,17457.582120895386,291144.0
1,1935-06-01,1.3188E7,53.29999923706055,17002.832018852234,292019.0
1,1935-07-01,1.3506E7,53.29999923706055,17411.841119527817,292894.0
1,1935-08-01,1.3356E7,53.29999923706055,17219.00190639496,293769.0
1,1935-09-01,1.2336E7,53.29999923706055,15903.551445007324,294644.0
1,1935-10-01,1.2693E7,53.29999923706055,16361.9099214077,295519.0
1,1935-11-01,1.2525E7,53.29999923706055,16145.328640937805,296394.0
1,1935-12-01,1.2359999999999998E7,53.29999923706055,15932.335109710692,297269.0
1,1936-01-01,1.4411999999999998E7,40.0,18577.420693874355,298145.0
1,1936-02-01,1.5345E7,40.0,19782.145768404007,298917.0
1,1936-03-01,1.4382E7,40.0,18540.800463438034,299689.0
1,1936-04-01,1.3968E7,40.0,18008.001119613647,300461.0
1,1936-05-01,1.5198E7,40.0,19594.05798125267,301233.0
1,1936-06-01,1.4991E7,40.0,19327.382885813713,302005.0
1,1936-07-01,1.527E7,40.0,19688.815519809723,302777.0
1,1936-08-01,1.4946E7,40.0,19269.20913720131,303549.0
1,1936-09-01,1.3797E7,40.0,17787.006160855293,304321.0
1,1936-10-01,1.4223E7,40.0,18336.282387256622,305093.0
1,1936-11-01,1.3953000000000002E7,40.0,17989.10341215134,305865.0
1,1936-12-01,1.4043E7,40.0,18104.377168893814,306637.0
1,1937-01-01,1.746E7,38.0,22510.84436416626,307410.0
1,1937-02-01,1.6107E7,38.0,20764.196956157684,308403.0
1,1937-03-01,1.5897E7,38.0,20495.556200623512,309396.0
1,1937-04-01,1.4871E7,38.0,19171.171239495277,310389.0
1,1937-05-01,1.5912E7,38.0,20512.784076690674,311382.0
1,1937-06-01,1.5951E7,38.0,20564.7167211771,312375.0
1,1937-07-01,1.6671E7,38.0,21492.409337997437,313368.0
1,1937-08-01,1.6026E7,38.0,20657.760998010635,314361.0
1,1937-09-01,1.4723999999999998E7,38.0,18983.512264251705,315354.0
1,1937-10-01,1.5399000000000002E7,38.0,19852.536860346798,316347.0
1,1937-11-01,1.4781E7,38.0,19055.956933379173,317340.0
1,1937-12-01,1.4765999999999998E7,38.0,19038.273267030712,318333.0
1,1938-01-01,1.6536E7,38.0,21317.51449584961,319328.0
1,1938-02-01,1.7577E7,38.0,22660.42673742771,320216.0
1,1938-03-01,1.6709999999999998E7,38.0,21540.722411870953,321104.0
1,1938-04-01,1.6602E7,38.0,21404.215850114822,321992.0
1,1938-05-01,1.7421E7,38.0,22460.120062708855,322880.0
1,1938-06-01,1.7406E7,38.0,22437.75594305992,323768.0
1,1938-07-01,1.8639E7,38.0,24030.333274126053,324656.0
1,1938-08-01,1.7763E7,38.0,22901.286840319633,325544.0
1,1938-09-01,1.6434E7,38.0,21187.158622026443,326432.0
1,1938-10-01,1.6728E7,38.0,21564.047704696655,327320.0
1,1938-11-01,1.5945E7,38.0,20554.903696775436,328208.0
1,1938-12-01,1.731E7,38.0,22313.898861408234,329096.0
1,1939-01-01,1.869E7,33.29999923706055,24095.53248167038,329993.0
1,1939-02-01,1.9179E7,33.29999923706055,24724.891345739365,330946.0
1,1939-03-01,1.7712E7,33.29999923706055,22833.450130462646,331899.0
1,1939-04-01,1.7517E7,33.29999923706055,22582.623148083687,332852.0
1,1939-05-01,1.8594E7,33.29999923706055,23970.51715707779,333805.0
1,1939-06-01,1.9017E7,33.29999923706055,24517.24816274643,334758.0
1,1939-07-01,1.9445999999999996E7,33.29999923706055,25070.18787002563,335711.0
1,1939-08-01,1.9149E7,33.29999923706055,24688.32793557644,336664.0
1,1939-09-01,1.7883E7,33.29999923706055,23057.28248655796,337617.0
1,1939-10-01,1.7703E7,33.29999923706055,22823.685892939568,338570.0
1,1939-11-01,1.7553E7,33.29999923706055,22629.703339219093,339523.0
1,1939-12-01,1.9836E7,33.29999923706055,25571.428055763245,340476.0
1,1940-01-01,2.0163E7,31.5,25462.222943902016,341429.0
1,1940-02-01,1.995E7,31.5,25192.759680747986,342608.0
1,1940-03-01,2.0571E7,31.5,25980.793136000633,343787.0
1,1940-04-01,1.9220999999999996E7,31.5,24274.237462162968,344966.0
1,1940-05-01,2.1006E7,31.5,26531.09408712387,346145.0
1,1940-06-01,2.1834E7,31.5,27575.215230703354,347324.0
1,1940-07-01,2.2107E7,31.5,27917.894489765167,348503.0
1,1940-08-01,2.2218E7,31.5,28058.83663201332,349682.0
1,1940-09-01,2.0021999999999996E7,31.5,25287.757587432858,350861.0
1,1940-10-01,2.0142E7,31.5,25435.60529565811,352040.0
1,1940-11-01,2.1009E7,31.5,26534.344700217247,353219.0
1,1940-12-01,2.2866E7,31.5,28876.607191085815,354398.0
1,1941-01-01,2.4651000000000004E7,30.599998474121094,31132.350191831592,355584.0
1,1941-02-01,2.3244E7,30.599998474121094,29355.16890478134,356580.0
1,1941-03-01,2.2359E7,30.599998474121094,28239.84905076027,357576.0
1,1941-04-01,2.1942E7,30.599998474121094,27710.878648281097,358572.0
1,1941-05-01,2.4041999999999996E7,30.599998474121094,30362.65314030647,359568.0
1,1941-06-01,2.4948000000000004E7,30.599998474121094,31505.79113388062,360564.0
1,1941-07-01,2.5209000000000004E7,30.599998474121094,31835.703698873524,361560.0
1,1941-08-01,2.4924000000000004E7,30.599998474121094,31475.934150695804,362556.0
1,1941-09-01,2.2509E7,30.599998474121094,28428.14008820057,363552.0
1,1941-10-01,2.208E7,30.599998474121094,27886.39274597168,364548.0
1,1941-11-01,2.1429E7,30.599998474121094,27063.984248399734,365544.0
1,1941-12-01,2.5938000000000004E7,30.599998474121094,32755.136614322666,366540.0
1,1942-01-01,2.7639E7,27.899999618530273,34906.22868812084,367542.0
1,1942-02-01,2.7087E7,27.899999618530273,34207.71363937855,368004.0
1,1942-03-01,2.6829E7,27.899999618530273,33881.88341152668,368466.0
1,1942-04-01,2.5481999999999996E7,27.899999618530273,32179.50441098213,368928.0
1,1942-05-01,2.7945E7,27.899999618530273,35290.37452161312,369390.0
1,1942-06-01,2.7825E7,27.899999618530273,35138.580295443535,369852.0
1,1942-07-01,2.8332E7,27.899999618530273,35780.90483379364,370314.0
1,1942-08-01,2.7870000000000004E7,27.899999618530273,35195.9763121605,370776.0
1,1942-09-01,2.6148E7,27.899999618530273,33023.36887407303,371238.0
1,1942-10-01,2.7132000000000004E7,27.899999618530273,34262.51218271256,371700.0
1,1942-11-01,2.6334E7,27.899999618530273,33254.210473537445,372162.0
1,1942-12-01,2.8635E7,27.899999618530273,36162.349407076836,372624.0
1,1943-01-01,2.9172E7,27.0,36837.77500247955,373087.0
1,1943-02-01,3.1659E7,27.0,39984.13608562946,373376.0
1,1943-03-01,2.9775E7,27.0,37602.524346113205,373665.0
1,1943-04-01,2.7954E7,27.0,35302.17005825043,373954.0
1,1943-05-01,3.0027E7,27.0,37921.083827376366,374243.0
1,1943-06-01,3.0645E7,27.0,38702.739356160164,374532.0
1,1943-07-01,3.1473E7,27.0,39745.58570587635,374821.0
1,1943-08-01,3.0432000000000004E7,27.0,38431.64393234254,375110.0
1,1943-09-01,2.8581E7,27.0,36096.31100821495,375399.0
1,1943-10-01,2.9298E7,27.0,37003.57690572739,375688.0
1,1943-11-01,2.8845000000000004E7,27.0,36426.91645860673,375977.0
1,1943-12-01,2.8905000000000004E7,27.0,36504.117459654815,376266.0
1,1944-01-01,3.0138E7,27.0,38062.34708547592,376556.0
1,1944-02-01,3.1359E7,27.0,39603.568786382675,377263.0
1,1944-03-01,3.0378000000000004E7,27.0,38364.81784701348,377970.0
1,1944-04-01,2.9181E7,27.0,36853.60659098625,378677.0
1,1944-05-01,3.1341000000000004E7,27.0,39582.513947367675,379384.0
1,1944-06-01,3.0003E7,27.0,37889.71197795868,380091.0
1,1944-07-01,3.207E7,27.0,40500.40764212608,380798.0
1,1944-08-01,3.2097000000000004E7,27.0,40534.0422949791,381505.0
1,1944-09-01,2.8910999999999996E7,27.0,36511.84650242328,382212.0
1,1944-10-01,3.0369000000000004E7,27.0,38353.32128655911,382919.0
1,1944-11-01,2.9135999999999996E7,27.0,36794.21138763427,383626.0
1,1944-12-01,2.8443E7,27.0,35923.22789990902,384333.0
1,1945-01-01,3.2052E7,27.0,40478.940605163574,385051.0
1,1945-02-01,3.0831E7,27.0,38937.98398196697,385642.0
1,1945-03-01,3.0075E7,27.0,37982.0220887661,386233.0
1,1945-04-01,2.9219999999999996E7,27.0,36900.97297668456,386824.0
1,1945-05-01,3.0879E7,27.0,38997.84355902672,387415.0
1,1945-06-01,3.0917999999999996E7,27.0,39043.86892747878,388006.0
1,1945-07-01,3.2049000000000004E7,27.0,40471.583478212364,388597.0
1,1945-08-01,3.0290999999999996E7,27.0,38253.87904644012,389188.0
1,1945-09-01,2.9121000000000004E7,27.0,36776.12966394425,389779.0
1,1945-10-01,3.0260999999999996E7,27.0,38216.44358932971,390370.0
1,1945-11-01,2.9660999999999996E7,27.0,37457.00980961322,390961.0
1,1945-12-01,2.9928E7,27.0,37796.998646736145,391552.0
1,1946-01-01,3.1833E7,26.099998474121094,40203.257865428925,392154.0
1,1946-02-01,3.2106E7,26.099998474121094,40548.40101671219,393407.0
1,1946-03-01,3.2472E7,26.099998474121094,41011.21895313263,394660.0
1,1946-04-01,3.0732000000000004E7,26.099998474121094,38810.94440031052,395913.0
1,1946-05-01,3.2690999999999996E7,26.099998474121094,41284.33747816085,397166.0
1,1946-06-01,3.261E7,26.099998474121094,41182.8345143795,398419.0
1,1946-07-01,3.4209E7,26.099998474121094,43202.8069177866,399672.0
1,1946-08-01,3.3882E7,26.099998474121094,42788.32552027702,400925.0
1,1946-09-01,3.1977000000000004E7,26.099998474121094,40386.50536715985,402178.0
1,1946-10-01,3.1614E7,26.099998474121094,39927.03141903877,403431.0
1,1946-11-01,3.0798E7,26.099998474121094,38894.93355488777,404684.0
1,1946-12-01,3.0543000000000004E7,26.099998474121094,38573.99248588086,405937.0
1,1947-01-01,3.4767E7,25.19999885559082,43907.9942843914,407193.0
1,1947-02-01,3.3975E7,25.19999885559082,42906.83291852474,408498.0
1,1947-03-01,3.3039E7,25.19999885559082,41725.2246901989,409803.0
1,1947-04-01,3.1746E7,25.19999885559082,40093.72244024277,411108.0
1,1947-05-01,3.4761E7,25.19999885559082,43899.62113881111,412413.0
1,1947-06-01,3.4284E7,25.19999885559082,43298.71429824829,413718.0
1,1947-07-01,3.6327E7,25.19999885559082,45876.70121347904,415023.0
1,1947-08-01,3.5103E7,25.19999885559082,44331.68731892109,416328.0
1,1947-09-01,3.2864999999999996E7,25.19999885559082,41505.78816711902,417633.0
1,1947-10-01,3.3552E7,25.19999885559082,42372.16467475891,418938.0
1,1947-11-01,3.2901E7,25.19999885559082,41551.900349378586,420243.0
1,1947-12-01,3.3201E7,25.19999885559082,41929.97809445858,421548.0
1,1948-01-01,3.9459E7,28.600000381469727,49833.61759507656,422858.0
1,1948-02-01,4.1868E7,28.600000381469727,52872.69628715515,424322.0
1,1948-03-01,3.8466E7,28.600000381469727,48578.33060503006,425786.0
1,1948-04-01,3.6381E7,28.600000381469727,45942.520171523094,427250.0
1,1948-05-01,3.9813E7,28.600000381469727,50276.5627001524,428714.0
1,1948-06-01,3.8775E7,28.600000381469727,48965.739396214485,430178.0
1,1948-07-01,3.9708E7,28.600000381469727,50143.715958595276,431642.0
1,1948-08-01,3.9264E7,28.600000381469727,49586.879848480225,433106.0
1,1948-09-01,3.6273E7,28.600000381469727,45808.505605101585,434570.0
1,1948-10-01,3.732E7,28.600000381469727,47128.3135843277,436034.0
1,1948-11-01,3.6828E7,28.600000381469727,46508.16247558594,437498.0
1,1948-12-01,3.6339E7,28.600000381469727,45892.16336131096,438962.0
1,1949-01-01,4.3098E7,25.30000114440918,54427.472405433655,440431.0
1,1949-02-01,4.5894E7,25.30000114440918,57960.76880764961,442118.0
1,1949-03-01,4.3011E7,25.30000114440918,54318.63782429695,443805.0
1,1949-04-01,4.1769E7,25.30000114440918,52752.18108808994,445492.0
1,1949-05-01,4.5453E7,25.30000114440918,57402.799365878105,447179.0
1,1949-06-01,4.4829E7,25.30000114440918,56612.76430606842,448866.0
1,1949-07-01,4.5666E7,25.30000114440918,57669.674943208694,450553.0
1,1949-08-01,4.4697E7,25.30000114440918,56448.6403144598,452240.0
1,1949-09-01,4.1262E7,25.30000114440918,52108.00389575958,453927.0
1,1949-10-01,4.2537E7,25.30000114440918,53720.80362224579,455614.0
1,1949-11-01,4.173E7,25.30000114440918,52703.07028055191,457301.0
1,1949-12-01,4.1997E7,25.30000114440918,53039.63316786289,458988.0
1,1950-01-01,5.2665E7,28.599998474121094,66508.76989424229,460679.0
1,1950-02-01,4.8582E7,28.599998474121094,61355.67278051376,462849.0
1,1950-03-01,4.7946E7,28.599998474121094,60552.11198115349,465019.0
1,1950-04-01,4.4853E7,28.599998474121094,56644.596818089485,467189.0
1,1950-05-01,4.7991E7,28.599998474121094,60608.17119026184,469359.0
1,1950-06-01,4.8114E7,28.599998474121094,60763.640674352646,471529.0
1,1950-07-01,5.0289E7,28.599998474121094,63509.54620707035,473699.0
1,1950-08-01,4.8336E7,28.599998474121094,61045.37802314758,475869.0
1,1950-09-01,4.4415E7,28.599998474121094,56090.08309900761,478039.0
1,1950-10-01,4.6443E7,28.599998474121094,58653.38488590717,480209.0
1,1950-11-01,4.458E7,28.599998474121094,56301.39972925186,482379.0
1,1950-12-01,4.4532E7,28.599998474121094,56236.606528759,484549.0
1,1951-01-01,5.1258E7,27.0,63382.828013420105,486726.0
1,1951-02-01,5.4483E7,27.0,67372.58242034912,489051.0
1,1951-03-01,5.1795E7,27.0,64046.25380337238,491376.0
1,1951-04-01,5.1462E7,27.0,63634.50040984154,493701.0
1,1951-05-01,5.4003E7,27.0,66779.4038926363,496026.0
1,1951-06-01,5.3955E7,27.0,66719.96410489082,498351.0
1,1951-07-01,5.7777E7,27.0,71443.29376137257,500676.0
1,1951-08-01,5.5062E7,27.0,68088.86411905289,503001.0
1,1951-09-01,5.094E7,27.0,62992.70973443985,505326.0
1,1951-10-01,5.1855E7,27.0,64124.14859175682,507651.0
1,1951-11-01,4.9425E7,27.0,61118.00844669342,509976.0
1,1951-12-01,5.3655E7,27.0,66349.82639014721,512301.0
1,1952-01-01,5.7531E7,28.5,71143.67368519306,514633.0
1,1952-02-01,5.9031E7,28.5,72996.79407942295,516734.0
1,1952-03-01,5.4519E7,28.5,67415.46800458431,518835.0
1,1952-04-01,5.3919E7,28.5,66675.60772240162,520936.0
1,1952-05-01,5.7234E7,28.5,70771.75281000137,523037.0
1,1952-06-01,5.8533E7,28.5,72382.30097258091,525138.0
1,1952-07-01,5.9856E7,28.5,74016.23385429382,527239.0
1,1952-08-01,5.8947E7,28.5,72892.62588250637,529340.0
1,1952-09-01,5.5044E7,28.5,68065.26042222977,531441.0
1,1952-10-01,5.4495E7,28.5,67385.26460409164,533542.0
1,1952-11-01,5.4033E7,28.5,66816.6496489048,535643.0
1,1952-12-01,5.3997E7,28.5,66772.29978132248,537744.0
1,1953-01-01,5.9343E7,28.5,73382.90542638302,539848.0
1,1953-02-01,5.8722E7,28.5,72614.54259824753,542378.0
1,1953-03-01,6.0543E7,28.5,74865.02242791653,544908.0
1,1953-04-01,5.6574E7,28.5,69959.76143717766,547438.0
1,1953-05-01,6.182400000000001E7,28.5,76451.61991882326,549968.0
1,1953-06-01,6.4257E7,28.5,79459.0292147398,552498.0
1,1953-07-01,6.506999999999999E7,28.5,80462.08182334898,555028.0
1,1953-08-01,6.5394E7,28.5,80868.20318198204,557558.0
1,1953-09-01,5.8929E7,28.5,72871.89185929298,560088.0
1,1953-10-01,5.928E7,28.5,73302.5834941864,562618.0
1,1953-11-01,6.183599999999999E7,28.5,76464.26244592665,565148.0
1,1953-12-01,5.9829E7,28.5,73983.588165164,567678.0
1,1954-01-01,7.502699999999999E7,28.5,92774.97472965716,570212.0
1,1954-02-01,7.0746E7,28.5,87482.65957403183,572566.0
1,1954-03-01,6.8052E7,28.5,84150.53437614441,574920.0
1,1954-04-01,6.678900000000001E7,28.5,82590.05403649808,577274.0
1,1954-05-01,7.3173E7,28.5,90488.07256615162,579628.0
1,1954-06-01,7.5933E7,28.5,93899.46604442596,581982.0
1,1954-07-01,7.6728E7,28.5,94882.89984512329,584336.0
1,1954-08-01,7.5861E7,28.5,93806.88517570496,586690.0
1,1954-09-01,6.8505E7,28.5,84712.85301446915,589044.0
1,1954-10-01,6.7203E7,28.5,83101.8546513319,591398.0
1,1954-11-01,6.522E7,28.5,80647.06621170044,593752.0
1,1954-12-01,6.8004E7,28.5,84092.29000711441,596106.0
1,1955-01-01,8.1963E7,26.600000381469727,101353.98357975483,598463.0
1,1955-02-01,8.0322E7,26.600000381469727,99325.125685215,600801.0
1,1955-03-01,7.9557E7,26.600000381469727,98377.3537967205,603139.0
1,1955-04-01,7.5561E7,26.600000381469727,93437.1503945589,605477.0
1,1955-05-01,8.286E7,26.600000381469727,102462.47670650482,607815.0
1,1955-06-01,8.250899999999999E7,26.600000381469727,102031.11477112769,610153.0
1,1955-07-01,8.400899999999999E7,26.600000381469727,103883.80034208296,612491.0
1,1955-08-01,8.2644E7,26.600000381469727,102195.85958433151,614829.0
1,1955-09-01,7.7532E7,26.600000381469727,95872.79330921173,617167.0
1,1955-10-01,8.046E7,26.600000381469727,99497.57788181305,619505.0
1,1955-11-01,7.808399999999999E7,26.600000381469727,96557.05798101424,621843.0
1,1955-12-01,7.7322E7,26.600000381469727,95615.61413025856,624181.0
1,1956-01-01,8.9211E7,28.0,109142.49184942245,626529.0
1,1956-02-01,9.681E7,28.0,118438.53083252907,628748.0
1,1956-03-01,9.1053E7,28.0,111395.37961292267,630967.0
1,1956-04-01,8.5485E7,28.0,104585.91543495655,633186.0
1,1956-05-01,9.1821E7,28.0,112334.71961331367,635405.0
1,1956-06-01,9.3717E7,28.0,114656.91900014877,637624.0
1,1956-07-01,9.6246E7,28.0,117751.57830548286,639843.0
1,1956-08-01,9.305999999999999E7,28.0,113852.88740873335,642062.0
1,1956-09-01,8.7402E7,28.0,106929.2319009304,644281.0
1,1956-10-01,8.9589E7,28.0,109606.77073609829,646500.0
1,1956-11-01,8.8209E7,28.0,107919.41190683842,648719.0
1,1956-12-01,8.8392E7,28.0,108140.75349712372,650938.0
1,1957-01-01,9.6414E7,26.0,117956.56518959999,653157.0
1,1957-02-01,1.00317E8,26.0,122728.94159424305,655973.0
1,1957-03-01,9.7179E7,26.0,118892.7849855423,658789.0
1,1957-04-01,9.3351E7,26.0,114207.82763028145,661605.0
1,1957-05-01,1.0025699999999999E8,26.0,122655.56082522868,664421.0
1,1957-06-01,9.5976E7,26.0,117419.39498233795,667237.0
1,1957-07-01,1.02594E8,26.0,125514.80789422989,670053.0
1,1957-08-01,1.0267499999999999E8,26.0,125614.68767523764,672869.0
1,1957-09-01,9.2484E7,26.0,113146.53494310379,675685.0
1,1957-10-01,9.715499999999999E7,26.0,118862.31054782866,678501.0
1,1957-11-01,9.3204E7,26.0,114028.8176522255,681317.0
1,1957-12-01,9.099E7,26.0,111317.79482245445,684133.0
1,1958-01-01,1.1043E8,28.600000381469727,135102.4443769455,686959.0
1,1958-02-01,1.06224E8,28.600000381469727,129957.12578773499,688737.0
1,1958-03-01,1.03617E8,28.600000381469727,126767.73022377491,690515.0
1,1958-04-01,1.0068E8,28.600000381469727,123177.57661342621,692293.0
1,1958-05-01,1.06389E8,28.600000381469727,130158.80071878433,694071.0
1,1958-06-01,1.06524E8,28.600000381469727,130323.37875080109,695849.0
1,1958-07-01,1.1042399999999999E8,28.600000381469727,135098.81597328183,697627.0
1,1958-08-01,1.0437E8,28.600000381469727,127690.38836359978,699405.0
1,1958-09-01,1.00335E8,28.600000381469727,122752.14712142944,701183.0
1,1958-10-01,1.04259E8,28.600000381469727,127555.133431077,702961.0
1,1958-11-01,1.02195E8,28.600000381469727,125030.19915819168,704739.0
1,1958-12-01,1.0311900000000001E8,28.600000381469727,126158.40261983873,706517.0
1,1959-01-01,1.11813E8,28.600000381469727,136794.04986798763,708296.0
1,1959-02-01,1.12782E8,28.600000381469727,137981.93517279625,710745.0
1,1959-03-01,1.1406E8,28.600000381469727,139545.49064397812,713194.0
1,1959-04-01,1.07955E8,28.600000381469727,132075.3510904312,715643.0
1,1959-05-01,1.14831E8,28.600000381469727,140488.7623718977,718092.0
1,1959-06-01,1.14543E8,28.600000381469727,140137.02629971504,720541.0
1,1959-07-01,1.20168E8,28.600000381469727,147018.1005306244,722990.0
1,1959-08-01,1.19013E8,28.600000381469727,145602.92986893654,725439.0
1,1959-09-01,1.1232E8,28.600000381469727,137415.83587646484,727888.0
1,1959-10-01,1.11045E8,28.600000381469727,135858.7140226364,730337.0
1,1959-11-01,1.08186E8,28.600000381469727,132357.20243668556,732786.0
1,1959-12-01,1.07289E8,28.600000381469727,131261.28873467445,735235.0
1,1960-01-01,1.26093E8,26.400001525878906,154265.09189379215,737684.0
1,1960-02-01,1.23222E8,26.400001525878906,150750.2938334942,740215.0
1,1960-03-01,1.1982899999999999E8,26.400001525878906,146599.62672579286,742746.0
1,1960-04-01,1.15134E8,26.400001525878906,140855.95087981224,745277.0
1,1960-05-01,1.2607199999999999E8,26.400001525878906,154240.54220867154,747808.0
1,1960-06-01,1.2434699999999999E8,26.400001525878906,152131.84119737145,750339.0
1,1960-07-01,1.3176E8,26.400001525878906,161201.12082481384,752870.0
1,1960-08-01,1.2732E8,26.400001525878906,155767.05166339874,755401.0
1,1960-09-01,1.19202E8,26.400001525878906,145833.55950164795,757932.0
1,1960-10-01,1.21686E8,26.400001525878906,148876.2223484516,760463.0
1,1960-11-01,1.19325E8,26.400001525878906,145986.28708720207,762994.0
1,1960-12-01,1.2042E8,26.400001525878906,147324.92832899094,765525.0
1,1961-01-01,1.36233E8,26.400001525878906,166671.62549972534,768061.0
1,1961-02-01,1.44546E8,26.400001525878906,176840.8843266964,770397.0
1,1961-03-01,1.3280399999999999E8,26.400001525878906,162473.7430129051,772733.0
1,1961-04-01,1.2561E8,26.400001525878906,153677.92199492455,775069.0
1,1961-05-01,1.37454E8,26.400001525878906,168166.87625312805,777405.0
1,1961-06-01,1.33875E8,26.400001525878906,163784.87692773342,779741.0
1,1961-07-01,1.37094E8,26.400001525878906,167723.82258796692,782077.0
1,1961-08-01,1.35564E8,26.400001525878906,165855.0735039711,784413.0
1,1961-09-01,1.2522899999999999E8,26.400001525878906,153207.6512467861,786749.0
1,1961-10-01,1.2884999999999999E8,26.400001525878906,157638.11552524564,789085.0
1,1961-11-01,1.2715200000000001E8,26.400001525878906,155563.16768646243,791421.0
1,1961-12-01,1.2546E8,26.400001525878906,153490.68001270294,793757.0
1,1962-01-01,1.3521E8,26.400001525878906,165421.9095647335,796099.0
1,1962-02-01,1.43982E8,26.400001525878906,176151.76634716988,798504.0
1,1962-03-01,1.3494E8,26.400001525878906,165090.19618749619,800909.0
1,1962-04-01,1.3104599999999999E8,26.400001525878906,160325.30025601384,803314.0
1,1962-05-01,1.42602E8,26.400001525878906,174460.9862859249,805719.0
1,1962-06-01,1.40649E8,26.400001525878906,172074.5466774702,808124.0
1,1962-07-01,1.43268E8,26.400001525878906,175280.11665773392,810529.0
1,1962-08-01,1.40229E8,26.400001525878906,171559.90266358852,812934.0
1,1962-09-01,1.2945E8,26.400001525878906,158372.18504548073,815339.0
1,1962-10-01,1.33455E8,26.400001525878906,163271.86929166317,817744.0
1,1962-11-01,1.3092299999999999E8,26.400001525878906,160171.93131566045,820149.0
1,1962-12-01,1.31763E8,26.400001525878906,161201.27270829678,822554.0
1,1963-01-01,1.71873E8,26.400001525878906,210271.72239482403,824968.0
1,1963-02-01,1.5855E8,26.400001525878906,193972.56436944008,826931.0
1,1963-03-01,1.56471E8,26.400001525878906,191432.27269005775,828894.0
1,1963-04-01,1.46382E8,26.400001525878906,179087.36794495583,830857.0
1,1963-05-01,1.56621E8,26.400001525878906,191615.2653286457,832820.0
1,1963-06-01,1.5702E8,26.400001525878906,192104.07014608383,834783.0
1,1963-07-01,1.64115E8,26.400001525878906,200784.66834247112,836746.0
1,1963-08-01,1.57749E8,26.400001525878906,192992.3827060461,838709.0
1,1963-09-01,1.44945E8,26.400001525878906,177332.0711249113,840672.0
1,1963-10-01,1.51569E8,26.400001525878906,185433.5795059204,842635.0
1,1963-11-01,1.45494E8,26.400001525878906,178002.09410476685,844598.0
1,1963-12-01,1.45338E8,26.400001525878906,177810.73618483543,846561.0
1,1964-01-01,1.71225E8,26.400001525878906,215628.19317877293,848526.0
1,1964-02-01,1.82001E8,26.400001525878906,229192.86009407043,851377.0
1,1964-03-01,1.73025E8,26.400001525878906,217890.9589111805,854228.0
1,1964-04-01,1.71909E8,26.400001525878906,216487.9126124382,857079.0
1,1964-05-01,1.80396E8,26.400001525878906,227175.82134246826,859930.0
1,1964-06-01,1.80234E8,26.400001525878906,226970.6302177906,862781.0
1,1964-07-01,1.93002E8,26.400001525878906,243052.15692043304,865632.0
1,1964-08-01,1.83936E8,26.400001525878906,231633.9803466797,868483.0
1,1964-09-01,1.70169E8,26.400001525878906,214298.24288463593,871334.0
1,1964-10-01,1.73226E8,26.400001525878906,218146.7840502262,874185.0
1,1964-11-01,1.65108E8,26.400001525878906,207922.64871168137,877036.0
1,1964-12-01,1.79241E8,26.400001525878906,225720.3054896593,879887.0
1,1965-01-01,2.01423E8,23.099998474121094,253685.35856866837,882746.0
1,1965-02-01,2.06679E8,23.099998474121094,260301.66093063354,885344.0
1,1965-03-01,1.90881E8,23.099998474121094,240401.9501799345,887942.0
1,1965-04-01,1.88775E8,23.099998474121094,237752.891010046,890540.0
1,1965-05-01,2.00391E8,23.099998474121094,252381.6483746767,893138.0
1,1965-06-01,2.04939E8,23.099998474121094,258235.81754386425,895736.0
1,1965-07-01,2.09562E8,23.099998474121094,264063.0320985317,898334.0
1,1965-08-01,2.06379E8,23.099998474121094,260051.831964612,900932.0
1,1965-09-01,1.92714E8,23.099998474121094,242832.25050330162,903530.0
1,1965-10-01,1.90797E8,23.099998474121094,240420.57167351246,906128.0
1,1965-11-01,1.89186E8,23.099998474121094,238390.07744765282,908726.0
1,1965-12-01,1.89051E8,23.099998474121094,238218.02808129787,911324.0
1,1966-01-01,2.01642E8,27.5939998626709,255345.43480181694,913926.0
1,1966-02-01,1.99524E8,27.5939998626709,252663.22766590118,916541.0
1,1966-03-01,2.05716E8,27.5939998626709,260503.68092107773,919156.0
1,1966-04-01,1.92231E8,27.5939998626709,243425.5684608221,921771.0
1,1966-05-01,2.10066E8,27.5939998626709,266012.578063488,924386.0
1,1966-06-01,2.1834E8,27.5939998626709,276488.4367918968,927001.0
1,1966-07-01,2.211E8,27.5939998626709,279983.90332460403,929616.0
1,1966-08-01,2.22204E8,27.5939998626709,281382.8239760399,932231.0
1,1966-09-01,2.00232E8,27.5939998626709,253562.48656368256,934846.0
1,1966-10-01,2.0142E8,27.5939998626709,255064.3334197998,937461.0
1,1966-11-01,2.10114E8,27.5939998626709,266073.4870727062,940076.0
1,1966-12-01,2.03292E8,27.5939998626709,257433.42623376846,942691.0
1,1967-01-01,2.35557E8,27.917999267578125,299459.53257608414,945316.0
1,1967-02-01,2.22111E8,27.917999267578125,282366.8189535141,947824.0
1,1967-03-01,2.13657E8,27.917999267578125,271621.1163793802,950332.0
1,1967-04-01,2.09688E8,27.917999267578125,266571.52126693726,952840.0
1,1967-05-01,2.29737E8,27.917999267578125,292060.6400331259,955348.0
1,1967-06-01,2.38404E8,27.917999267578125,303078.33436632156,957856.0
1,1967-07-01,2.40897E8,27.917999267578125,306247.1769486666,960364.0
1,1967-08-01,2.38179E8,27.917999267578125,302791.8419841528,962872.0
1,1967-09-01,2.15079E8,27.917999267578125,273425.46245777607,965380.0
1,1967-10-01,2.1099E8,27.917999267578125,268230.3457403183,967888.0
1,1967-11-01,2.04768E8,27.917999267578125,260315.74020767212,970396.0
1,1967-12-01,2.13501E8,27.917999267578125,271422.76887845993,972904.0
1,1968-01-01,2.40489E8,27.236000061035156,306675.15861296654,975420.0
1,1968-02-01,2.3568E8,27.236000061035156,300541.5824890137,978392.0
1,1968-03-01,2.33433E8,27.236000061035156,297678.07702589035,981364.0
1,1968-04-01,2.21709E8,27.236000061035156,282725.98827910423,984336.0
1,1968-05-01,2.43129E8,27.236000061035156,310040.36376464367,987308.0
1,1968-06-01,2.42091E8,27.236000061035156,309031.78448188305,990280.0
1,1968-07-01,2.46495E8,27.236000061035156,314652.09835767746,993252.0
1,1968-08-01,2.42493E8,27.236000061035156,309543.84335553646,996224.0
1,1968-09-01,2.27493E8,27.236000061035156,290397.49627125263,999196.0
1,1968-10-01,2.36079E8,27.236000061035156,301358.47077047825,1002168.0
1,1968-11-01,2.29113E8,27.236000061035156,292468.9686677456,1005140.0
1,1968-12-01,2.26875E8,27.236000061035156,289608.72016847134,1008112.0
1,1969-01-01,2.44809E8,11.989999771118164,313326.3878560066,1011090.0
1,1969-02-01,2.6566500000000003E8,11.989999771118164,340017.1474331618,1013797.0
1,1969-03-01,2.49864E8,11.989999771118164,319795.08422756195,1016504.0
1,1969-04-01,2.34582E8,11.989999771118164,300420.8265953064,1019211.0
1,1969-05-01,2.51973E8,11.989999771118164,322693.49272835255,1021918.0
1,1969-06-01,2.57172E8,11.989999771118164,329352.07873249054,1024625.0
1,1969-07-01,2.64117E8,11.989999771118164,338242.3857947588,1027332.0
1,1969-08-01,2.55372E8,11.989999771118164,327045.01843214035,1030039.0
1,1969-09-01,2.39841E8,11.989999771118164,307155.6979497671,1032746.0
1,1969-10-01,2.4585E8,11.989999771118164,314852.2620856762,1035453.0
1,1969-11-01,2.42064E8,11.989999771118164,310003.3639469147,1038160.0
1,1969-12-01,2.42565E8,11.989999771118164,310644.39976751804,1040867.0
1,1970-01-01,2.65008E8,11.59000015258789,340102.40558052063,1043580.0
1,1970-02-01,2.75739E8,11.59000015258789,353873.2588970661,1046653.0
1,1970-03-01,2.67111E8,11.59000015258789,342799.92440521717,1049726.0
1,1970-04-01,2.56584E8,11.59000015258789,329293.4667749405,1052799.0
1,1970-05-01,2.75568E8,11.59000015258789,353653.6724052429,1055872.0
1,1970-06-01,2.63805E8,11.59000015258789,338558.92443180084,1058945.0
1,1970-07-01,2.81997E8,11.59000015258789,361907.9068672657,1062018.0
1,1970-08-01,2.82216E8,11.59000015258789,362188.59592723846,1065091.0
1,1970-09-01,2.54202E8,11.59000015258789,326236.3768401146,1068164.0
1,1970-10-01,2.67042E8,11.59000015258789,342713.9828531742,1071237.0
1,1970-11-01,2.56182E8,11.59000015258789,328775.8093242645,1074310.0
1,1970-12-01,2.50101E8,11.59000015258789,320971.9758013487,1077383.0
1,1971-01-01,2.98512E8,10.920000076293945,383101.8134250641,1080459.0
1,1971-02-01,2.87148E8,10.920000076293945,368518.8796963692,1083061.0
1,1971-03-01,2.80101E8,10.920000076293945,359474.06017935276,1085663.0
1,1971-04-01,2.72154E8,10.920000076293945,349272.8239324093,1088265.0
1,1971-05-01,2.87592E8,10.920000076293945,369090.82426929474,1090867.0
1,1971-06-01,2.87958E8,10.920000076293945,369556.93826293945,1093469.0
1,1971-07-01,2.985E8,10.920000076293945,383083.3171606064,1096071.0
1,1971-08-01,2.82132E8,10.920000076293945,362080.4562077522,1098673.0
1,1971-09-01,2.71224E8,10.920000076293945,348082.7543735504,1101275.0
1,1971-10-01,2.81835E8,10.920000076293945,361699.1265821457,1103877.0
1,1971-11-01,2.76252E8,10.920000076293945,354535.14787244797,1106479.0
1,1971-12-01,2.78748E8,10.920000076293945,357735.2639994621,1109081.0
1,1972-01-01,2.92134E8,10.300000190734863,374916.3302657604,1111683.0
1,1972-02-01,2.94663E8,10.300000190734863,378159.02512300014,1114396.0
1,1972-03-01,2.98002E8,10.300000190734863,382445.9084658623,1117109.0
1,1972-04-01,2.82048E8,10.300000190734863,361971.5769882202,1119822.0
1,1972-05-01,3.00015E8,10.300000190734863,385030.2917164564,1122535.0
1,1972-06-01,2.99265E8,10.300000190734863,384066.1944061518,1125248.0
1,1972-07-01,3.13959E8,10.300000190734863,402925.642336607,1127961.0
1,1972-08-01,3.10947E8,10.300000190734863,399061.057818532,1130674.0
1,1972-09-01,2.9346E8,10.300000190734863,376616.43612384796,1133387.0
1,1972-10-01,2.90124E8,10.300000190734863,372335.40553951263,1136100.0
1,1972-11-01,2.82657E8,10.300000190734863,362753.3507026434,1138813.0
1,1972-12-01,2.80311E8,10.300000190734863,359744.2702381611,1141526.0
1,1973-01-01,3.23106E8,9.4399995803833,414673.06534695625,1144243.0
1,1973-02-01,3.15753E8,9.4399995803833,405235.9507623911,1146949.0
1,1973-03-01,3.0705899999999994E8,9.4399995803833,394075.10952007765,1149655.0
1,1973-04-01,2.95029E8,9.4399995803833,378868.1739817858,1152361.0
1,1973-05-01,3.23058E8,9.4399995803833,414862.55739712715,1155067.0
1,1973-06-01,3.1863299999999994E8,9.4399995803833,409180.84886276716,1157773.0
1,1973-07-01,3.37629E8,9.4399995803833,433572.72159326077,1160479.0
1,1973-08-01,3.2625E8,9.4399995803833,418964.24531936646,1163185.0
1,1973-09-01,3.05451E8,9.4399995803833,392252.9137612581,1165891.0
1,1973-10-01,3.1181399999999994E8,9.4399995803833,400420.63302969927,1168597.0
1,1973-11-01,3.05769E8,9.4399995803833,392659.6415297985,1171303.0
1,1973-12-01,3.0857099999999994E8,9.4399995803833,396258.0722190141,1174009.0
1,1974-01-01,3.46434E8,8.180000305175781,444881.4822499752,1176725.0
1,1974-02-01,3.67569E8,8.180000305175781,472019.86743199825,1178591.0
1,1974-03-01,3.37707E8,8.180000305175781,433674.69838285446,1180457.0
1,1974-04-01,3.19416E8,8.180000305175781,410339.620016098,1182323.0
1,1974-05-01,3.49536E8,8.180000305175781,449031.2862625122,1184189.0
1,1974-06-01,3.40437E8,8.180000305175781,437342.746455431,1186055.0
1,1974-07-01,3.48624E8,8.180000305175781,447861.63910102844,1187921.0
1,1974-08-01,3.4473E8,8.180000305175781,442860.26017069817,1189787.0
1,1974-09-01,3.18447E8,8.180000305175781,409095.3579643965,1191653.0
1,1974-10-01,3.27657E8,8.180000305175781,420923.57811927795,1193519.0
1,1974-11-01,3.2334E8,8.180000305175781,415377.25598573685,1195385.0
1,1974-12-01,3.1903200000000006E8,8.180000305175781,409845.36139583593,1197251.0
1,1975-01-01,3.55515E8,7.099999904632568,456712.88437485695,1199126.0
1,1975-02-01,3.78576E8,7.099999904632568,486338.41354751587,1201356.0
1,1975-03-01,3.54804E8,7.099999904632568,455799.4971456528,1203586.0
1,1975-04-01,3.44562E8,7.099999904632568,442917.54519081116,1205816.0
1,1975-05-01,3.74949E8,7.099999904632568,481984.0405443907,1208046.0
1,1975-06-01,3.69813E8,7.099999904632568,475376.2463339567,1210276.0
1,1975-07-01,3.76698E8,7.099999904632568,484229.041744709,1212506.0
1,1975-08-01,3.68712E8,7.099999904632568,473965.0092687607,1214736.0
1,1975-09-01,3.40371E8,7.099999904632568,437533.83152997494,1216966.0
1,1975-10-01,3.5090099999999994E8,7.099999904632568,451071.03834915155,1219196.0
1,1975-11-01,3.44241E8,7.099999904632568,442508.48563563824,1221426.0
1,1975-12-01,3.46452E8,7.099999904632568,445349.40157556534,1223656.0
1,1976-01-01,4.17552E8,6.269999980926514,536744.8488864899,1225894.0
1,1976-02-01,3.85188E8,6.269999980926514,495145.73913145065,1228376.0
1,1976-03-01,3.80139E8,6.269999980926514,488654.2475155592,1230858.0
1,1976-04-01,3.5562299999999994E8,6.269999980926514,457435.0893763303,1233340.0
1,1976-05-01,3.80499E8,6.269999980926514,489431.8961287737,1235822.0
1,1976-06-01,3.81468E8,6.269999980926514,490678.1288266182,1238304.0
1,1976-07-01,3.9870599999999994E8,6.269999980926514,512853.93696999544,1240786.0
1,1976-08-01,3.83238E8,6.269999980926514,492955.95697903633,1243268.0
1,1976-09-01,3.5213699999999994E8,6.269999980926514,452952.3341234922,1245750.0
1,1976-10-01,3.68229E8,6.269999980926514,473652.7664659023,1248232.0
1,1976-11-01,3.53466E8,6.269999980926514,454660.76779317856,1250714.0
1,1976-12-01,3.53085E8,6.269999980926514,454171.6162419319,1253196.0
1,1977-01-01,3.8581499999999994E8,5.579999923706055,496269.3975627422,1255680.0
1,1977-02-01,4.10097E8,5.579999923706055,527507.112567544,1257983.0
1,1977-03-01,3.89871E8,5.579999923706055,501485.2359069586,1260286.0
1,1977-04-01,3.87357E8,5.579999923706055,498254.47060883045,1262589.0
1,1977-05-01,4.06479E8,5.579999923706055,522851.34673440456,1264892.0
1,1977-06-01,4.0611299999999994E8,5.579999923706055,522379.0140691995,1267195.0
1,1977-07-01,4.34883E8,5.579999923706055,559387.5419350863,1269498.0
1,1977-08-01,4.1445899999999994E8,5.579999923706055,533117.5014967917,1271801.0
1,1977-09-01,3.83436E8,5.579999923706055,493210.2314043045,1274104.0
1,1977-10-01,3.90327E8,5.579999923706055,502075.08555936813,1276407.0
1,1977-11-01,3.72027E8,5.579999923706055,478535.20480298996,1278710.0
1,1977-12-01,4.03878E8,5.579999923706055,519505.88959765434,1281013.0
1,1978-01-01,4.2138E8,6.720999717712402,542018.608982563,1283321.0
1,1978-02-01,4.3237199999999994E8,6.720999717712402,556156.2651901244,1285350.0
1,1978-03-01,3.9932400000000006E8,6.720999717712402,513648.0110478402,1287379.0
1,1978-04-01,3.9492E8,6.720999717712402,508319.1695022583,1289408.0
1,1978-05-01,4.19217E8,6.720999717712402,539595.5719810724,1291437.0
1,1978-06-01,4.2873300000000006E8,6.720999717712402,551841.9541214706,1293466.0
1,1978-07-01,4.3840799999999994E8,6.720999717712402,564292.3215007781,1295495.0
1,1978-08-01,4.31751E8,6.720999717712402,555729.0311647654,1297524.0
1,1978-09-01,4.03164E8,6.720999717712402,518930.7265133858,1299553.0
1,1978-10-01,3.99147E8,6.720999717712402,513759.64449191093,1301582.0
1,1978-11-01,3.9577500000000006E8,6.720999717712402,509420.85768878466,1303611.0
1,1978-12-01,3.95499E8,6.720999717712402,509065.93496990204,1305640.0
1,1979-01-01,4.2589499999999994E8,6.161999702453613,543722.4359947442,1307676.0
1,1979-02-01,4.21422E8,6.161999702453613,538012.7466995716,1309753.0
1,1979-03-01,4.34502E8,6.161999702453613,554707.4235856533,1311830.0
1,1979-04-01,4.06017E8,6.161999702453613,518344.5843966007,1313907.0
1,1979-05-01,4.4369100000000006E8,6.161999702453613,566440.7913204433,1315984.0
1,1979-06-01,4.61166E8,6.161999702453613,588751.6748793125,1318061.0
1,1979-07-01,4.66992E8,6.161999702453613,596191.0483417511,1320138.0
1,1979-08-01,4.6932599999999994E8,6.161999702453613,599166.5259382724,1322215.0
1,1979-09-01,4.22919E8,6.161999702453613,539921.9409842491,1324292.0
1,1979-10-01,4.25427E8,6.161999702453613,543125.9234383106,1326369.0
1,1979-11-01,4.4379299999999994E8,6.161999702453613,566573.655448079,1328446.0
1,1979-12-01,4.29384E8,6.161999702453613,548178.8470430374,1330523.0
1,1980-01-01,4.7799E8,8.600000381469727,610296.1109304428,1332600.0
1,1980-02-01,4.50708E8,8.600000381469727,575461.5193047523,1334655.0
1,1980-03-01,4.33554E8,8.600000381469727,553558.7136583328,1336710.0
1,1980-04-01,4.25499E8,8.600000381469727,543640.8764426708,1338765.0
1,1980-05-01,4.6617900000000006E8,8.600000381469727,595620.2674716712,1340820.0
1,1980-06-01,4.8376500000000006E8,8.600000381469727,618088.1762015821,1342875.0
1,1980-07-01,4.88829E8,8.600000381469727,624554.3524779081,1344930.0
1,1980-08-01,4.83309E8,8.600000381469727,617501.0683479309,1346985.0
1,1980-09-01,4.36437E8,8.600000381469727,557618.1547915936,1349040.0
1,1980-10-01,4.28139E8,8.600000381469727,547016.2330970764,1351095.0
1,1980-11-01,4.15518E8,8.600000381469727,530892.2685098648,1353150.0
1,1980-12-01,4.3323900000000006E8,8.600000381469727,553531.3197072746,1355205.0
1,1981-01-01,5.00829E8,7.860000133514404,639888.1713137627,1357261.0
1,1981-02-01,4.90812E8,7.860000133514404,627093.6158695221,1359195.0
1,1981-03-01,4.86135E8,7.860000133514404,621116.3511371613,1361129.0
1,1981-04-01,4.61721E8,7.860000133514404,590332.6272679567,1363063.0
1,1981-05-01,5.06325E8,7.860000133514404,646576.4566630125,1364997.0
1,1981-06-01,5.04165E8,7.860000133514404,643816.9370645285,1366931.0
1,1981-07-01,5.1333899999999994E8,7.860000133514404,655530.0834667681,1368865.0
1,1981-08-01,5.05005E8,7.860000133514404,644887.3264700174,1370799.0
1,1981-09-01,4.7376000000000006E8,7.860000133514404,604987.8255271913,1372733.0
1,1981-10-01,4.91643E8,7.860000133514404,627826.093932867,1374667.0
1,1981-11-01,4.77138E8,7.860000133514404,609301.8464605808,1376601.0
1,1981-12-01,4.7247300000000006E8,7.860000133514404,603348.842417121,1378535.0
1,1982-01-01,5.0520599999999994E8,9.531000137329102,646585.4931735991,1380478.0
1,1982-02-01,5.48247E8,9.531000137329102,701669.7435035706,1382288.0
1,1982-03-01,5.15637E8,9.531000137329102,659934.3294739723,1384098.0
1,1982-04-01,4.84104E8,9.531000137329102,619576.8139343262,1385908.0
1,1982-05-01,5.19987E8,9.531000137329102,665501.8318487406,1387718.0
1,1982-06-01,5.3072100000000006E8,9.531000137329102,679240.4913468362,1389528.0
1,1982-07-01,5.45052E8,9.531000137329102,697581.6867141724,1391338.0
1,1982-08-01,5.27007E8,9.531000137329102,674488.8441563845,1393148.0
1,1982-09-01,4.94955E8,9.531000137329102,633462.8494799137,1394958.0
1,1982-10-01,5.0735700000000006E8,9.531000137329102,649338.0169082881,1396768.0
1,1982-11-01,4.99542E8,9.531000137329102,639337.1047976017,1398578.0
1,1982-12-01,5.00577E8,9.531000137329102,640659.7170792818,1400388.0
1,1983-01-01,5.12958E8,9.309000015258789,656843.6029751301,1402208.0
1,1983-02-01,5.33727E8,9.309000015258789,683436.4981348515,1404313.0
1,1983-03-01,5.1702600000000006E8,9.309000015258789,662054.9028203489,1406418.0
1,1983-04-01,4.96653E8,9.309000015258789,635965.6736390591,1408523.0
1,1983-05-01,5.33394E8,9.309000015258789,683011.9361922741,1410628.0
1,1983-06-01,5.10627E8,9.309000015258789,653859.9708877802,1412733.0
1,1983-07-01,5.45841E8,9.309000015258789,698954.4405090809,1414838.0
1,1983-08-01,5.46264E8,9.309000015258789,699493.6864843369,1416943.0
1,1983-09-01,4.92042E8,9.309000015258789,630062.7992019653,1419048.0
1,1983-10-01,5.16891E8,9.309000015258789,661886.7791104317,1421153.0
1,1983-11-01,4.9587E8,9.309000015258789,634963.8082230091,1423258.0
1,1983-12-01,4.84098E8,9.309000015258789,619891.7857797146,1425363.0
1,1984-01-01,5.60772E8,22.79199981689453,635632.3768000603,1427471.0
1,1984-02-01,5.39424E8,22.79199981689453,611438.3149795532,1429942.0
1,1984-03-01,5.26185E8,22.79199981689453,596425.9197753668,1432413.0
1,1984-04-01,5.1125999999999994E8,22.79199981689453,579508.0802178382,1434884.0
1,1984-05-01,5.40255E8,22.79199981689453,612373.8150036335,1437355.0
1,1984-06-01,5.40945E8,22.79199981689453,612823.1127887964,1439826.0
1,1984-07-01,5.60751E8,22.79199981689453,635258.6307778358,1442297.0
1,1984-08-01,5.30001E8,22.79199981689453,600422.2110750675,1444768.0
1,1984-09-01,5.09508E8,22.79199981689453,577207.643245697,1447239.0
1,1984-10-01,5.29443E8,22.79199981689453,599789.1229201555,1449710.0
1,1984-11-01,5.18952E8,22.79199981689453,587905.6258106232,1452181.0
1,1984-12-01,5.23644E8,22.79199981689453,593219.3707051277,1454652.0
1,1985-01-01,5.39388E8,21.386001586914062,611055.7540783882,1457133.0
1,1985-02-01,5.44056E8,21.386001586914062,616344.9577732086,1460015.0
1,1985-03-01,5.50221E8,21.386001586914062,623330.4814299345,1462897.0
1,1985-04-01,5.20767E8,21.386001586914062,589960.6690721512,1465779.0
1,1985-05-01,5.53938E8,21.386001586914062,627539.6532461643,1468661.0
1,1985-06-01,5.52552E8,21.386001586914062,625619.136674881,1471543.0
1,1985-07-01,5.79684E8,21.386001586914062,656339.7176041603,1474425.0
1,1985-08-01,5.74122E8,21.386001586914062,650040.0248816013,1477307.0
1,1985-09-01,5.41836E8,21.386001586914062,613484.4188232422,1480189.0
1,1985-10-01,5.35674E8,21.386001586914062,606506.1962742805,1483071.0
1,1985-11-01,5.21889E8,21.386001586914062,590902.2623949051,1485953.0
1,1985-12-01,5.17557E8,21.386001586914062,585994.9419250488,1488835.0
1,1986-01-01,5.82144E8,28.35500144958496,659119.6772460938,1491720.0
1,1986-02-01,5.68896E8,28.35500144958496,644123.9233016968,1494178.0
1,1986-03-01,5.53233E8,28.35500144958496,626391.0465878248,1496636.0
1,1986-04-01,5.31558E8,28.35500144958496,601846.6978154182,1499094.0
1,1986-05-01,5.82057E8,28.35500144958496,659024.9896820784,1501552.0
1,1986-06-01,5.74086E8,28.35500144958496,649953.4121067524,1504010.0
1,1986-07-01,6.0831E8,28.35500144958496,688699.7946918011,1506468.0
1,1986-08-01,5.87808E8,28.35500144958496,665494.4267234802,1508926.0
1,1986-09-01,5.50335E8,28.35500144958496,623063.7025022507,1511384.0
1,1986-10-01,5.61798E8,28.35500144958496,636042.6497440338,1513842.0
1,1986-11-01,5.50908E8,28.35500144958496,623714.7907047272,1516300.0
1,1986-12-01,5.55957E8,28.35500144958496,629427.5428622961,1518758.0
1,1987-01-01,6.21027E8,27.328001022338867,703099.8233420849,1521219.0
1,1987-02-01,6.58917E8,27.328001022338867,745997.1587644815,1523707.0
1,1987-03-01,6.05385E8,27.328001022338867,685392.1451586485,1526195.0
1,1987-04-01,5.72598E8,27.328001022338867,648270.6791117191,1528683.0
1,1987-05-01,6.26589E8,27.328001022338867,709399.4180474281,1531171.0
1,1987-06-01,6.10281E8,27.328001022338867,690737.9677734375,1533659.0
1,1987-07-01,6.249539999999999E8,27.328001022338867,707344.7259814738,1536147.0
1,1987-08-01,6.179729999999999E8,27.328001022338867,699442.8711147307,1538635.0
1,1987-09-01,5.70861E8,27.328001022338867,646118.0008320808,1541123.0
1,1987-10-01,5.8737E8,27.328001022338867,664806.124509573,1543611.0
1,1987-11-01,5.79627E8,27.328001022338867,656041.0106191635,1546099.0
1,1987-12-01,5.71908E8,27.328001022338867,647304.2547483444,1548587.0
1,1988-01-01,6.65238E8,26.219999313354492,752592.0578963757,1551082.0
1,1988-02-01,7.0839E8,26.219999313354492,801412.3122704029,1553884.0
1,1988-03-01,6.63903E8,26.219999313354492,751083.8134514093,1556686.0
1,1988-04-01,6.44739E8,26.219999313354492,729404.5112468004,1559488.0
1,1988-05-01,7.01604E8,26.219999313354492,793732.8660635948,1562290.0
1,1988-06-01,6.91989E8,26.219999313354492,782630.2664955854,1565092.0
1,1988-07-01,7.04871E8,26.219999313354492,797201.4000778198,1567894.0
1,1988-08-01,6.89928E8,26.219999313354492,780298.0694847107,1570696.0
1,1988-09-01,6.368969999999999E8,26.219999313354492,720320.9672963618,1573498.0
1,1988-10-01,6.56598E8,26.219999313354492,742602.5032067299,1576300.0
1,1988-11-01,6.441419999999999E8,26.219999313354492,728513.1876604556,1579102.0
1,1988-12-01,6.48276E8,26.219999313354492,733192.7642726898,1581904.0
1,1989-01-01,6.94788E8,25.65199851989746,785700.4832968712,1584706.0
1,1989-02-01,7.25034E8,25.65199851989746,819908.7303085327,1587259.0
1,1989-03-01,6.87411E8,25.65199851989746,777358.7001117468,1589812.0
1,1989-04-01,6.64479E8,25.65199851989746,751427.3162802458,1592365.0
1,1989-05-01,7.17405E8,25.65199851989746,811282.2884523869,1594918.0
1,1989-06-01,7.07715E8,25.65199851989746,799177.0749020576,1597471.0
1,1989-07-01,7.25592E8,25.65199851989746,819359.7514514923,1600024.0
1,1989-08-01,7.12749E8,25.65199851989746,804859.013684392,1602577.0
1,1989-09-01,6.66132E8,25.65199851989746,752219.5884847641,1605130.0
1,1989-10-01,6.82728E8,25.65199851989746,770959.6405420303,1607683.0
1,1989-11-01,6.71922E8,25.65199851989746,758753.5339393616,1610236.0
1,1989-12-01,6.72744E8,25.65199851989746,759685.0479326248,1612789.0
1,1990-01-01,7.25337E8,23.83700180053711,819072.9220479727,1615343.0
1,1990-02-01,7.55586E8,23.83700180053711,853235.7100274563,1617854.0
1,1990-03-01,7.17966E8,23.83700180053711,810752.1858129501,1620365.0
1,1990-04-01,6.95034E8,23.83700180053711,784851.6851742268,1622876.0
1,1990-05-01,7.47963E8,23.83700180053711,844625.3960119486,1625387.0
1,1990-06-01,7.38276E8,23.83700180053711,833684.4801521301,1627898.0
1,1990-07-01,7.56159E8,23.83700180053711,853862.6613779068,1630409.0
1,1990-08-01,7.43319E8,23.83700180053711,839366.4344530106,1632920.0
1,1990-09-01,6.96705E8,23.83700180053711,786728.2430434227,1635431.0
1,1990-10-01,7.13307E8,23.83700180053711,805471.6934394836,1637942.0
1,1990-11-01,7.02501E8,23.83700180053711,793271.7370995283,1640453.0
1,1990-12-01,7.03329E8,23.83700180053711,794206.0529197454,1642964.0
1,1991-01-01,7.55748E8,30.750999450683594,853397.2945833206,1645480.0
1,1991-02-01,7.86003E8,30.750999450683594,887563.9430937767,1647960.0
1,1991-03-01,7.48386E8,30.750999450683594,845086.2897384167,1650440.0
1,1991-04-01,7.2546E8,30.750999450683594,819199.2776155472,1652920.0
1,1991-05-01,7.78395E8,30.750999450683594,878971.7854356766,1655400.0
1,1991-06-01,7.68711E8,30.750999450683594,868034.6784739494,1657880.0
1,1991-07-01,7.866E8,30.750999450683594,888238.5514497757,1660360.0
1,1991-08-01,7.73766E8,30.750999450683594,873747.0684027672,1662840.0
1,1991-09-01,7.27158E8,30.750999450683594,821112.6081125736,1665320.0
1,1991-10-01,7.43763E8,30.750999450683594,839864.2590579987,1667800.0
1,1991-11-01,7.32966E8,30.750999450683594,827673.6692855358,1670280.0
1,1991-12-01,7.338E8,30.750999450683594,828613.2448196411,1672760.0
1,1992-01-01,7.86087E8,31.56300163269043,887001.8039864302,1675245.0
1,1992-02-01,8.16348E8,31.56300163269043,921147.2046790123,1677647.0
1,1992-03-01,7.78737E8,31.56300163269043,878706.754135251,1680049.0
1,1992-04-01,7.5582E8,31.56300163269043,852848.7031674385,1682451.0
1,1992-05-01,8.08758E8,31.56300163269043,912582.5442652702,1684853.0
1,1992-06-01,7.99083E8,31.56300163269043,901666.7516723871,1687255.0
1,1992-07-01,8.16978E8,31.56300163269043,921857.4969899654,1689657.0
1,1992-08-01,8.04153E8,31.56300163269043,907386.1843214035,1692059.0
1,1992-09-01,7.57551E8,31.56300163269043,854801.6500825882,1694461.0
1,1992-10-01,7.74165E8,31.56300163269043,873548.6577951908,1696863.0
1,1992-11-01,7.63374E8,31.56300163269043,861368.3559651375,1699265.0
1,1992-12-01,7.64217E8,31.56300163269043,862322.5782727003,1701667.0
1,1993-01-01,8.16399E8,31.992002487182617,921203.2920019627,1704074.0
1,1993-02-01,8.46669E8,31.992002487182617,955359.673437953,1706471.0
1,1993-03-01,8.09064E8,31.992002487182617,912926.3803853989,1708868.0
1,1993-04-01,7.86153E8,31.992002487182617,887076.4642442465,1711265.0
1,1993-05-01,8.391E8,31.992002487182617,946819.1071987152,1713662.0
1,1993-06-01,8.29434E8,31.992002487182617,935912.9306752682,1716059.0
1,1993-07-01,8.47335E8,31.992002487182617,947072.979850173,1718456.0
1,1993-08-01,8.34519E8,31.992002487182617,932745.4515906572,1720853.0
1,1993-09-01,7.87926E8,31.992002487182617,880670.8864195347,1723250.0
1,1993-10-01,8.04546E8,31.992002487182617,899245.3646221161,1725647.0
1,1993-11-01,7.93764E8,31.992002487182617,887195.8741993904,1728044.0
1,1993-12-01,7.94616E8,31.992002487182617,888148.4450569153,1730441.0
1,1994-01-01,8.46714E8,32.94200134277344,960178.069549799,1732845.0
1,1994-02-01,8.7699E8,32.94200134277344,994509.7470152378,1735319.0
1,1994-03-01,8.39397E8,32.94200134277344,951880.9538379908,1737793.0
1,1994-04-01,8.16492E8,32.94200134277344,925907.3327307701,1740267.0
1,1994-05-01,8.69451E8,32.94200134277344,985959.872598052,1742741.0
1,1994-06-01,8.59791E8,32.94200134277344,975006.9429302216,1745215.0
1,1994-07-01,8.77704E8,32.94200134277344,995323.1922254562,1747689.0
1,1994-08-01,8.64894E8,32.94200134277344,980794.6962983608,1750163.0
1,1994-09-01,8.1831E8,32.94200134277344,927971.5906190872,1752637.0
1,1994-10-01,8.34942E8,32.94200134277344,946832.2431807518,1755111.0
1,1994-11-01,8.24169E8,32.94200134277344,934612.2173109055,1757585.0
1,1994-12-01,8.25027E8,32.94200134277344,935584.013859272,1760059.0
1,1995-01-01,8.77053E8,33.93000030517578,994581.8165541887,1762538.0
1,1995-02-01,9.07341E8,33.93000030517578,1028930.0511206388,1765081.0
1,1995-03-01,8.69754E8,33.93000030517578,986305.9638340473,1767624.0
1,1995-04-01,8.46861E8,33.93000030517578,960343.5568681955,1770167.0
1,1995-05-01,8.99826E8,33.93000030517578,1020409.2839620113,1772710.0
1,1995-06-01,8.90178E8,33.93000030517578,1009469.017901659,1775253.0
1,1995-07-01,9.081E8,33.93000030517578,1029790.1120781898,1777796.0
1,1995-08-01,8.95299E8,33.93000030517578,1015272.110735178,1780339.0
1,1995-09-01,8.48727E8,33.93000030517578,962461.530228138,1782882.0
1,1995-10-01,8.65368E8,33.93000030517578,981328.7075471878,1785425.0
1,1995-11-01,8.54604E8,33.93000030517578,969128.7324228287,1787968.0
1,1995-12-01,8.55474E8,33.93000030517578,970111.3431222439,1790511.0
1,1996-01-01,9.07437E8,28.39000129699707,1029037.2930636406,1793059.0
1,1996-02-01,9.377310000000001E8,28.39000129699707,1063389.4723205569,1795582.0
1,1996-03-01,9.00156E8,28.39000129699707,1020780.9310154915,1798105.0
1,1996-04-01,8.77272E8,28.39000129699707,994828.90853405,1800628.0
1,1996-05-01,9.30249E8,28.39000129699707,1054907.3039023876,1803151.0
1,1996-06-01,9.2061E8,28.39000129699707,1043978.4924066067,1805674.0
1,1996-07-01,9.385409999999999E8,28.39000129699707,1064311.2590972183,1808197.0
1,1996-08-01,9.25752E8,28.39000129699707,1049809.447763443,1810720.0
1,1996-09-01,8.79189E8,28.39000129699707,997006.1457506418,1813243.0
1,1996-10-01,8.95839E8,28.39000129699707,1015888.2103031874,1815766.0
1,1996-11-01,8.85087E8,28.39000129699707,1003694.8333239555,1818289.0
1,1996-12-01,8.85966E8,28.39000129699707,1004690.146841526,1820812.0
1,1997-01-01,9.37872E8,27.715999603271484,1063552.161775589,1823337.0
1,1997-02-01,9.681780000000001E8,27.715999603271484,1097919.2220668795,1825884.0
1,1997-03-01,9.30615E8,27.715999603271484,1055319.909210205,1828431.0
1,1997-04-01,9.0774E8,27.715999603271484,1029382.4112653732,1830978.0
1,1997-05-01,9.607290000000001E8,27.715999603271484,1089469.6096662285,1833525.0
1,1997-06-01,9.51099E8,27.715999603271484,1078553.1286547184,1836072.0
1,1997-07-01,9.69039E8,27.715999603271484,1098895.7163609266,1838619.0
1,1997-08-01,9.56262E8,27.715999603271484,1084406.8679552078,1841166.0
1,1997-09-01,9.09708E8,27.715999603271484,1031614.2430958748,1843713.0
1,1997-10-01,9.2637E8,27.715999603271484,1050508.9390397072,1846260.0
1,1997-11-01,9.15627E8,27.715999603271484,1038323.5861104727,1848807.0
1,1997-12-01,9.16518E8,27.715999603271484,1039334.9659266472,1851354.0
1,1998-01-01,9.683760000000001E8,26.20800018310547,1098139.714785576,1853908.0
1,1998-02-01,9.986909999999999E8,26.20800018310547,1132523.0381612775,1856501.0
1,1998-03-01,9.611370000000001E8,26.20800018310547,1089934.6890134814,1859094.0
1,1998-04-01,9.38274E8,26.20800018310547,1064008.9268610477,1861687.0
1,1998-05-01,9.91272E8,26.20800018310547,1124105.7009515762,1864280.0
1,1998-06-01,9.816539999999999E8,26.20800018310547,1113204.006369352,1866873.0
1,1998-07-01,9.99606E8,26.20800018310547,1133560.29749465,1869466.0
1,1998-08-01,9.86838E8,26.20800018310547,1119079.4126451015,1872059.0
1,1998-09-01,9.40296E8,26.20800018310547,1066302.6728897095,1874652.0
1,1998-10-01,9.5697E8,26.20800018310547,1085211.2272560596,1877245.0
1,1998-11-01,9.46236E8,26.20800018310547,1073034.7291617393,1879838.0
1,1998-12-01,9.47139E8,26.20800018310547,1074062.911712408,1882431.0
1,1999-01-01,9.98949E8,23.073999404907227,1122907.1087315083,1885028.0
1,1999-02-01,1.029276E9,23.073999404907227,1156996.3598585129,1887659.0
1,1999-03-01,9.91734E8,23.073999404907227,1114797.2829136848,1890290.0
1,1999-04-01,9.6888E8,23.073999404907227,1089106.4288520813,1892921.0
1,1999-05-01,1.0218900000000001E9,23.073999404907227,1148694.3363261225,1895552.0
1,1999-06-01,1.162224E9,23.073999404907227,1306440.3074626923,1898183.0
1,1999-07-01,1.214682E9,23.073999404907227,1365408.2162439823,1900814.0
1,1999-08-01,1.20363E9,23.073999404907227,1352987.102726698,1903445.0
1,1999-09-01,1.119504E9,23.073999404907227,1258421.0671348572,1906076.0
1,1999-10-01,1.128438E9,23.073999404907227,1268465.0149669647,1908707.0
1,1999-11-01,1.092252E9,23.073999404907227,1227788.8518977165,1911338.0
1,1999-12-01,1.112763E9,23.073999404907227,1250844.3855071068,1913969.0
1,2000-01-01,1.087242E9,23.05500030517578,1222152.8870944977,1916604.0
1,2000-02-01,1.133067E9,23.05500030517578,1273667.0733425617,1919283.0
1,2000-03-01,1.170543E9,23.05500030517578,1315795.3506188393,1921962.0
1,2000-04-01,1.063689E9,23.05500030517578,1195680.2194851637,1924641.0
1,2000-05-01,1.212279E9,23.05500030517578,1362708.9139344692,1927320.0
1,2000-06-01,1.215462E9,23.05500030517578,1366288.4815499783,1929999.0
1,2000-07-01,1.250064E9,23.05500030517578,1405180.5126113892,1932678.0
1,2000-08-01,1.233792E9,23.05500030517578,1386891.2833099365,1935357.0
1,2000-09-01,1.142895E9,23.05500030517578,1284715.4281497002,1938036.0
1,2000-10-01,1.164378E9,23.05500030517578,1308862.2838053703,1940715.0
1,2000-11-01,1.115667E9,23.05500030517578,1254106.8773081303,1943394.0
1,2000-12-01,1.120641E9,23.05500030517578,1259700.6247454882,1946073.0
1,2001-01-01,1.18617E9,24.472000122070312,1333020.2964484692,1948757.0
1,2001-02-01,1.132755E9,24.472000122070312,1272993.6244153976,1951391.0
1,2001-03-01,1.177593E9,24.472000122070312,1323380.88460958,1954025.0
1,2001-04-01,1.105803E9,24.472000122070312,1242699.7411626577,1956659.0
1,2001-05-01,1.220427E9,24.472000122070312,1371515.4740935564,1959293.0
1,2001-06-01,1.21011E9,24.472000122070312,1359924.1179049015,1961927.0
1,2001-07-01,1.2682319999999998E9,24.472000122070312,1425237.5083951948,1964561.0
1,2001-08-01,1.275387E9,24.472000122070312,1433280.8729395866,1967195.0
1,2001-09-01,1.153926E9,24.472000122070312,1296787.9991633892,1969829.0
1,2001-10-01,1.174887E9,24.472000122070312,1320340.7178543806,1972463.0
1,2001-11-01,1.116111E9,24.472000122070312,1254285.8517551422,1975097.0
1,2001-12-01,1.087431E9,24.472000122070312,1222057.2042685747,1977731.0
1,2002-01-01,1.131567E9,24.549001693725586,1271656.2531005144,1980374.0
1,2002-02-01,1.078371E9,24.549001693725586,1211874.400585413,1983024.0
1,2002-03-01,1.1565E9,24.549001693725586,1299676.5376925468,1985674.0
1,2002-04-01,1.120902E9,24.549001693725586,1260173.5999438763,1988324.0
1,2002-05-01,1.228221E9,24.549001693725586,1380827.2331846952,1990974.0
1,2002-06-01,1.2360089999999998E9,24.549001693725586,1389580.0912199018,1993624.0
1,2002-07-01,1.307682E9,24.549001693725586,1470156.4152860641,1996274.0
1,2002-08-01,1.286052E9,24.549001693725586,1445841.884578228,1998924.0
1,2002-09-01,1.186854E9,24.549001693725586,1334313.8827836514,2001574.0
1,2002-10-01,1.19772E9,24.549001693725586,1346533.6339616776,2004224.0
1,2002-11-01,1.149702E9,24.549001693725586,1292553.0842177868,2006874.0
1,2002-12-01,1.173603E9,24.549001693725586,1319424.9153989553,2009524.0
1,2003-01-01,1.200897E9,23.61600112915039,1350102.5048907995,2012179.0
1,2003-02-01,1.125936E9,23.61600112915039,1265833.0723171234,2014824.0
1,2003-03-01,1.19358E9,23.61600112915039,1341879.3918800354,2017469.0
1,2003-04-01,1.142787E9,23.61600112915039,1284779.164256215,2020114.0
1,2003-05-01,1.24998E9,23.61600112915039,1405285.9106898308,2022759.0
1,2003-06-01,1.252548E9,23.61600112915039,1408176.8584570885,2025404.0
1,2003-07-01,1.325028E9,23.61600112915039,1489659.3260035515,2028049.0
1,2003-08-01,1.30833E9,23.61600112915039,1470886.3304579258,2030694.0
1,2003-09-01,1.21842E9,23.61600112915039,1369806.1367869377,2033339.0
1,2003-10-01,1.238805E9,23.61600112915039,1392727.4746531248,2035984.0
1,2003-11-01,1.14945E9,23.61600112915039,1292267.1696066856,2038629.0
1,2003-12-01,1.207524E9,23.61600112915039,1357556.6194710732,2041274.0
1,2004-01-01,1.166469E9,22.959999084472656,1311402.6976046562,2043921.0
1,2004-02-01,1.176549E9,22.959999084472656,1322733.173372984,2046611.0
1,2004-03-01,1.23216E9,22.959999084472656,1385253.5968208313,2049301.0
1,2004-04-01,1.166097E9,22.959999084472656,1310986.0057343245,2051991.0
1,2004-05-01,1.2879449999999998E9,22.959999084472656,1447966.8625366685,2054681.0
1,2004-06-01,1.297125E9,22.959999084472656,1458290.5323207378,2057371.0
1,2004-07-01,1.354059E9,22.959999084472656,1522299.1287753582,2060061.0
1,2004-08-01,1.331985E9,22.959999084472656,1497477.063331604,2062751.0
1,2004-09-01,1.237551E9,22.959999084472656,1391314.271053791,2065441.0
1,2004-10-01,1.222962E9,22.959999084472656,1374913.0539414883,2068131.0
1,2004-11-01,1.201908E9,22.959999084472656,1351243.5582704544,2070821.0
1,2004-12-01,1.199478E9,22.959999084472656,1348510.2039356232,2073511.0
1,2005-01-01,1.227852E9,22.0570011138916,1380408.1402330399,2076203.0
1,2005-02-01,1.133799E9,22.0570011138916,1274674.2631795406,2080357.0
1,2005-03-01,1.230054E9,22.0570011138916,1382885.0504200459,2084511.0
1,2005-04-01,1.185414E9,22.0570011138916,1315508.1376919746,2088665.0
1,2005-05-01,1.289958E9,22.0570011138916,1478899.9299337864,2092819.0
1,2005-06-01,1.286373E9,22.0570011138916,1500141.2571533918,2096973.0
1,2005-07-01,1.345383E9,22.0570011138916,1557776.6022223234,2101127.0
1,2005-08-01,1.340115E9,22.0570011138916,1542693.9746886492,2105281.0
1,2005-09-01,1.2354329999999998E9,22.0570011138916,1401749.2866318224,2109435.0
1,2005-10-01,1.214871E9,22.0570011138916,1403993.2115596533,2113589.0
1,2005-11-01,1.185993E9,22.0570011138916,1372758.0896294117,2117743.0
1,2005-12-01,1.225113E9,22.0570011138916,1409862.5105441809,2121897.0
1,2006-01-01,1.275447E9,20.856000900268555,1461845.5116569996,2126052.0
1,2006-02-01,1.155381E9,20.856000900268555,1319387.0704876184,2129187.0
1,2006-03-01,1.2880199999999998E9,20.856000900268555,1513932.4367737768,2132322.0
1,2006-04-01,1.199397E9,20.856000900268555,1426026.5687727928,2135457.0
1,2006-05-01,1.350768E9,20.856000900268555,1571789.9929618835,2138592.0
1,2006-06-01,1.360611E9,20.856000900268555,1524299.7142102718,2141727.0
1,2006-07-01,1.383684E9,20.856000900268555,1561194.4252624512,2144862.0
1,2006-08-01,1.359513E9,20.856000900268555,1531074.2493878603,2147997.0
1,2006-09-01,1.2477569999999998E9,20.856000900268555,1402114.535084009,2151132.0
1,2006-10-01,1.270248E9,20.856000900268555,1451109.9976587296,2154267.0
1,2006-11-01,1.226544E9,20.856000900268555,1421730.4984817505,2157402.0
1,2006-12-01,1.2455459999999998E9,20.856000900268555,1495551.4886183736,2160537.0
1,2007-01-01,1.292007E9,20.124000549316406,1511975.1173923016,2163680.0
1,2007-02-01,1.258203E9,20.124000549316406,1464935.0080912113,2166770.0
1,2007-03-01,1.291746E9,20.124000549316406,1493474.7527189255,2169860.0
1,2007-04-01,1.185813E9,20.124000549316406,1331274.9075815678,2172950.0
1,2007-05-01,1.290003E9,20.124000549316406,1464307.01925838,2176040.0
1,2007-06-01,1.358625E9,20.124000549316406,1507931.7298829556,2179130.0
1,2007-07-01,1.431846E9,20.124000549316406,1642095.1603124142,2182220.0
1,2007-08-01,1.374282E9,20.124000549316406,1622293.0883660316,2185310.0
1,2007-09-01,1.265964E9,20.124000549316406,1479469.6225318909,2188400.0
1,2007-10-01,1.289937E9,20.124000549316406,1545205.9179528952,2191490.0
1,2007-11-01,1.249404E9,20.124000549316406,1457333.9626636505,2194580.0
1,2007-12-01,1.262274E9,20.124000549316406,1461382.6892631054,2197670.0
1,2008-01-01,1.319157E9,19.18800163269043,1544263.9153296947,2200764.0
1,2008-02-01,1.2329489999999998E9,19.18800163269043,1461961.496271014,2203837.0
1,2008-03-01,1.317741E9,19.18800163269043,1524081.1735879183,2206910.0
1,2008-04-01,1.240224E9,19.18800163269043,1411712.1634254456,2209983.0
1,2008-05-01,1.351824E9,19.18800163269043,1514823.3357925415,2213056.0
1,2008-06-01,1.325859E9,19.18800163269043,1532378.3410978317,2216129.0
1,2008-07-01,1.443504E9,19.18800163269043,1679513.2201309204,2219202.0
1,2008-08-01,1.436412E9,19.18800163269043,1664939.0647888184,2222275.0
1,2008-09-01,1.286706E9,19.18800163269043,1483490.5656580925,2225348.0
1,2008-10-01,1.30029E9,19.18800163269043,1527119.5970749855,2228421.0
1,2008-11-01,1.224894E9,19.18800163269043,1463488.4808847904,2231494.0
1,2008-12-01,1.216611E9,19.18800163269043,1470123.4495296478,2234567.0
1,2009-01-01,1.3198590000000002E9,21.17500114440918,1490527.150838256,2237642.0
1,2009-02-01,1.212945E9,21.17500114440918,1388555.8037370443,2240709.0
1,2009-03-01,1.267881E9,21.17500114440918,1500029.2365213633,2243776.0
1,2009-04-01,1.218423E9,21.17500114440918,1414636.469900608,2246843.0
1,2009-05-01,1.323783E9,21.17500114440918,1531414.0767481327,2249910.0
1,2009-06-01,1.346004E9,21.17500114440918,1547962.6530461311,2252977.0
1,2009-07-01,1.373874E9,21.17500114440918,1557880.667598009,2256044.0
1,2009-08-01,1.310793E9,21.17500114440918,1501447.3678236008,2259111.0
1,2009-09-01,1.230639E9,21.17500114440918,1401483.4119268656,2262178.0
1,2009-10-01,1.2645449999999998E9,21.17500114440918,1448076.905981898,2265245.0
1,2009-11-01,1.268067E9,21.17500114440918,1430750.2600829601,2268312.0
1,2009-12-01,1.254735E9,21.17500114440918,1458155.9095841646,2271379.0
1,2010-01-01,1.279311E9,23.009998321533203,1462749.8028087616,2274457.0
1,2010-02-01,1.226133E9,23.009998321533203,1370935.8570703268,2277525.0
1,2010-03-01,1.287123E9,23.009998321533203,1470538.0827373266,2280593.0
1,2010-04-01,1.18464E9,23.009998321533203,1328513.900756836,2283661.0
1,2010-05-01,1.299636E9,23.009998321533203,1445383.145620823,2286729.0
1,2010-06-01,1.349655E9,23.009998321533203,1509534.0849137306,2289797.0
1,2010-07-01,1.412193E9,23.009998321533203,1610420.8639444113,2292865.0
1,2010-08-01,1.385535E9,23.009998321533203,1564164.2267274857,2295933.0
1,2010-09-01,1.278366E9,23.009998321533203,1437105.8181917667,2299001.0
1,2010-10-01,1.2388829999999998E9,23.009998321533203,1376282.564075589,2302069.0
1,2010-11-01,1.209114E9,23.009998321533203,1301773.4461627007,2305137.0
1,2010-12-01,1.204557E9,23.009998321533203,1284660.8400335312,2308205.0
1,2011-01-01,1.267173E9,25.308000564575195,1446182.0504904985,2311283.0
1,2011-02-01,1.17096E9,25.308000564575195,1295352.5007247925,2314356.0
1,2011-03-01,1.2429449999999998E9,25.308000564575195,1424058.3577644823,2317429.0
1,2011-04-01,1.169838E9,25.308000564575195,1361608.3566513062,2320502.0
1,2011-05-01,1.32309E9,25.308000564575195,1452591.5333282948,2323575.0
1,2011-06-01,1.31358E9,25.308000564575195,1460193.4337353706,2326648.0
1,2011-07-01,1.359771E9,25.308000564575195,1524484.4237490892,2329721.0
1,2011-08-01,1.317093E9,25.308000564575195,1506607.0302125216,2332794.0
1,2011-09-01,1.224348E9,25.308000564575195,1396719.2668418884,2335867.0
1,2011-10-01,1.2363719999999998E9,25.308000564575195,1428010.6563363073,2338940.0
1,2011-11-01,1.200804E9,25.308000564575195,1363888.0752968788,2342013.0
1,2011-12-01,1.216632E9,25.308000564575195,1407177.4542160034,2345086.0
1,2012-01-01,1.2746189999999998E9,26.4320011138916,1464638.6412599084,2348162.0
1,2012-02-01,1.227639E9,26.4320011138916,1434757.9188827276,2351241.0
1,2012-03-01,1.214718E9,26.4320011138916,1375168.9087650776,2354320.0
1,2012-04-01,1.163946E9,26.4320011138916,1334757.2644701004,2357399.0
1,2012-05-01,1.31418E9,26.4320011138916,1505440.2727103233,2360478.0
1,2012-06-01,1.303767E9,26.4320011138916,1388625.2316116095,2363557.0
1,2012-07-01,1.33986E9,26.4320011138916,1407918.293581009,2366636.0
1,2012-08-01,1.314291E9,26.4320011138916,1392301.3959810734,2369715.0
1,2012-09-01,1.181001E9,26.4320011138916,1268779.2809121609,2372794.0
1,2012-10-01,1.217118E9,26.4320011138916,1321067.694280386,2375873.0
1,2012-11-01,1.181379E9,26.4320011138916,1302015.2763379812,2378952.0
1,2012-12-01,1.175553E9,26.4320011138916,1307202.870778799,2382031.0
1,2013-01-01,1.23201E9,27.25,1345328.1995987892,2385121.0
1,2013-02-01,1.176972E9,27.25,1233615.7754573822,2388208.0
1,2013-03-01,1.267632E9,27.25,1365881.621995926,2391295.0
1,2013-04-01,1.146795E9,27.25,1251652.1499037743,2394382.0
1,2013-05-01,1.2639959999999998E9,27.25,1348779.4536209104,2397469.0
1,2013-06-01,1.263936E9,27.25,1349367.541442871,2400556.0
1,2013-07-01,1.296984E9,27.25,1334648.542711258,2403643.0
1,2013-08-01,1.256034E9,27.25,1288958.032711029,2406730.0
1,2013-09-01,1.131096E9,27.25,1146465.5474452972,2409817.0
1,2013-10-01,1.170888E9,27.25,1232471.0165863037,2412904.0
1,2013-11-01,1.128639E9,27.25,1241678.3726152182,2415991.0
1,2013-12-01,1.149948E9,27.25,1244598.9416384697,2419078.0
1,2014-01-01,1.262628E9,31.244003295898438,1444914.1557097435,2422176.0
1,2014-02-01,1.147155E9,31.244003295898438,1338666.085487008,2425272.0
1,2014-03-01,1.188774E9,31.244003295898438,1413294.7137215137,2428368.0
1,2014-04-01,1.118199E9,31.244003295898438,1326795.9812307358,2431464.0
1,2014-05-01,1.214682E9,31.244003295898438,1398300.5733203888,2434560.0
1,2014-06-01,1.219056E9,31.244003295898438,1372071.8980522156,2437656.0
1,2014-07-01,1.286229E9,31.244003295898438,1448117.1241021156,2440752.0
1,2014-08-01,1.221345E9,31.244003295898438,1429086.4342296124,2443848.0
1,2014-09-01,1.095255E9,31.244003295898438,1244950.0218504667,2446944.0
1,2014-10-01,1.105236E9,31.244003295898438,1269714.3700175285,2450040.0
1,2014-11-01,1.0522620000000001E9,31.244003295898438,1230176.8482377531,2453136.0
1,2014-12-01,1.081755E9,31.244003295898438,1266423.1663888693,2456232.0
1,2015-01-01,1.12209E9,17.53499984741211,1303543.468222618,2459337.0
1,2015-02-01,1.081536E9,17.53499984741211,1241061.1830368042,2462443.0
1,2015-03-01,1.094895E9,17.53499984741211,1257284.300301075,2465549.0
1,2015-04-01,1.07646E9,17.53499984741211,1232164.4021773338,2468655.0
1,2015-05-01,1.163172E9,17.53499984741211,1328860.4145612717,2471761.0
1,2015-06-01,1.207242E9,17.53499984741211,1398544.1831552982,2474867.0
1,2015-07-01,1.282062E9,17.53499984741211,1475961.3512499332,2477973.0
1,2015-08-01,1.228659E9,17.53499984741211,1387896.341274619,2481079.0
1,2015-09-01,1.110846E9,17.53499984741211,1240749.2821018696,2484185.0
1,2015-10-01,1.089363E9,17.53499984741211,1228843.5622050762,2487291.0
1,2015-11-01,1.043352E9,17.53499984741211,1187206.1062402725,2490397.0
1,2015-12-01,1.151565E9,17.53499984741211,1281913.0392766,2493503.0
1,2016-01-01,1.118721E9,27.45599937438965,1250950.1593344212,2496611.0
1,2016-02-01,1.085481E9,27.45599937438965,1223679.0617136955,2499727.0
1,2016-03-01,1.158315E9,27.45599937438965,1298545.3246361017,2502843.0
1,2016-04-01,1.050579E9,27.45599937438965,1219717.3487144709,2505959.0
1,2016-05-01,1.115541E9,27.45599937438965,1215876.2944157124,2509075.0
1,2016-06-01,1.203423E9,27.45599937438965,1298349.6662900448,2512191.0
1,2016-07-01,1.224051E9,27.45599937438965,1285730.060637474,2515307.0
1,2016-08-01,1.219959E9,27.45599937438965,1322333.8896474838,2518423.0
1,2016-09-01,1.10391E9,27.45599937438965,1186513.1459462643,2521539.0
1,2016-10-01,1.0697760000000001E9,27.45599937438965,1112174.5978832247,2524655.0
1,2016-11-01,1.0371690000000001E9,27.45599937438965,1136853.5239094498,2527771.0
1,2016-12-01,1.007529E9,27.45599937438965,1122607.1841073036,2530887.0
1,2017-01-01,1.049214E9,25.5,1192997.681151867,2534003.0
1,2017-02-01,9.627660000000001E8,25.5,1073815.5568213465,2537129.0
1,2017-03-01,1.091001E9,25.5,1222610.559766531,2540255.0
1,2017-04-01,9.69528E8,25.5,1087748.2153701782,2543381.0
1,2017-05-01,1.120173E9,25.5,1168406.920214653,2546507.0
1,2017-06-01,1.182885E9,25.5,1277531.0799390078,2549633.0
1,2017-07-01,1.20699E9,25.5,1138759.072600007,2552759.0
1,2017-08-01,1.20486E9,25.5,1224086.953868866,2555885.0
1,2017-09-01,1.075599E9,25.5,1057799.306274891,2559011.0
1,2017-10-01,1.033368E9,25.5,1024410.4525594711,2562137.0
1,2017-11-01,1.07568E9,25.5,1039325.8565711975,2565263.0
1,2017-12-01,1.053297E9,25.5,1063887.4677114487,2568389.0
1,2018-01-01,1.160028E9,21.899999618530273,1158906.0156161785,2571515.0
1,2018-02-01,1.0121820000000001E9,21.899999618530273,1029129.9932234288,2574651.0
1,2018-03-01,1.045332E9,21.899999618530273,1038950.1175253391,2577787.0
1,2018-04-01,1.018203E9,21.899999618530273,1046579.406663537,2580923.0
1,2018-05-01,1.134249E9,21.899999618530273,1105122.4258756042,2584059.0
1,2018-06-01,1.191246E9,21.899999618530273,1179623.4598542452,2587195.0
1,2018-07-01,1.211136E9,21.899999618530273,1167359.667755127,2590331.0
1,2018-08-01,1.182675E9,21.899999618530273,1122827.4245604873,2593467.0
1,2018-09-01,1.046841E9,21.899999618530273,985182.0041010976,2596603.0
1,2018-10-01,1.0076880000000001E9,21.899999618530273,965920.4497618676,2599739.0
1,2018-11-01,9.640890000000001E8,21.899999618530273,914630.6700477005,2602875.0
1,2018-12-01,1.036086E9,21.899999618530273,1014524.7332228422,2606011.0
