Time (Month),Temperature - C,Solar (Rooftop) Market Value - $,Solar (Rooftop) - GWh,Solar (Utility) Market Value - $,Solar (Utility) - GWh,Wind Market Value - $,Wind - GWh,Hydro Market Value - $,Hydro - GWh,Battery (Discharging) Market Value - $,Battery (Discharging) - GWh,Gas (OCGT) Market Value - $,Gas (OCGT) - GWh,Gas (Steam) Market Value - $,Gas (Steam) - GWh,Brown Coal Market Value - $,Brown Coal - GWh,Imports Market Value - $,Imports - GWh,Exports Market Value - $,Exports - GWh,Total (GWh) (minus exports),Solar (Rooftop) Market Value - $/MWh,Solar (Utility) Market Value - $/MWh,Wind Market Value - $/MWh,Hydro Market Value - $/MWh,Battery (Discharging) Market Value - $/MWh,Gas (OCGT) Market Value - $/MWh,Gas (Steam) Market Value - $/MWh,Brown Coal Market Value - $/MWh,Imports Market Value - $/MWh,Exports Market Value - $/MWh,Volume Weighted Price (Historic) - $/MWh,Imports % from wholesale price
2005-04-01,,0,0,0,0,0,0,11848263.3,304.5,0,0,587274.62,13.34,5522659.19,140.81,112404402.7,3672.66,-6227855.6,162.65,1845413.09,-97.08,4293.96,,0,0,38.91055271,0,44.02358471,39.22064619,30.60571975,38.28992069,-19.00919953,31.80990401,20%
2005-05-01,,0,0,0,0,0,0,8161908.91,260.01,0,0,191819.4,5.44,1525144.6,42.71,106524927.1,4318.42,-3876983.75,121.95,3603795.54,-199.72,4748.53,,0,0,31.39075001,0,35.26091912,35.7093093,24.66756987,31.79158467,-18.04423964,25.33010926,26%
2005-06-01,,0,0,0,0,0,0,6597447.23,200.71,0,0,266256.26,5.31,1021663.47,27.22,103918421.7,4400.22,-2618898.54,85.08,4487434.59,-255.37,4718.54,,0,0,32.87054571,0,50.14242185,37.53355878,23.61664227,30.78160014,-17.57228566,24.24959567,27%
2005-07-01,,0,0,0,0,0,0,7421383.61,182.63,0,0,537717.05,9.47,1554213.68,39.82,114851913.8,4306.61,-7221472.29,220.25,2128354.71,-119.41,4758.78,,0,0,40.63616936,0,56.78110348,39.03098142,26.66875194,32.78761539,-17.82392354,27.65135191,19%
2005-08-01,,0,0,0,0,0,0,10855283.83,207.39,0,0,1840504.25,18.64,1626224.5,26.81,129211409.6,4284.03,-9089474.75,229.3,2296907.27,-139.01,4766.17,,0,0,52.34236863,0,98.73949839,60.6573853,30.16118225,39.64009922,-16.52332401,32.02212613,24%
2005-09-01,,0,0,0,0,0,0,11037028.41,274.49,0,0,1521075.61,14.53,2298829.83,41.11,116281206.1,4018.51,-5965803.09,148.98,3126564.95,-166.94,4497.62,,0,0,40.20921859,0,104.6851762,55.91899368,28.93639835,40.04432199,-18.72867467,30.48366538,31%
2005-10-01,,0,0,0,0,0,0,6376798.55,225.2,0,0,165721.38,4.38,630459.07,18.97,93236749.51,4109.4,-2857817.76,94.95,3584035.31,-223.25,4452.9,,0,0,28.31615697,0,37.83593151,33.23453189,22.68865273,30.09813333,-16.05390956,23.19107689,30%
2005-11-01,,0,0,0,0,0,0,15171296.77,201.88,0,0,3812670.39,12.98,59965.03,1.72,121777884.8,3922.75,-7087868.49,120.59,3758744.73,-234.91,4259.92,,0,0,75.15007316,0,293.7342365,34.86338953,31.04400861,58.77658587,-16.00078639,34.72123548,69%
2005-12-01,,0,0,0,0,0,0,24906546.13,281.7,0,0,2758593.72,6.39,5858122.07,34.71,153936195.5,4484.7,-1183435.63,34.42,10151199.84,-523.55,4841.92,,0,0,88.41514423,0,431.7048075,168.7733238,34.32474759,34.38220889,-19.38916978,38.96034901,-12%
2006-01-01,,0,0,0,0,0,0,21922038.25,255.55,0,0,11165042.03,26.87,10599634.07,51.24,227938179.6,4367,-26038295.94,121.11,5888499.52,-381.91,4821.77,0,0,0,85.78375367,0,415.5207306,206.8624916,52.19559871,214.9970765,-15.41855285,61.73317886,248%
2006-02-01,,0,0,0,0,0,0,24446578.7,271.43,0,0,6850127.97,9.89,5892152.64,18.91,229322845.8,4025.75,-17766011.05,92.18,5476813.62,-349.99,4418.16,0,0,0,90.06586855,0,692.6317462,311.5892459,56.96400566,192.7317319,-15.64848601,64.3430107,200%
2006-03-01,,0,0,0,0,0,0,5449379.59,168.11,0,0,247162.67,5.2,1180187.15,31.75,105373808,4494.74,-2943080.69,80.23,6204723.53,-363.72,4780.03,0,0,0,32.4155588,0,47.53128269,37.17124882,23.44380498,36.68304487,-17.05906612,24.09893203,52%
2006-04-01,,0,0,0,0,0,0,3215250.14,105.92,0,0,189557.68,4.8,910280.07,26.83,93570703.1,4114.23,-2011134.45,69.76,3984306.26,-248.1,4321.54,0,0,0,30.35545827,0,39.49118333,33.92769549,22.74318721,28.82933558,-16.05927553,23.11604785,25%
2006-05-01,,0,0,0,0,0,0,10495129.68,182.62,0,0,1679149.99,11.5,3223996.52,56.57,125987604.4,4453.1,-5777260.57,149.68,3299897.76,-196.89,4853.47,0,0,0,57.46977155,0,146.0130426,56.99127665,28.29211209,38.59741161,-16.76010849,30.32122196,27%
2006-06-01,,0,0,0,0,0,0,14787566.61,321.31,0,0,1339884.49,19.96,4091824.89,89.03,149170856.5,4296.73,-9622406.9,226.22,2338311.67,-117.2,4953.25,0,0,0,46.02274006,0,67.12848146,45.9600684,34.71729815,42.53561533,-19.95146476,36.14042081,18%
2006-07-01,,0,0,0,0,0,0,29455575.46,312.23,0,0,4242233.25,21.68,5317804.14,34.33,207916288.7,4460.97,-17457651.17,244.96,3508037.07,-174.97,5074.17,0,0,0,94.33935067,0,195.6749654,154.9025383,46.60786526,71.26735455,-20.04936315,52.10498519,37%
2006-08-01,,0,0,0,0,0,0,12612251.14,313.22,0,0,540731.73,8.57,4137730.08,99.73,139048408,4327.02,-7305907.27,173.43,3599762.63,-168.82,4921.97,0,0,0,40.26642979,0,63.09588448,41.48932197,32.13491224,42.12597169,-21.32308157,33.24787193,27%
2006-09-01,,0,0,0,0,0,0,11795085.27,310.27,0,0,940524.25,15.04,1936159.3,38.99,122236350.8,3997.44,-7120569.28,172.44,3532811.9,-180.85,4534.18,0,0,0,38.01555184,0,62.53485705,49.65784304,30.57865804,41.29302528,-19.53448659,31.76510171,30%
2006-10-01,,0,0,0,0,0,0,8834861.41,255.16,0,0,354629.33,6.94,2618921.07,67.32,114016358,4127.77,-4652693.88,118.79,3775968.86,-206.16,4575.98,0,0,0,34.62478997,0,51.09932709,38.90257086,27.62178076,39.16738682,-18.31572012,28.51355636,37%
2006-11-01,,0,0,0,0,0,0,7856891.8,193.15,0,0,2369598.7,35.34,4418090.79,83.37,132897485.6,4127.06,-3999129.3,56.11,7189767.6,-318.22,4495.03,0,0,0,40.67766917,0,67.05146293,52.99377222,32.20149104,71.27302263,-22.59370121,33.71305557,111%
2006-12-01,,0,0,0,0,0,0,2246351.79,75.99,0,0,729247.9,17.49,1889565.46,45.41,102371073.2,4587.79,-1602223.64,32.04,9563367.22,-601.72,4758.72,0,0,0,29.56115002,0,41.69513436,41.61121911,22.31380974,50.00698002,-15.89338433,22.87137339,119%
2007-01-01,,0,0,0,0,0,0,45367465.68,110.54,0,0,49433318.33,170.24,1316259.43,22.71,380986382.2,4331.05,-52732425.05,137.74,8850731.91,-371.17,4772.28,0,0,0,410.4167331,0,290.3742853,57.95946411,87.96628583,382.8403154,-23.84549374,111.0236304,245%
2007-02-01,,0,0.01,0,0,0,0,12862710.67,95.84,0,0,16787527.55,227.19,1905684.89,28.45,197332032.7,4096.12,-19077086.43,154.29,8094288.21,-325.19,4601.9,0,0,0,134.2102532,0,73.89201791,66.98365167,48.1753544,123.6443479,-24.89095055,53.88318786,129%
2007-03-01,,0,0.01,0,0,0,0,18135369.3,161.23,0,0,15397225.77,175.03,2547862.85,65.39,229758623.5,4342.08,-16729634.52,112.71,12801241.23,-403.84,4856.45,0,0,0,112.4813577,0,87.96906685,38.96410537,52.9144151,148.4307916,-31.69879465,58.18421191,155%
2007-04-01,,0,0.01,0,0,0,0,18043849.44,205.24,0,0,15596448.95,195.29,21881934.06,307.17,261204956.8,3871.07,-2446270.96,23.58,25575509.5,-460.58,4602.36,0,0,0,87.91585188,0,79.86301884,71.23721086,67.47616469,103.7434673,-55.52891897,69.34995529,50%
2007-05-01,,0,0.01,0,0,0,0,12014301.02,143.49,0,0,14706293.56,192.66,18692847,277.12,244148354,3906.93,-8746245.13,109.45,8880236.39,-199.65,4629.66,0,0,0,83.72918684,0,76.33288467,67.45398023,62.49110017,79.91087373,-44.47902024,64.4341141,24%
2007-06-01,,0,0.01,0,0,0,0,74498331,277.6,0,0,56370236.51,235.24,39291098.65,224.7,606183851.6,4127.32,-17194476.77,101.13,18142864.7,-197.78,4966,0,0,0,268.3657457,0,239.6286198,174.8602521,146.8710571,170.0235021,-91.73255486,159.7941995,6%
2007-07-01,,0,0.02,0,0,0,0,25717285.63,170.99,0,0,17171204.91,154.46,12454653.81,126.49,380602584.5,4431.96,-23660044.87,191.24,7298018.99,-158.81,5075.16,0,0,0,150.4022787,0,111.1692665,98.46354502,85.87680946,123.7191219,-45.95440457,90.55985893,37%
2007-08-01,,0,0.03,0,0,0,0,5278192.26,94.54,0,0,3089384.11,53.78,6415051.31,128.97,193496821.1,4506.63,-4910018.43,91.3,7181662.8,-220.25,4875.25,0,0,0,55.8302545,0,57.44485143,49.74064751,42.93603449,53.77895323,-32.60686856,43.72893025,23%
2007-09-01,,0,0.06,0,0,0,0,8822066.58,140.65,0,0,2088198.2,38.04,8580873.11,162.55,193943283.5,4245.41,-2672401.7,37.93,10282356.09,-296.22,4624.64,0,0,0,62.72354483,0,54.89480021,52.78913018,45.68305147,70.45614817,-34.71189012,46.72943691,51%
2007-10-01,,0,0.1,0,0,0,0,3190501.67,48.25,0,0,3101350.2,59.33,2286786.47,54.03,153531054.2,4340.8,-3909170.58,77.21,6524032.7,-261.73,4579.72,0,0,0,66.12438694,0,52.27288387,42.32438405,35.36929925,50.63036627,-24.92657586,36.25087628,40%
2007-11-01,,0,0.13,0,0,0,0,5720968.18,74.94,0,0,9642142.54,119.07,11434212.35,209.88,165736844,3943.21,-7694584.15,87.64,6571221.52,-228.74,4434.87,0,0,0,76.34064825,0,80.97877333,54.47976153,42.03094534,87.79762837,-28.72790732,45.14873067,94%
2007-12-01,,0,0.16,0,0,0,0,9993628.57,88.53,0,0,10929576.25,127.61,12216542.49,206.97,171806786,3938.43,-16391125.92,145.89,5861702.28,-242.45,4507.59,0,0,0,112.8840909,0,85.64827404,59.02566792,43.62316609,112.352635,-24.1769531,49.10332556,129%
2008-01-01,,0,0.18,0,0,0,0,6708108.51,95.64,0,0,7525798.29,84.58,9000869.47,158.12,172495361.3,4260.88,-10226253.97,114.44,6046947.13,-255.63,4713.84,0,0,0,70.13915213,0,88.97846169,56.92429465,40.48350606,89.35908747,-23.6550762,43.69185028,105%
2008-02-01,,0,0.17,0,0,0,0,5463746.77,100.83,0,0,3180596.06,18.97,3171271.75,40.47,156311394.9,4238.32,-9383279.98,106.17,7023750.29,-322.46,4504.93,0,0,0,54.18770971,0,167.6645261,78.3610514,36.88050806,88.37976811,-21.78177228,39.40356221,124%
2008-03-01,,0,0.2,0,0,0,0,19232094.55,180.3,0,0,16980278.93,58.8,11612698.73,98.3,226270329.9,4348.74,-30575623.22,135.59,6335564.74,-287.14,4821.93,0,0,0,106.6671911,0,288.7802539,118.1352872,52.03123892,225.5005769,-22.06437536,63.1844563,257%
2008-04-01,,0,0.16,0,0,0,0,10336139.95,190.48,0,0,2815385.69,44.22,8503823.72,167.86,153164896.3,3862.88,-9134728.89,174.15,3352421.27,-134.7,4439.75,0,0,0,54.26364946,0,63.66769991,50.66021518,39.65044119,52.4532236,-24.88805694,41.43363354,27%
2008-05-01,,0,0.13,0,0,0,0,14352061.95,208.71,0,0,7326341.68,103.14,14708401.85,238.05,213571080.1,3972.22,-16996598.91,256.19,2446889.01,-74.29,4778.44,0,0,0,68.76556921,0,71.03298119,61.78702731,53.76617611,66.34372501,-32.93699031,55.86645107,19%
2008-06-01,,0,0.13,0,0,0,0,10779449.94,169.38,0,0,4528067.33,71.96,8254284.51,155.21,179781700.1,4295.98,-5596650.26,95.54,5881781.95,-218.75,4788.2,0,0,0,63.64063018,0,62.92478224,53.18139624,41.84882147,58.57913188,-26.88814606,43.63647135,34%
2008-07-01,,0,0.12,0,0,0,0,15004147.61,166.68,0,0,6519126.73,40.05,10103028.57,156.12,189589240.2,4535.26,-4764302.52,78.17,5059180.39,-172.04,4976.4,0,0,0,90.01768425,0,162.7746999,64.71322425,41.80338948,60.94796623,-29.40700064,45.41030577,34%
2008-08-01,,0,0.15,0,0,0,0,9376897.92,168.03,0,0,5956732.32,94.74,10679688.56,211.48,186122149.9,4585.81,-1353318.29,25.54,10492645.92,-306.02,5085.75,0,0,0,55.80490341,0,62.87452312,50.49975676,40.58653757,52.98818677,-34.28745154,41.97783748,26%
2008-09-01,,0,0.31,0,0,0,0,10376727.05,203.89,0,0,5002046.17,88.65,4331217.2,91.45,150473732.5,4151.56,-2011135.19,38.08,8902706.27,-292.32,4573.94,0,0,0,50.89375178,0,56.42466069,47.36158775,36.24510605,52.81342411,-30.45534438,37.64694292,40%
2008-10-01,,0,0.39,0,0,0,0,7240543.42,133.5,0,0,9326532.72,169.41,0,0,168403189.1,4266.52,-1059955.14,23.68,9464176.25,-268.15,4593.5,0,0,0,54.2362803,0,55.05302355,na,39.47085426,44.76161909,-35.29433619,40.49857851,11%
2008-11-01,,0,0.46,0,0,0,0,3791421.27,66.18,0,0,5442881.75,102.3,0,0,142917266.4,4167.06,-2742639.97,53.9,7711112.48,-315.8,4389.9,0,0,0,57.28953264,0,53.2051002,na,34.2969063,50.88385844,-24.41770893,35.28422273,44%
2008-12-01,,0,0.55,0,0,373108.66,16.77,1092059.23,37.9,0,0,1439613.65,43.91,485617.25,16.86,104703951,4639.41,-396668.38,8.59,13054769.07,-694.28,4763.99,0,0,22.24857841,28.8142277,0,32.7855534,28.80292112,22.56837636,46.17792549,-18.80332009,22.77314145,103%
2009-01-01,,0,0.6,0,0,2342401.99,16.06,123481932.1,248.16,0,0,80851532.28,134.71,39264430.48,128.66,553372015.9,4231.1,-49613748.25,55.18,12141944.54,-401.57,4814.47,0,0,145.853175,497.5899906,0,600.1895351,305.1797799,130.7867968,899.1255573,-30.23618433,176.3280405,410%
2009-02-01,,0,0.58,0,0,577214.61,17.77,14345181.73,205.78,0,0,6235073.39,68.09,6537974.42,114.1,136735692.6,3992.45,-209016.93,12.84,10812316.57,-355.5,4411.61,0,0,32.48253292,69.71125343,0,91.57105875,57.30038931,34.24856732,16.2785771,-30.4143926,37.31974351,-56%
2009-03-01,,0,0.64,0,0,392391.95,16.05,4552161.11,126.08,0,0,312601.64,8.73,2685487.41,72.54,114371249.6,4513.33,-234489.3,5.3,10837500.88,-503.63,4742.67,0,0,24.44809657,36.10533875,0,35.807748,37.0207804,25.34076825,44.24326415,-21.51877545,25.83953363,71%
2009-04-01,,0,0.47,0,0,1059037.94,29.77,7986621.05,145.55,0,0,3113341.61,48.19,5763156.83,109.57,151841897.4,4052.82,-524114.62,10.29,8839391.64,-309.36,4396.66,0,0,35.57399866,54.87200996,0,64.60555323,52.59794497,37.46573927,50.9343654,-28.57315632,38.73125725,32%
2009-05-01,,0,0.38,0,0,972728.99,33.91,7412048.32,183.91,0,0,907660.65,21.24,4505555.54,111.57,136658646.8,4367.71,-866632.11,18.52,7017287.37,-294.18,4737.24,0,0,28.68560867,40.30258453,0,42.73355226,40.38321717,31.28839754,46.79439039,-23.85372007,31.94334094,46%
2009-06-01,,0,0.36,0,0,1093160.07,38.2,8920812.9,214.73,0,0,2273717.21,49.46,3653569.05,82.09,132872300,4436.06,-468744.34,12.1,7624548.93,-310.49,4833,0,0,28.61675576,41.54432497,0,45.97082915,44.50687112,29.9527734,38.73920165,-24.55650401,30.88812405,25%
2009-07-01,,0,0.36,0,0,2273180.27,91.46,6774205.07,191.61,0,0,2118115.56,54.14,4607094,134.95,117806783.3,4382.46,-1912172.78,59,5577164.55,-245.56,4913.98,0,0,24.85436551,35.35413115,0,39.1229324,34.13926639,26.88142807,32.40970814,-22.71202374,27.57267041,18%
2009-08-01,,0,0.46,0,0,2869957.55,135.17,4134982.92,138.62,0,0,319221.22,10.06,1748996.73,61.24,98748817.64,4361.13,-1722783.45,63.08,4820058.61,-268.51,4769.76,0,0,21.23220796,29.82962718,0,31.73173161,28.55971146,22.64294292,27.3110883,-17.95113258,22.96651394,19%
2009-09-01,,0,1,0,0,2703908.59,121.01,4922998.61,165.67,0,0,441142.59,15.33,1763075.3,61.33,94077186.49,4094.57,-952284.08,32.71,5003310.66,-263.77,4491.62,0,0,22.34450533,29.7156915,0,28.77642466,28.74735529,22.97608454,29.11293427,-18.96845987,23.34582971,25%
2009-10-01,,0,1.33,0,0,2607432.66,101.65,6559327.67,208.62,0,0,755104.71,19.49,911327.32,27.12,115039447.2,4489.19,-114575.96,2.79,12019399.25,-527.47,4850.19,0,0,25.65108372,31.4415093,0,38.74318676,33.60351475,25.62588066,41.06665233,-22.78688693,25.97572786,58%
2009-11-01,,0,1.64,0,0,1956926.87,71.95,12418743.98,215.45,0,0,6864431.9,104.39,6176320.1,128.35,139277626.8,4254.94,-2564179.73,30.81,13502175.82,-508.68,4807.53,0,0,27.19842766,57.64095605,0,65.75756203,48.12092014,32.73315882,83.22556735,-26.54355552,35.2069003,136%
2009-12-01,,0,2.06,0,0,2177673.77,91.9,4523434.3,112.32,0,0,1994349.1,46.93,2713590.92,76.49,105339724.9,4481.45,-878526.24,20.13,10672674.02,-558.43,4831.28,0,0,23.69612372,40.27274127,0,42.49625186,35.47641417,23.50572357,43.64263487,-19.11192812,24.34702589,79%
2010-01-01,,0,2.42,0,0,6803702.84,90.92,58291612.85,191.95,0,0,28078677.77,91.48,12370131.47,26.87,269489553.3,4573,-21255889.62,26.41,13674839.3,-649.91,5003.05,0,0,74.83175143,303.6812339,0,306.9378855,460.3696118,58.9305824,804.8424695,-21.04112769,79.20959572,916%
2010-02-01,,0,2.49,0,0,4422391.84,94.45,55871670.26,247.61,0,0,28704016.73,74.26,8942786.67,35.38,269050431.5,4042.39,-12740098.18,43.73,8187202.05,-360.62,4540.31,0,0,46.8225711,225.6438361,0,386.5340255,252.7638968,66.55726724,291.335426,-22.70312808,83.63556567,248%
2010-03-01,,0,3.07,0,0,1585166.39,73.44,7531367.75,256.49,0,0,148208.95,5.04,903705.22,25.96,105059231.7,4579.95,-159921.33,4.53,12005350.5,-584.65,4948.48,0,0,21.58450967,29.36320227,0,29.4065377,34.81144915,22.93894731,35.30272185,-20.53425212,23.31778674,51%
2010-04-01,,0,2.45,0,0,3986116.49,83.54,67658449.03,251.5,0,0,24317379.84,33.31,7365429.63,22.05,255424537.8,3921.33,-1974530.55,58.91,26617443.96,-336.4,4373.09,0,0,47.71506452,269.0196781,0,730.0324179,334.0330898,65.13722075,33.51774826,-79.12438751,82.48777029,-59%
2010-05-01,,0,2.17,0,0,1921636.39,72.23,10288638.53,265.08,0,0,1636128.71,36.49,1129055.85,25.5,118889732.5,3949.35,-7273005.21,187.18,2692303.33,-132.86,4538,0,0,26.604408,38.81333382,0,44.83772842,44.2767,30.10362023,38.85567481,-20.26421293,31.1014097,25%
2010-06-01,,0,2.19,0,0,2545996.46,86.74,12341026.08,294.22,0,0,1738923.28,32.19,657982.75,10.79,133309524.3,4278.5,-3411328.02,82.35,4565082.96,-198.31,4786.98,0,0,29.35204588,41.94489185,0,54.02060516,60.9807924,31.15800498,41.42474827,-23.01993324,32.17159481,29%
2010-07-01,,0,2.14,0,0,1576843.1,67.42,8850958.86,245.31,0,0,640936.75,19.81,1422578.09,39.41,129843785.6,4589.51,-2114187.08,60.53,5385412.2,-245.74,5024.13,0,0,23.38835805,36.08070955,0,32.35420242,36.09688125,28.29142666,34.92792136,-21.91508179,28.75110506,21%
2010-08-01,,0,2.71,0,0,3532299,134.81,6029138.48,200.24,0,0,796165.46,18.87,1403626.96,35.89,120365866.7,4436.71,-3921241.7,118.33,4161826.01,-191.54,4947.56,0,0,26.20205474,30.10956093,0,42.19212825,39.10913792,27.12953218,33.13818727,-21.72823436,27.49806739,21%
2010-09-01,,0,5.67,0,0,2240505.47,104.83,6669764.41,270.01,0,0,182510.86,7.56,232829.76,9.37,93757643.05,4215.14,-569830.06,22.07,4994336.42,-257.46,4634.65,0,0,21.37275083,24.70191626,0,24.14164815,24.84842689,22.24306738,25.81921432,-19.3984946,22.36481366,15%
2010-10-01,,0,7.32,0,0,2072529.73,99.01,8261310.58,333.94,0,0,799405.93,47.42,2145.54,0.1,90417694.43,4320.99,-41687.38,1.52,11335762.65,-568.64,4810.3,0,0,20.93252934,24.73890693,0,16.85799093,21.4554,20.92522649,27.42590789,-19.93486679,21.12025728,30%
2010-11-01,,0,8.88,0,0,1631662.01,91.96,9646856.74,475.59,0,0,686985.47,30.98,483454.48,19.76,77722353.07,4208.07,-10801.95,0.38,12244821.96,-698.51,4835.62,0,0,17.74317105,20.28397725,0,22.17512815,24.46631984,18.46983369,28.42618421,-17.52991648,18.64954519,52%
2010-12-01,,0,10.56,0,0,1533619.81,97.89,9892472.67,532.73,0,0,496962.95,24.73,140085.67,4.79,71688432.11,4277.7,-606.55,0.02,13103622.1,-817.92,4948.42,0,0,15.66676688,18.56939288,0,20.09554994,29.24544259,16.75863948,30.3275,-16.02066473,16.92503461,79%
2011-01-01,,0,11.55,0,0,2534466.69,81.83,29125393.38,169.7,0,0,17445388.92,99.95,3412894.29,60.99,170306887.1,4349.93,-1410599.46,13.86,10880173.9,-467.4,4787.81,0,0,30.97234132,171.6287176,0,174.5411598,55.95826021,39.15163856,101.7748528,-23.27807852,46.83469683,117%
2011-02-01,,0,10.84,0,0,3866693.94,72.29,24454122.07,285.12,0,0,12542641.34,85.67,6048811.78,59.76,153567240.8,3877.45,-3521670.46,14.68,10819008.62,-413.21,4405.81,0,0,53.48864214,85.76782432,0,146.406459,101.2184033,39.60521496,239.8958079,-26.18283347,46.30276393,418%
2011-03-01,,0,12.21,0,0,2288091.96,94.5,5106476.22,172.49,0,0,1973586.46,69.06,104371.38,3.46,107719727.3,4307.01,-412893.99,12.8,9304282.23,-422.35,4671.53,0,0,24.21261333,29.6044769,0,28.57785201,30.16513873,25.01032673,32.25734297,-22.029791,25.1748672,28%
2011-04-01,,0,9.13,0,0,1809810.38,72.51,3954443.7,133.78,0,0,557204.29,19.1,3612.21,0.14,105119801.6,4106.55,-631661.69,21.09,8634342.41,-384.48,4362.3,0,0,24.95945911,29.55930408,0,29.17299948,25.8015,25.5980815,29.95076766,-22.4571952,25.69207387,17%
2011-05-01,,0,7.74,0,0,2656468.93,83.44,14751738.19,337.55,0,0,2337851.84,43.03,405173.5,11.14,138169641.8,4042.68,-4976105.7,132.86,5086333.43,-155.73,4658.44,0,0,31.83687596,43.70237947,0,54.33074227,36.37105027,34.17773402,37.45375358,-32.66123053,35.05400519,7%
2011-06-01,,0,8.33,0,0,3517004.73,127.78,9953864.93,281.06,0,0,273036.22,7,3189.76,0.11,117513584.8,4192.82,-3064164.91,86.82,3922388.42,-190.79,4703.92,0,0,27.52390617,35.41544485,0,39.00517429,28.99781818,28.02733836,35.29330696,-20.5586688,28.55593747,24%
2011-07-01,,0,7.8,0,0,3879011.73,137.37,8454865.35,216.79,0,0,1304178.42,26.82,2224716.37,49.77,128168599.2,4357.71,-4059974.94,103.96,4310196.01,-223.39,4900.22,0,0,28.23769185,39.00025532,0,48.62708501,44.69994716,29.41191571,39.05324105,-19.2944895,30.2213668,29%
2011-08-01,,0,9.71,0,0,2551728.48,87.51,6696546.98,182.68,0,0,499431.41,12.86,1114298,26.45,130177063.6,4361.45,-3836700.35,102.2,6553593.82,-292.82,4782.86,0,0,29.15927871,36.65725301,0,38.83603499,42.12846881,29.84719844,37.54109932,-22.3809638,30.29061458,24%
2011-09-01,,0,20.39,0,0,3422628.96,131.82,5035919.54,157.15,0,0,308257.54,10.18,341942.59,9.67,114045921.6,4228.58,-1276041.83,36.17,8186727.75,-372.26,4593.96,0,0,25.96441329,32.0453041,0,30.28070138,35.36117787,26.97026462,35.27901106,-21.99196194,27.08571951,30%
2011-10-01,,0,24.21,0,0,2550397.59,113.85,3912728.99,132.34,0,0,811165.98,31.57,757012.23,24.35,108386836.5,4574.02,-127893.49,3.5,13894318.16,-660.37,4903.84,0,0,22.40138419,29.56573213,0,25.69420272,31.08879795,23.69618771,36.54099714,-21.04020195,23.76628005,54%
2011-11-01,,0,27.29,0,0,2502587.83,98.9,5128695.84,164.05,0,0,1849081.27,56.45,3506037.86,109.03,115251467,4338.42,-239494.3,7.45,16868474.35,-685.21,4801.59,0,0,25.30422477,31.26300421,0,32.75608981,32.1566345,26.5653088,32.14688591,-24.61796289,26.75725418,20%
2011-12-01,,0,30.75,0,0,2391804.88,113.29,3384213,123.78,0,0,898143.82,37.48,323468.06,11.26,102698438.7,4611.71,-229105.03,6.69,14616002.82,-745.1,4934.96,0,0,21.11223303,27.34054775,0,23.96328228,28.72718117,22.26905826,34.24589387,-19.61616269,22.2747851,54%
2012-01-01,,0,31.62,0,0,3347729.32,144.84,3895581.24,114.43,0,0,930726.2,28.37,1108260.08,28.07,112211154.9,4642.3,-1362529.64,35.13,11703025.61,-618.5,5024.76,0,0,23.11329274,34.04335611,0,32.80670427,39.48201211,24.171457,38.78535838,-18.92162589,24.45011928,59%
2012-02-01,,0,28.09,0,0,2378797.24,97.19,2557588.18,76.45,0,0,359278.52,8.21,977205.31,24.95,114197609.8,4401.2,-1495099.75,40.7,9851472.46,-474.92,4676.79,0,0,24.47574071,33.45439084,0,43.76108648,39.16654549,25.9469258,36.73463759,-20.74343565,26.07890858,41%
2012-03-01,,0,29.56,0,0,2669214.05,117.58,5281512.88,204.57,0,0,154463.34,5.94,825169.39,26.82,102518991.2,4343.41,-942871.06,28.46,11334801.58,-568,4756.34,0,0,22.70125914,25.81763152,0,26.00392929,30.76694221,23.60334188,33.1296929,-19.95563658,23.62998059,40%
2012-04-01,,0,21.07,0,0,2451585.29,81.42,5020633.81,133.9,0,0,1038656.13,26.11,1475628.33,37.3,124712986.9,3896.86,-2516442.98,63.67,7641265.55,-289.81,4260.33,0,0,30.11035728,37.49539813,0,39.78001264,39.56108123,32.00345582,39.52321313,-26.36646613,32.20781803,23%
2012-05-01,,0,16.88,0,0,3030469.96,115.33,5814384.62,176.77,0,0,556888.84,20.51,59810.78,2,118865757.8,4481.44,-1080372.47,31.89,7702762.59,-346.47,4844.82,0,0,26.27651053,32.89237212,0,27.15206436,29.90539,26.52400964,33.87809564,-22.23211992,26.71052474,27%
2012-06-01,,0,16.7,0,0,4415105.68,124.77,14610521.97,333.8,0,0,2961800.88,70.18,4457329.67,99.43,135958881.8,3757.05,-8245097.56,186.22,2586060.46,-114.22,4588.15,0,0,35.3859556,43.77028751,0,42.20291935,44.82882098,36.18766899,44.27611191,-22.64104763,37.19336498,19%
2012-07-01,,0,15.52,0,0,7825186.39,108.72,41343662.5,421.02,0,0,15019690.27,161.99,2833504.23,29.04,271387873.1,3787.66,-12093545.13,144.15,5384426.62,-88.53,4668.1,0,0,71.97559226,98.19880885,0,92.71986092,97.57245971,71.65053702,83.89556108,-60.82036169,75.08482286,12%
2012-08-01,,0,19.01,0,0,9016793.96,167.45,22445394.67,365.75,0,0,10652967.3,190.57,15676.51,0.27,218849894.4,3917.08,-2697920.86,42.78,7697865.94,-153.37,4702.91,0,0,53.84767967,61.36813307,0,55.90054731,58.06114815,55.87067264,63.06500374,-50.19147121,56.06712603,12%
2012-09-01,,0,39.46,0,0,6135074.08,125.23,16304208.98,245.48,0,0,10884485.52,214.24,0,0,188248354.7,3516.58,-4963520.31,85.56,6374124.62,-140.23,4226.55,0,0,48.99045021,66.41766735,0,50.80510418,na,53.5316571,58.01215884,-45.45478585,53.59824055,8%
2012-10-01,,0,47.19,0,0,6197613.66,122.75,12028638.58,220.71,0,0,13238582.54,257,0,0,192828224.8,3747.72,-3055765.82,52.49,11661853.81,-244.38,4447.86,0,0,50.48972432,54.49974437,0,51.51199432,na,51.45214284,58.21615203,-47.72016454,51.11420444,14%
2012-11-01,,0,53.11,0,0,8127988.59,129.96,40616874.6,153.31,0,0,25026531.41,171.35,8.87,0,287507224.1,3678.26,-23847508.53,91.96,10128820.19,-206.27,4277.95,0,0,62.54223292,264.9329763,0,146.0550418,na,78.16392101,259.3247992,-49.10466956,90.02585987,188%
2012-12-01,,0,60.59,0,0,10319513.97,199.81,6468264.71,70.98,0,0,8698806.39,135.23,191967.22,3.67,201117229.5,3819.42,-6028012.86,70.05,12429180.43,-273.34,4359.75,0,0,51.64663415,91.12798972,0,64.32601043,52.30714441,52.65648437,86.053003,-45.47150227,53.40301501,61%
2013-01-01,,0,61.92,0,0,9476558.31,179.58,20419309.71,178.82,0,0,14104371.88,189.21,1017815.59,2.95,215757665,3969.66,-5505077.21,33.16,15571000.98,-347.91,4615.3,0,0,52.77067775,114.189183,0,74.54348015,345.0222339,54.35167369,166.0155974,-44.75583047,57.69523058,188%
2013-02-01,,0,53.94,0,0,9207258.25,178.36,21164372.2,319.61,0,0,8576476.68,132.41,2517835.49,29.06,191461873.7,3563.4,-4112034.64,40.51,11694666.56,-246.46,4317.29,0,0,51.62176637,66.21936798,0,64.77212205,86.64265279,53.73010992,101.5066561,-47.45056626,54.90477845,85%
2013-03-01,,0,55.06,0,0,10085837.88,202.59,18166394.09,253.91,0,0,8636478.42,134.21,2319582.63,24.73,215226052.2,4105.23,-4078746.72,39.68,19899501.38,-439.37,4815.41,0,0,49.78448038,71.54658773,0,64.35048372,93.7963053,52.42728233,102.790996,-45.29098796,53.6845444,91%
2013-04-01,,0,37.82,0,0,7532604.24,158.24,14258332.73,261.16,0,0,3367039.06,61.81,1791087.61,35.8,196141023.9,3904.26,-8787.47,0.11,25584676.37,-521.96,4459.2,0,0,47.60240293,54.59615841,0,54.47401812,50.03038017,50.23769522,79.88609091,-49.01654604,50.03114349,60%
2013-05-01,,0,28.33,0,0,10948707.43,213.43,20682042.23,323.23,0,0,6072407.35,91.99,910573.98,14.03,218464992.7,3975.6,-533444.2,8.12,16232320.94,-313.15,4654.73,0,0,51.2988213,63.98552805,0,66.01160289,64.90192302,54.95145202,65.69509852,-51.83560894,55.34416987,19%
2013-06-01,,0,25.51,0,0,9433659.44,166.94,24131570.86,329.83,0,0,9632697.24,110.39,4335192.23,45.88,232717715,3879.17,-3119325.69,41.44,14465982.53,-272.81,4599.16,0,0,56.50928142,73.16366267,0,87.26059643,94.48980449,59.99162578,75.27330333,-53.02585144,61.61345994,22%
2013-07-01,,0,23.06,0,0,13060047.43,240.94,27629375.03,433.91,0,0,5851713.73,83.68,11.87,0,222601143.5,3779.12,-2979647.67,45.72,7897869.34,-143,4606.43,0,0,54.20456309,63.67535901,0,69.92965739,na,58.90290425,65.17164633,-55.22985552,59.07436504,10%
2013-08-01,,0,27.47,0,0,18449627.38,348.43,17010358.86,293.58,0,0,9264116.93,159.9,0,0,201180603.2,3701.68,-3043103.94,50.78,10312070.09,-203.57,4581.84,0,0,52.95074299,57.94113652,0,57.9369414,na,54.34845885,59.92721426,-50.65613838,54.33358875,10%
2013-09-01,,0,53.07,0,0,12014058.17,253.26,15228385.53,292.82,0,0,16564245.38,330.83,50140.39,1.01,164056952,3314.51,-261617.46,4.41,14436152.24,-303.84,4249.91,0,0,47.43764578,52.0059611,0,50.06875247,49.6439505,49.49659286,59.32368707,-47.51234939,48.9834841,21%
2013-10-01,,0,63.35,0,0,13787610.45,282.84,9824831.68,187.15,0,0,7603300.81,147.2,0,0,175666286.5,3549.47,-2860399.59,51.23,8074558.68,-174.05,4281.24,0,0,48.74703171,52.49709687,0,51.65285876,na,49.49084976,55.83446399,-46.39217857,48.99104676,14%
2013-11-01,,0,71.06,0,0,9070974.97,196.74,7341381.96,147.13,0,0,3342207.87,67.68,31374.4,0.66,176876484.4,3772.73,-451045.95,8.34,14081773.94,-312.29,4264.34,0,0,46.10640932,49.89724706,0,49.38250399,47.5369697,46.88288969,54.0822482,-45.09197842,46.22367578,17%
2013-12-01,,0,79.51,0,0,8005529.47,166.92,17370640.04,247.42,0,0,6271867.42,59.96,1148351,4.23,195230567.6,3831.59,-1002791.91,11.82,18030656.71,-400.79,4401.45,0,0,47.9602772,70.20709741,0,104.6008576,271.4777778,50.95288578,84.83857107,-44.98779089,52.03506742,63%
2014-01-01,,0,81.11,0,0,12625130.98,226.89,43608332.14,179.51,0,0,33578413.29,145.9,10272187.46,36.56,295102842,3992.76,-14201313.79,60.18,13911078.81,-321.63,4722.91,0,0,55.64428128,242.9298208,0,230.1467669,280.9679283,73.90948668,235.9806213,-43.25180739,86.68135105,172%
2014-02-01,,0,70.67,0,0,8221311.32,175.48,6997902.69,119.11,0,0,7687327.95,128.66,2268063.94,33.39,181009514.6,3655.29,-3670052.8,53.23,11362434.72,-258.48,4235.83,0,0,46.85041783,58.75159676,0,59.74916796,67.92644325,49.51987794,68.94707496,-43.9586611,49.54263352,39%
2014-03-01,,0,72.17,0,0,6776443.76,152.56,4624323.13,90.2,0,0,8393751.46,172.82,83511.77,1.49,180607599.4,3915.71,-1905136.89,33.11,14452264.56,-338.18,4438.06,0,0,44.41822077,51.26744047,0,48.56932913,56.04816779,46.12384457,57.53962217,-42.73542066,45.60343177,26%
2014-04-01,,0,49.41,0,0,7714138.53,180.41,3134062.94,62.43,0,0,8306605.13,184.53,2459892.62,48.48,165923593.3,3772.13,-437076.91,8.02,18886499.18,-448.4,4305.41,0,0,42.75892983,50.20123242,0,45.01493053,50.74035932,43.98671131,54.49836783,-42.11975731,43.66027149,25%
2014-05-01,,0,37.01,0,0,8198341.55,172.63,9835064.25,176.65,0,0,8322490.12,171.89,3923905.33,68.88,175026489.5,3617.43,-3011266.29,54.88,6401181.63,-140.62,4299.37,0,0,47.49082749,55.6754274,0,48.41753517,56.9672667,48.3842091,54.87001257,-45.52113234,48.45304244,13%
2014-06-01,,0,33.25,0,0,11385813.57,253.34,11208144.84,192.89,0,0,12810406.97,239.3,1824676.67,25.38,176834792.9,3624.85,-2883138.48,43.48,9260008.7,-206.6,4412.49,0,0,44.94281823,58.10640697,0,53.53283314,71.89427384,48.78403048,66.30953266,-44.82095208,49.16656432,35%
2014-07-01,,0,30.1,0,0,11427819.07,327.33,9276448.99,195.37,0,0,10618623.87,231.69,653374.95,10.32,154965712.6,3996.92,-1338361.31,25.03,13079297.91,-370.36,4816.76,0,0,34.91222641,47.48144029,0,45.8311704,63.31152616,38.77128204,53.47028805,-35.31509318,39.08858669,37%
2014-08-01,,0,35.86,0,0,5419090.42,170.6,8433421.61,205.82,0,0,6243077.83,147.74,588687.34,12.66,139836954.9,4040.56,-669186.31,15.03,13677473.9,-442.4,4628.27,0,0,31.76489109,40.97474303,0,42.25719392,46.49978989,34.60831047,44.52337392,-30.91653232,34.82735848,28%
2014-09-01,,0,69.5,0,0,6699639.13,218.89,8277685.88,195.59,0,0,7824072.79,186.9,1549496.75,27.41,136119061.8,3728.89,-28176.43,0.65,20009338.05,-617.13,4427.83,0,0,30.60733304,42.32162115,0,41.86234773,56.53034476,36.50390916,43.34835385,-32.42321399,36.24758241,20%
2014-10-01,,0,82.97,0,0,6051395.94,243.57,5917372.68,192.11,0,0,4112964.3,137.44,5.02,0,108859102.3,4092.22,-15481.55,0.4,21903708.7,-877.19,4748.71,0,0,24.84458653,30.80200239,0,29.92552605,na,26.60147849,38.703875,-24.97031282,26.31373927,47%
2014-11-01,,0,92.84,0,0,5698895.16,215.53,4233009.05,121.17,0,0,3682926.81,101.99,405758.95,8.22,113013723.9,3944.23,-33504.53,0.69,20858815.66,-785.82,4484.67,0,0,26.44130822,34.93446439,0,36.11066585,49.36240268,28.65292437,48.55728986,-26.54401219,28.33381684,71%
2014-12-01,,0,103.77,0,0,5083463.04,202.35,5096427.18,159.11,0,0,2916090.64,79.83,0,0,111900438,4191.26,0,0,22757329.43,-935.19,4736.32,0,0,25.12213017,32.03084143,0,36.52875661,na,26.69851977,0,-24.3344448,26.39104174,-100%
2015-01-01,,0,105.65,0,0,6766998.88,273.6,4935082.01,129.69,0,0,3463558.32,85.38,346923.42,6.79,113160853.9,4289.06,-85023.41,1.57,21260614.78,-923.6,4891.74,0,0,24.73318304,38.05291086,0,40.56638932,51.09328719,26.38360244,54.15503822,-23.01928841,26.32160334,106%
2015-02-01,,0,91.69,0,0,5065514.67,191.7,8523910.67,232.43,0,0,2954400.68,82.26,535146.19,13.22,110377410.7,3918.65,-72324.96,1.62,18843582.99,-741.46,4531.57,0,0,26.42417668,36.67302272,0,35.91539849,40.48004463,28.16720317,44.64503704,-25.41415989,28.14227914,59%
2015-03-01,,0,93.06,0,0,5669516.24,232.94,7400366.67,229.42,0,0,2597922.52,88.31,52735.22,1.29,109006890.5,4203.25,0,0,25036041.49,-1007.97,4848.27,0,0,24.33895527,32.25685062,0,29.41821447,40.8800155,25.93395361,na,-24.83808198,25.72617267,-100%
2015-04-01,,0,63.34,0,0,5604438.27,206.91,9721318.13,274.86,0,0,3562276.05,91.92,453852.57,7.9,117505518.9,4051.96,0,0,25784946.44,-952.8,4696.89,0,0,27.08635769,35.3682534,0,38.75409106,57.44969241,28.99967395,na,-27.06228636,29.1357481,-100%
2015-05-01,,0,46.91,0,0,9731466.52,366.99,6789324.45,154.05,0,0,2062924.84,45.71,210442.36,2.95,121498985.2,4012.35,-77809.34,1.8,14942936.85,-567.17,4630.76,0,0,26.51698008,44.07221324,0,45.13071188,71.33639322,30.28125293,43.22741111,-26.34648668,30.31272463,43%
2015-06-01,,0,41.95,0,0,6885506.13,228.33,9990679.99,221.05,0,0,2834872.26,64.43,308539.1,4.59,138780529.8,4003.66,-528556.91,12.71,12455587.85,-420.6,4576.72,0,0,30.15594153,45.19647134,0,43.99925904,67.21984749,34.66341543,41.58590952,-29.61385604,34.8128538,19%
2015-07-01,,0,37.67,0,0,11070940.97,354.94,8523038.34,179.82,0,0,2943391.49,56.61,433855.33,8.55,153348119,4361.42,-293177.49,7.34,16840323.69,-560.03,5006.35,0,0,31.19102093,47.39761061,0,51.99419696,50.74331345,35.16013569,39.94243733,-30.07039568,35.27770185,13%
2015-08-01,,0,44.62,0,0,9465301.86,299.54,11692330.93,269.88,0,0,1861295.48,37.29,793335.62,14.64,140755863,4003.74,-761191.18,15.66,12508392.81,-429.49,4685.37,0,0,31.5994587,43.32418456,0,49.9140649,54.18959153,35.15609479,48.60735504,-29.12382782,35.2862886,38%
2015-09-01,,0,85.73,0,0,9796134.48,233.73,13297615.16,265.82,0,0,3174321.71,56.35,3173361.03,49.81,162479309.7,3663.87,-1589965.62,25.21,19295039.42,-503.71,4380.52,0,0,41.91218277,50.02488586,0,56.33223975,63.709316,44.34636319,63.06884649,-38.30584944,44.17528232,43%
2015-10-01,,0,101.46,0,0,8319621.73,257.21,10608542.71,246.57,0,0,1261118.01,28.94,547108.54,10.67,137713950.3,3854.43,-149464.67,1.45,20403280.9,-668.26,4500.73,0,0,32.3456387,43.02446652,0,43.57698721,51.27540206,35.72874597,103.0790828,-30.53194999,35.23868483,193%
2015-11-01,,0,112.71,0,0,8287381.14,238.46,8417229.33,186.29,0,0,2618597.4,47.05,1455589.41,21.16,130475880.6,3739.59,-86030.35,2.63,19348834.69,-659.09,4347.89,0,0,34.75375803,45.18347378,0,55.65563018,68.78966966,34.89042398,32.7111597,-29.35689313,34.80785122,-6%
2015-12-01,,0,125.19,0,0,11514858.91,258.86,15447518.95,212.26,0,0,9247906.2,113.57,5704886.06,60.24,184254772.1,3784.53,-2669208.19,23.37,17895544.75,-519.16,4578.02,0,0,44.48295955,72.77640135,0,81.42912917,94.70262384,48.68630243,114.2151558,-34.47019175,49.98648989,128%
2016-01-01,,0,126.55,0,0,14641446.76,235.89,26207024.42,279.75,0,0,17135605.43,65.45,6071184.64,24.52,186872059.9,3948.59,-684727.51,0.18,25072630.99,-728.72,4680.93,0,0,62.06895909,93.68015878,0,261.8121532,247.6013312,47.32627594,3804.041722,-34.40639888,53.75257667,6977%
2016-02-01,,0,109.27,0,0,6378991.03,188.48,13744449.15,278.47,0,0,3106647.03,47.11,1399033.19,18.81,132376401.2,3719.5,-104894.76,1.23,17886574.52,-550.82,4362.87,0,0,33.84439214,49.35701925,0,65.94453471,74.37709676,35.58983765,85.28029268,-32.47263084,36.0107948,137%
2016-03-01,,0,110.39,0,0,8699951.19,190.68,24669034.31,312.35,0,0,9310951.21,80.28,5208410.9,53.56,180730857.8,3954.67,-748994.25,4.05,24669965.85,-648.62,4705.98,0,0,45.62592401,78.97881963,0,115.9809568,97.24441561,45.70061669,184.9368519,-38.03454388,48.73973108,279%
2016-04-01,,0,75.02,0,0,8152225.73,229.9,10297312.66,155.36,0,0,5866355.22,77.9,494302.03,5.12,180817089.5,3853.43,-938.67,0.05,30979670.16,-723.82,4396.78,0,0,35.45987703,66.28033381,0,75.30622875,96.54336523,46.92367307,18.7734,-42.80024061,46.76791285,-60%
2016-05-01,,0,55.48,0,0,18120966.51,412.8,21600771.46,239.92,0,0,5422641.49,60.17,4275016.71,37.13,207354666.5,3690.24,-168384.52,2.35,28301653.66,-563.15,4498.09,0,0,43.89769019,90.03322549,0,90.12201246,115.1364587,56.19002192,71.65298723,-50.25597738,57.12256695,25%
2016-06-01,,0,49.41,0,0,23194788.01,293.1,47586961.31,402.64,0,0,17164021.9,123.75,5932687.14,36.77,353026297.5,3759.52,-983636.88,7.94,43689009.24,-492.58,4673.13,0,0,79.13609011,118.1873667,0,138.6991669,161.3458564,93.90196022,123.883738,-88.69424102,95.84334113,29%
2016-07-01,,0,44.17,0,0,21186959.19,412.1,39525743.9,409.59,0,0,8937794.07,65.11,4667815.63,31.22,233198393.8,3658.95,-2442143.68,21.25,19886375.66,-355.22,4642.39,0,0,51.41217954,96.50075417,0,137.2722173,149.5136332,63.73369239,114.9244085,-55.98326575,66.76708554,72%
2016-08-01,,0,52.12,0,0,10809772.44,318.63,26783951.92,437.86,0,0,3541144.45,39.33,291296.61,3.78,172640681.6,3957.44,-111296.28,1.6,22254716.64,-559.25,4810.76,0,0,33.92578364,61.17012726,0,90.03672642,77.06259524,43.62433331,69.560175,-39.79386078,44.52064608,56%
2016-09-01,,0,99.93,0,0,9189350.77,252.52,21837860.4,449.64,0,0,2822708.49,45.97,100024.55,1.95,153856921.8,3753.28,-372937.2,5.12,26236098.72,-711.87,4608.41,0,0,36.39058597,48.56743261,0,61.40327366,51.29464103,40.99265757,72.83929688,-36.85518243,40.83399767,78%
2016-10-01,,0,117.87,0,0,10365558.4,387.75,18289455,418.86,0,0,2790678.87,56.61,211244.37,3.12,128447571,3635.54,-53610.66,1,25409530.62,-765.49,4620.75,0,0,26.7325813,43.66484028,0,49.29657075,67.70652885,35.33108452,53.61066,-33.19381131,34.66063265,55%
2016-11-01,,0,130.86,0,0,8062347.8,291.48,15134162.87,303.5,0,0,1016138.74,20.24,76205.05,1.09,138611836.4,3764.24,-2719.29,0.05,27723510.53,-803.76,4511.46,0,0,27.66003774,49.86544603,0,50.2044832,69.91288991,36.82332592,54.3858,-34.49227447,36.10880072,51%
2016-12-01,,5301370.99,151.69,0,0,7341117.33,263.51,11919326.03,286.24,0,0,360290.77,8.76,58977.69,1.04,121959310.7,4018.04,0,0,32205079.67,-1117.99,4729.28,34.94871771,0,27.85897055,41.64102163,0,41.12908333,56.70931731,30.35293594,na,-28.80623232,31.07035184,-100%
2017-01-01,,12362634.58,151.9,0,0,14798363.21,252.57,16155941.02,158.73,0,0,12338209.47,112.17,1563431.1,11.6,250648316.6,4025.94,-12177.45,0.08,51969330.27,-967.23,4712.99,81.3866661,0,58.59113596,101.7825302,0,109.9956269,134.7785431,62.25833386,152.218125,-53.73006448,65.3256369,133%
2017-02-01,,14277052.2,133.15,0,0,21227361.03,267.46,20958547.61,162.18,0,0,17904254.67,129.44,1810497.29,9.24,307322411.6,3530.36,-39118.32,0.29,58373197.83,-788.03,4232.12,107.2253263,0,79.36648856,129.2301616,0,138.3208797,195.9412652,87.05129552,134.8907586,-74.07484211,90.62579576,49%
2017-03-01,,14592150.82,133.1,0,0,24409969.48,288.02,17586927.3,135.98,0,0,22369601.03,170.27,7186103.62,46.48,333554769.2,3800.96,-1001976.98,6.08,50081134.65,-704.59,4580.89,109.6329889,0,84.75095299,129.3346617,0,131.3772305,154.6063602,87.75540107,164.7988454,-71.0784068,91.83837605,79%
2017-04-01,,9709030.34,87.52,0,0,20946672.55,207.12,7623713.81,58.78,0,0,40066166.6,339.58,10172972.72,82.06,334122046.8,3084.26,-909296.88,6.3,47288209.32,-470.32,3865.62,110.9349902,0,101.133027,129.6991121,0,117.9874156,123.9699332,108.3313491,144.3328381,-100.5447553,109.5684262,32%
2017-05-01,,7618897.76,71.65,0,0,23542094.65,254.18,45949724.77,354.3,0,0,20631719.23,175.37,12120805.74,88.19,328566252.2,3104.82,-14762446.27,113.28,21768087.59,-259.53,4161.79,106.3349304,0,92.61977595,129.6915743,0,117.6467995,137.4396841,105.8245735,130.3182051,-83.87503406,108.8935147,20%
2017-06-01,,5567250.94,59.16,0,0,14512821.35,157.67,37912878.51,351.5,0,0,28869494.6,276.81,4878985.76,42.72,319970699.7,3247.68,-3491868.47,32.24,16036828.91,-175.98,4167.78,94.10498546,0,92.04554671,107.8602518,0,104.2935393,114.2084682,98.52285316,108.3085754,-91.12870161,99.62234076,9%
2017-07-01,,4309114.45,36.37,0,0,42900673.95,402.78,35959421.49,274.91,0,0,29700828.03,230.44,18415859.11,139.79,298233776.6,2597.34,-14119839.37,112.04,2144716.56,-23.52,3793.67,118.4799134,0,106.5114304,130.8043414,0,128.8874676,131.73946,114.8227712,126.0249855,-91.18692857,116.9420411,8%
2017-08-01,,3382578.04,30.17,0,0,33235310.87,371.14,29791925.65,230.12,0,0,26640727.03,222.37,10782306.47,79,335474027.5,3272.43,-5288495.4,40.82,4336712.93,-45.93,4246.05,112.1172701,0,89.549256,129.4625658,0,119.8036022,136.484892,102.5152646,129.5564772,-94.42005073,104.7079924,24%
2017-09-01,,8130701.83,107.22,0,0,36289889.98,476.09,11156052.83,123.97,0,0,14620312.82,161.19,3328443.83,33.08,238336183.5,2974.14,-13668442.09,137.21,9390712.08,-155.28,4012.9,75.83195141,0,76.2248524,89.98993974,0,90.70235635,100.6180118,80.13616826,99.61695277,-60.47599227,81.12089183,23%
2017-10-01,,10655883.46,140.11,0,0,20113729.24,303.41,17971511.93,209.62,0,0,9325488.23,110.12,7888057.8,87.73,209719282.4,2870.32,-9134059.76,108.08,7957123.35,-121.75,3829.39,76.05369681,0,66.29224231,85.73376553,0,84.68478233,89.91288955,73.06477412,84.51202591,-65.35624928,74.37425095,14%
2017-11-01,,17188182.91,156.46,0,0,21839963.19,243.71,20475883.86,158.59,0,0,32041757.47,256.31,21063756.83,195.29,243999114.3,2549.14,-32473707.29,292.46,1188711.77,-17.25,3851.96,109.8567232,0,89.61455496,129.1120743,0,125.0117337,107.8588603,95.71820859,111.036406,-68.91082725,101.008932,10%
2017-12-01,,15233192.9,168.4,0,0,22790330.77,288.89,12021593.16,118.28,0,0,16341431.27,157.48,9750906.65,94.92,250687413.9,2968.99,-18375597.57,170.44,10925472.23,-178.81,3967.4,90.45839014,0,78.88930309,101.6367362,0,103.7682961,102.7276301,84.43525033,107.8127058,-61.10101353,87.00924187,24%
2018-01-01,23.22,33544977.26,172.53,0,0,32923043.84,283.28,95148135.32,250.96,0,0,64249350.03,133.65,27348399.44,97.36,430129502.6,3253.53,-24346346.49,112.17,11188474.4,-163.89,4303.48,194.4298224,0,116.2208551,379.1366565,0,480.7283953,280.8997477,132.2039454,217.0486448,-68.26819452,164.4459263,32%
2018-02-01,21.3,13133115.88,146.64,0,0,26542866.2,310.8,32486941.64,132.85,0,0,22722434.12,102.29,10332985.71,60.16,288104323.7,2947.35,-8138845.24,86.67,10094533.2,-158.83,3786.76,89.56025559,0,85.4017574,244.5385144,0,222.1373949,171.7584061,97.7502922,93.90614099,-63.5555827,106.0171525,-11%
2018-03-01,19.4,11879859.71,150.69,0,0,24708888.52,355.59,13987789.56,162.85,0,0,8433237.11,92.94,4943463.55,50.48,221957065.3,2936.24,-13184146.52,147.07,8466280.62,-140,3895.86,78.83641721,0,69.48701741,85.89370316,0,90.7385099,97.92915115,75.59227628,89.64538329,-60.473433,76.77238152,17%
2018-04-01,16.58,8245425.65,106.13,68686.59,0.92,13763212.58,228.15,22513687.86,250.62,0,0,8884928.77,101.7,5106055.87,54.57,227563887,3051.24,-2323863.32,27.09,16884090.08,-245.29,3820.42,77.6917521,74.65933696,60.32527977,89.83196816,0,87.36409803,93.56891827,74.58078911,85.78306829,-68.83317738,75.50733888,14%
2018-05-01,13.91,5290522.79,70.67,347761.5,4.27,28807308.54,407.02,36052761.66,345.7,0,0,16148236.45,158.89,5325098.54,46.92,256964749.9,3214.9,-1888043.92,22.22,20212600.3,-273.68,4270.59,74.86235729,81.44297424,70.77614992,104.2891572,0,101.6315467,113.4931488,79.92931348,84.97047345,-73.85486809,82.14894975,3%
2018-06-01,10.34,6017676.42,69.13,377695.34,4.12,25072159.36,314,41529260.92,347.9,0,0,23730694.75,191.84,8139592.27,66.24,304105150.6,3236.65,-9355154.51,97.69,15651412.06,-185.55,4327.57,87.04869695,91.67362621,79.84764127,119.3712588,0,123.7004522,122.8803181,93.95676103,95.76368625,-84.35145276,96.66565397,-1%
2018-07-01,11.13,5145892.74,82.28,342263.75,5.34,34013111.01,550.3,27978283.77,270.03,0,0,10416542.31,95,2188157.22,17.52,233127687.6,3298.97,-10529542.92,127.13,8412949.13,-171.54,4446.57,62.54123408,64.09433521,61.8083064,103.6117608,0,109.6478138,124.8948185,70.66681043,82.82500527,-49.04365821,72.80701334,14%
2018-08-01,10.88,7456509.88,112.8,538417.17,7.35,33660068.76,497.84,36497256.67,308.61,0,0,17888764.13,142.94,2618005.34,17.28,251858160.9,3185.54,-13251106.59,133.66,11153647.31,-186.56,4406.02,66.10381099,73.25403673,67.61222232,118.2633637,0,125.1487626,151.5049387,79.06294094,99.14040543,-59.78584536,82.56165188,20%
2018-09-01,12.34,12047129.48,155.48,853300.66,10.67,30352848.94,389.54,26830565.79,210.81,0,0,18621472.44,139.82,10780481.63,76.83,243542478,2648.83,-23541816.62,213.78,3579493.69,-68.15,3845.76,77.4834672,79.97194564,77.91972311,127.2736862,0,133.1817511,140.3160436,91.94341575,110.1216981,-52.52375187,95.31798487,16%
2018-10-01,16.07,16314123.84,181.19,2037681.77,21.81,33495267.29,373.17,21489426.24,189.43,0,0,20575740.85,162.43,776245.94,6.18,276140850.2,2767.89,-9376116.85,82.66,8896040.48,-115.42,3784.76,90.03876505,93.42878359,89.7587354,113.4425711,0,126.6745112,125.6061392,99.76583254,113.4299159,-77.07538104,100.4569518,13%
2018-11-01,16.92,16473909.84,181.45,2864194.47,30.58,29943045.32,326.94,20094827.77,183.54,82720.71,0.82,14288683.05,129.29,2447936.65,21.04,248058321.9,2537.29,-19957395.08,182.85,6566670.86,-83.42,3593.8,90.79035459,93.66234369,91.58575066,109.4847323,100.8789146,110.5165369,116.346799,97.76506503,109.1462679,-78.71818341,98.56169925,11%
2018-12-01,20.29,21048865.86,210.49,4825607,50.23,26909452.51,306.12,22210332.76,152.7,56013.28,0.56,15619402.15,106.06,5224485.6,30.57,266076613.4,2922.2,-21698228.65,180.17,11612760.74,-193.07,3959.1,99.99936273,96.070217,87.90491477,145.4507712,100.0237143,147.2694904,170.9023749,91.05352592,120.4319734,-60.14792946,96.908136,24%
2019-01-01,21.85,63646088.14,236.06,20108962.37,60.28,71170507.22,292.63,242264504.1,278.77,1244867.86,0.75,203695967,261.02,67842798.01,128.86,689453506.5,2969.48,-68973550.62,85.92,18891854.91,-206.63,4313.77,269.6182671,333.5926073,243.2098801,869.0479753,1659.823813,780.3845182,526.4845414,232.1798788,802.7647884,-91.42842235,331.1258486,142%
2019-02-01,20.39,22790938.68,194.63,6103990.43,53.04,32365841.52,333.54,29416203.8,185.15,94251.92,0.7,25286093.19,162.6,8407381.38,48.65,307071442.8,2773.97,-4358458.12,26.74,19190486.51,-226.22,3779.02,117.0987961,115.0827758,97.0373614,158.8776873,134.6456,155.5110282,172.8135947,110.6974635,162.9939461,-84.8310782,115.3459367,41%
2019-03-01,19.59,29305590.8,186.3,9915746.01,49.86,35651502.87,338.31,60812632.46,138.73,576913.65,1.49,42541519.14,121.3,17345741.88,87.52,431553801.4,3230.42,-11619988.26,23.72,23419190.31,-274.42,4177.65,157.3032249,198.8717611,105.3811678,438.3524289,387.1903691,350.7132658,198.1917491,133.5906171,489.8814612,-85.3406833,153.0342265,220%
2019-04-01,16.72,13172898.87,141,3572764.55,37.79,28793475.71,332.66,20164600.11,166.21,138595.77,1.1,11024748.57,97.8,14298479.55,121.59,254286989.5,2595.6,-12751341.95,113.12,7011167.94,-101.56,3606.87,93.42481468,94.54259196,86.55526877,121.3200175,125.9961545,112.7274905,117.5958512,97.96848107,112.7240271,-69.0347375,99.31156225,14%
2019-05-01,13.96,8363156.76,98.96,2404556.77,28.28,39865761.27,457.44,18595719.34,163.85,207936.98,1.58,23711946.49,226.76,9458272.96,84.7,244919156.3,2680.05,-24991143.9,244.32,2953026.7,-50,3985.94,84.51047656,85.0267599,87.14970547,113.4923365,131.6056835,104.568471,111.6679216,91.38603992,102.288572,-59.060534,93.45791727,9%
2019-06-01,11.38,7604747.24,85.64,3492794.47,36.53,35014684.09,422.08,41288146.3,298.08,385632.88,2.35,21137435.73,145.09,10681855.54,81.02,303392568,2978.58,-19128154.7,159.21,5789727.82,-106.04,4208.58,88.79901028,95.61441199,82.95745851,138.5136416,164.0990979,145.6849937,131.8422061,101.858123,120.1441788,-54.5994702,105.0534905,14%
2019-07-01,11.25,7228478.47,96.83,3498026.57,44.2,42498266.49,556.69,27256138.64,233.81,301088.55,2.6,18187152.15,167.73,14365843.87,127.94,239875637.2,2780.15,-27934256.15,284.13,1244656.85,-39.86,4294.08,74.65122865,79.14087262,76.34099138,116.573879,115.8032885,108.4311223,112.2857892,86.28154496,98.3150535,-31.22571124,88.76054664,11%
2019-08-01,10.71,10369098.25,139.53,4878544.71,57.92,46728213.99,556.79,37037120.12,205.25,508649,3.13,30653876.06,211.41,21528551.64,163.35,275372576.9,2614.23,-41623534.22,353.67,1406129.48,-42.65,4305.28,74.3144718,84.22901778,83.92430538,180.4488191,162.5076677,144.9972852,131.7940107,105.3360175,117.6903165,-32.96903822,108.8663606,8%
2019-09-01,12.94,15502995.11,186.98,5029266.95,58.68,37933506.28,436.39,26026177.07,173.4,380516.94,2.89,22891909.71,158.04,22437549.9,164.38,247876085.5,2378.87,-33746614.6,279.5,2541006.5,-40.76,3839.13,82.91258482,85.70666241,86.92570013,150.0932934,131.6667612,144.8488339,136.4980527,104.1990884,120.7392293,-62.3406894,107.2702987,13%
2019-10-01,15.52,20190298.84,242.44,5880155.65,63.53,35271112.05,414.96,10848349.82,86.55,276411.35,2.15,10672832.5,81.32,23969395.39,193.26,269471908.2,2662.92,-21413221.94,171.17,8230108.09,-122.15,3918.3,83.27956954,92.55714859,84.9988241,125.3419968,128.5634186,131.244866,124.0266759,101.1941433,125.0991525,-67.37706173,101.573051,23%
2019-11-01,16.11,14302964.08,257.24,4231971,70.78,29660227.11,457.72,7951569.35,89.23,143867.23,1.86,8017060.18,99.05,2102087.51,25.02,180751368.2,2663.63,-8796856.88,97.62,6248254.27,-138.6,3762.15,55.60163303,59.79049166,64.79993688,89.11318335,77.34797312,80.93952731,84.01628737,67.85903757,90.11326449,-45.08119964,68.0350256,32%
2019-12-01,18.49,19186931.87,319.18,4569372.79,74.56,26714658.49,461.26,20994517.67,120.4,160778.36,1.49,14358353.11,84.58,6475811.27,43.6,179429164.5,2936.49,-10957693.03,97.74,10106281.13,-281.72,4139.3,60.11320217,61.2845063,57.91670314,174.3730703,107.9049396,169.7606185,148.5277814,61.10327791,112.1106306,-35.87349542,68.33215305,64%
2020-01-01,19.87,38787439.58,276.63,10877001.15,68.43,47219798.1,443.45,140109751.8,193.56,903640.82,1.78,98889190.83,98.35,31778580.68,42.79,466100031.1,3107.97,-44575488.2,46.63,14698118.75,-338.66,4279.59,140.2141473,158.9507694,106.482801,723.856953,507.663382,1005.482367,742.6637224,149.9692826,955.9401287,-43.40081129,205.449803,365%
2020-02-01,,11046099.38,236.64,3140665.43,63.47,15975882.68,353.6,11175242.19,162.31,89302.87,1.43,10782630.74,218.05,688150.13,8.9,139236253.4,2883.55,-3927276.76,56.92,12076766.03,-339.41,3984.87,46.67891895,49.48267575,45.18066369,68.85122414,62.44955944,49.45026709,77.32023933,48.28640161,68.99642937,-35.58164471,49.20148048,40%
2020-03-01,,9371047.33,242.25,2161224.14,54.89,20202458.31,509.42,5708287.32,93.76,80608.03,1.51,5088243.07,92.58,1890808.33,35.85,124219581.1,2901.96,-5249662.51,95.24,8348029.72,-286.93,4027.46,38.68337391,39.37373183,39.65776434,60.88190401,53.38280132,54.96049978,52.74221283,42.80540776,55.12035395,-29.09430774,43.1964365,28%
2020-04-01,,4520912.07,168.84,1122762.58,41.42,11679077.48,450.66,7483478.99,128.86,65057.13,1.38,1409923.6,22.2,2395436.77,41.8,95888502.87,2775.37,-6404922.6,115.08,3844665.34,-231.73,3745.61,26.77630935,27.10677402,25.91549612,58.07449162,47.14284783,63.51007207,57.30709976,34.54980881,55.65626173,-16.59114202,34.96628696,59%
2020-05-01,,4667777.91,150.18,1810744.14,53.65,17358776.22,557.3,19755494.09,380.2,74255.26,1.43,4704554.91,75.02,2933275.14,43.77,107625762.3,2828.12,-4490103.19,84.28,5925224.76,-244.59,4173.95,31.08122193,33.75105573,31.1479925,51.96079456,51.92675524,62.71067595,67.01565319,38.05558546,53.27602266,-24.22513087,39.15253973,36%
2020-06-01,,5207969.5,122.54,1833331.27,41.95,14148801.05,407.59,24841720.39,330.44,186599.67,1.75,8424829.44,90.79,2689977.14,22.19,158375739.4,3195.95,-5453650.08,106,8483638.2,-225.91,4319.2,42.50015913,43.70277163,34.71331743,75.17770364,106.6283829,92.79468488,121.2247472,49.55513679,51.44952906,-37.55317693,51.20453277,0%
,,,,,,,,,,,,,,,,,,,,,,,,,,,,,,,,,,
,,,,,,,,,,,,,,,,,,,,,,max,269.6182671,333.5926073,243.2098801,869.0479753,1659.823813,1005.482367,742.6637224,232.1798788,3804.041722,,,
,,,,,,,,,,,,,,,,,,,,,,min,26.77630935,27.10677402,15.66676688,18.56939288,47.14284783,16.85799093,21.4554,16.75863948,51.44952906,,,
,,,,,,,,,,,,,,,,,,,,,,mean,90.33288969,92.07648093,50.63818668,90.9444779,217.8625562,108.9294178,94.15399986,52.47288005,154.5462598,,,
,,,,,,,,,,,,,,,,,,,,,,median,84.51047656,84.22901778,44.48295955,58.07449162,120.8997215,63.66769991,59.02566792,42.80540776,110.5790521,,,
