C,SETP.WORLD,CO2EII_RESULTS_SUMMARY_YEAR_2014_PT1,AEMO,PUBLIC,2015/01/05,12:00:47,0000000257828796,,0000000257828790
I,CO2EII,PUBLISHING,1,CONTRACTYEAR,WEEKNO,SETTLEMENTDATE,REGIONID,TOTAL_SENT_OUT_ENERGY,TOTAL_EMISSIONS,CO2E_INTENSITY_INDEX
D,CO2EII,PUBLISHING,1,2014,1,"2013/12/29 00:00:00",NEM,444578.09464296,381853.07443413,0.8589
D,CO2EII,PUBLISHING,1,2014,1,"2013/12/29 00:00:00",NSW1,129208.211842,108230.26055409,0.8376
D,CO2EII,PUBLISHING,1,2014,1,"2013/12/29 00:00:00",QLD1,139249.10051197,116907.12659095,0.8396
D,CO2EII,PUBLISHING,1,2014,1,"2013/12/29 00:00:00",SA1,26328.564744,10532.12089022,0.40
D,CO2EII,PUBLISHING,1,2014,1,"2013/12/29 00:00:00",TAS1,33030.713272,2089.38212151,0.0633
D,CO2EII,PUBLISHING,1,2014,1,"2013/12/29 00:00:00",VIC1,116761.50427299,144094.18427736,1.2341
D,CO2EII,PUBLISHING,1,2014,1,"2013/12/30 00:00:00",NEM,465362.87745898,403058.92321552,0.8661
D,CO2EII,PUBLISHING,1,2014,1,"2013/12/30 00:00:00",NSW1,144230.68396299,121031.83892004,0.8392
D,CO2EII,PUBLISHING,1,2014,1,"2013/12/30 00:00:00",QLD1,137854.378473,115118.71038968,0.8351
D,CO2EII,PUBLISHING,1,2014,1,"2013/12/30 00:00:00",SA1,23046.439031,12763.53924969,0.5538
D,CO2EII,PUBLISHING,1,2014,1,"2013/12/30 00:00:00",TAS1,36325.046123,2090.03353026,0.0575
D,CO2EII,PUBLISHING,1,2014,1,"2013/12/30 00:00:00",VIC1,123906.32986899,152054.80112585,1.2272
D,CO2EII,PUBLISHING,1,2014,1,"2013/12/31 00:00:00",NEM,468500.99372324,409042.68877746,0.8731
D,CO2EII,PUBLISHING,1,2014,1,"2013/12/31 00:00:00",NSW1,146547.644940,122507.70840850,0.8360
D,CO2EII,PUBLISHING,1,2014,1,"2013/12/31 00:00:00",QLD1,136889.12398825,117321.93767059,0.8571
D,CO2EII,PUBLISHING,1,2014,1,"2013/12/31 00:00:00",SA1,29868.884825,17301.23310268,0.5792
D,CO2EII,PUBLISHING,1,2014,1,"2013/12/31 00:00:00",TAS1,35614.59786501,2074.66371923,0.0583
D,CO2EII,PUBLISHING,1,2014,1,"2013/12/31 00:00:00",VIC1,119580.74210498,149837.14587646,1.2530
D,CO2EII,PUBLISHING,1,2014,1,"2014/01/01 00:00:00",NEM,450384.87068929,390570.77310662,0.8672
D,CO2EII,PUBLISHING,1,2014,1,"2014/01/01 00:00:00",NSW1,131017.333889,121390.75844426,0.9265
D,CO2EII,PUBLISHING,1,2014,1,"2014/01/01 00:00:00",QLD1,133531.84816730,114489.12617339,0.8574
D,CO2EII,PUBLISHING,1,2014,1,"2014/01/01 00:00:00",SA1,36079.62497299,15677.32381696,0.4345
D,CO2EII,PUBLISHING,1,2014,1,"2014/01/01 00:00:00",TAS1,32065.025752,2083.51048444,0.0650
D,CO2EII,PUBLISHING,1,2014,1,"2014/01/01 00:00:00",VIC1,117691.037908,136930.05418757,1.1635
D,CO2EII,PUBLISHING,1,2014,1,"2014/01/02 00:00:00",NEM,493326.46777487,441786.26900746,0.8955
D,CO2EII,PUBLISHING,1,2014,1,"2014/01/02 00:00:00",NSW1,162191.222051,147955.33967314,0.9122
D,CO2EII,PUBLISHING,1,2014,1,"2014/01/02 00:00:00",QLD1,145651.47000787,123158.55017291,0.8456
D,CO2EII,PUBLISHING,1,2014,1,"2014/01/02 00:00:00",SA1,30904.035510,13787.90508085,0.4462
D,CO2EII,PUBLISHING,1,2014,1,"2014/01/02 00:00:00",TAS1,32312.014818,2085.69426063,0.0645
D,CO2EII,PUBLISHING,1,2014,1,"2014/01/02 00:00:00",VIC1,122267.725388,154798.77981993,1.2661
D,CO2EII,PUBLISHING,1,2014,1,"2014/01/03 00:00:00",NEM,504180.02583011,438857.44541873,0.8704
D,CO2EII,PUBLISHING,1,2014,1,"2014/01/03 00:00:00",NSW1,164343.30001201,152990.48568056,0.9309
D,CO2EII,PUBLISHING,1,2014,1,"2014/01/03 00:00:00",QLD1,155482.22720608,129258.88210025,0.8313
D,CO2EII,PUBLISHING,1,2014,1,"2014/01/03 00:00:00",SA1,33533.848857,12351.19222009,0.3683
D,CO2EII,PUBLISHING,1,2014,1,"2014/01/03 00:00:00",TAS1,33354.738640,2088.81645907,0.0626
D,CO2EII,PUBLISHING,1,2014,1,"2014/01/03 00:00:00",VIC1,117465.91111502,142168.06895876,1.2103
D,CO2EII,PUBLISHING,1,2014,1,"2014/01/04 00:00:00",NEM,481795.39226258,411918.94298251,0.8550
D,CO2EII,PUBLISHING,1,2014,1,"2014/01/04 00:00:00",NSW1,148016.21012999,135187.856171,0.9133
D,CO2EII,PUBLISHING,1,2014,1,"2014/01/04 00:00:00",QLD1,156746.98748259,130620.40260693,0.8333
D,CO2EII,PUBLISHING,1,2014,1,"2014/01/04 00:00:00",SA1,30465.875888,12455.23890272,0.4088
D,CO2EII,PUBLISHING,1,2014,1,"2014/01/04 00:00:00",TAS1,35096.509807,2086.22260096,0.0594
D,CO2EII,PUBLISHING,1,2014,1,"2014/01/04 00:00:00",VIC1,111469.808955,131569.22270090,1.1803
D,CO2EII,PUBLISHING,1,2014,2,"2014/01/05 00:00:00",NEM,468233.88437122,395024.85885223,0.8436
D,CO2EII,PUBLISHING,1,2014,2,"2014/01/05 00:00:00",NSW1,143967.502021,132124.24529582,0.9177
D,CO2EII,PUBLISHING,1,2014,2,"2014/01/05 00:00:00",QLD1,145551.75042222,123193.11837550,0.8464
D,CO2EII,PUBLISHING,1,2014,2,"2014/01/05 00:00:00",SA1,34260.333688,11676.52494536,0.3408
D,CO2EII,PUBLISHING,1,2014,2,"2014/01/05 00:00:00",TAS1,34922.94361599,2087.87043796,0.0598
D,CO2EII,PUBLISHING,1,2014,2,"2014/01/05 00:00:00",VIC1,109531.35462401,125943.09979759,1.1498
D,CO2EII,PUBLISHING,1,2014,2,"2014/01/06 00:00:00",NEM,509961.62695144,435197.92181294,0.8534
D,CO2EII,PUBLISHING,1,2014,2,"2014/01/06 00:00:00",NSW1,160326.385987,147215.62419473,0.9182
D,CO2EII,PUBLISHING,1,2014,2,"2014/01/06 00:00:00",QLD1,156635.53120645,129074.32408128,0.8240
D,CO2EII,PUBLISHING,1,2014,2,"2014/01/06 00:00:00",SA1,31982.894533,12786.20946280,0.3998
D,CO2EII,PUBLISHING,1,2014,2,"2014/01/06 00:00:00",TAS1,37578.35699799,1849.46593359,0.0492
D,CO2EII,PUBLISHING,1,2014,2,"2014/01/06 00:00:00",VIC1,123438.458227,144272.29814054,1.1688
D,CO2EII,PUBLISHING,1,2014,2,"2014/01/07 00:00:00",NEM,488946.93520072,421384.50172606,0.8618
D,CO2EII,PUBLISHING,1,2014,2,"2014/01/07 00:00:00",NSW1,147052.50939499,135933.14275431,0.9244
D,CO2EII,PUBLISHING,1,2014,2,"2014/01/07 00:00:00",QLD1,147673.26362573,122080.17865304,0.8267
D,CO2EII,PUBLISHING,1,2014,2,"2014/01/07 00:00:00",SA1,32772.264534,12423.43424644,0.3791
D,CO2EII,PUBLISHING,1,2014,2,"2014/01/07 00:00:00",TAS1,37930.993234,1683.97807270,0.0444
D,CO2EII,PUBLISHING,1,2014,2,"2014/01/07 00:00:00",VIC1,123517.904412,149263.76799957,1.2084
D,CO2EII,PUBLISHING,1,2014,2,"2014/01/08 00:00:00",NEM,485546.50028203,426653.58633120,0.8787
D,CO2EII,PUBLISHING,1,2014,2,"2014/01/08 00:00:00",NSW1,148646.771699,136928.57194489,0.9212
D,CO2EII,PUBLISHING,1,2014,2,"2014/01/08 00:00:00",QLD1,142415.82089903,119187.67363880,0.8369
D,CO2EII,PUBLISHING,1,2014,2,"2014/01/08 00:00:00",SA1,29282.556187,13453.07157092,0.4594
D,CO2EII,PUBLISHING,1,2014,2,"2014/01/08 00:00:00",TAS1,37582.93156601,2089.45771110,0.0556
D,CO2EII,PUBLISHING,1,2014,2,"2014/01/08 00:00:00",VIC1,127618.41993099,154994.81146549,1.2145
D,CO2EII,PUBLISHING,1,2014,2,"2014/01/09 00:00:00",NEM,499288.73133095,449938.33698937,0.9012
D,CO2EII,PUBLISHING,1,2014,2,"2014/01/09 00:00:00",NSW1,157274.801584,147914.72170908,0.9405
D,CO2EII,PUBLISHING,1,2014,2,"2014/01/09 00:00:00",QLD1,141986.04754795,118361.02723323,0.8336
D,CO2EII,PUBLISHING,1,2014,2,"2014/01/09 00:00:00",SA1,27280.04568999,14982.780832,0.5492
D,CO2EII,PUBLISHING,1,2014,2,"2014/01/09 00:00:00",TAS1,37340.70753799,2086.20748816,0.0559
D,CO2EII,PUBLISHING,1,2014,2,"2014/01/09 00:00:00",VIC1,135407.12897102,166593.59972690,1.2303
D,CO2EII,PUBLISHING,1,2014,2,"2014/01/10 00:00:00",NEM,527262.18101148,475493.98234650,0.9018
D,CO2EII,PUBLISHING,1,2014,2,"2014/01/10 00:00:00",NSW1,166824.38217599,158217.30627385,0.9484
D,CO2EII,PUBLISHING,1,2014,2,"2014/01/10 00:00:00",QLD1,146743.60264450,121891.65444672,0.8306
D,CO2EII,PUBLISHING,1,2014,2,"2014/01/10 00:00:00",SA1,31866.023201,17697.14761482,0.5554
D,CO2EII,PUBLISHING,1,2014,2,"2014/01/10 00:00:00",TAS1,36236.438297,2080.15572788,0.0574
D,CO2EII,PUBLISHING,1,2014,2,"2014/01/10 00:00:00",VIC1,145591.73469299,175607.71828323,1.2062
D,CO2EII,PUBLISHING,1,2014,2,"2014/01/11 00:00:00",NEM,485109.60592664,438113.58070519,0.9031
D,CO2EII,PUBLISHING,1,2014,2,"2014/01/11 00:00:00",NSW1,150265.761417,141850.50522720,0.9440
D,CO2EII,PUBLISHING,1,2014,2,"2014/01/11 00:00:00",QLD1,141279.05028463,115926.78992137,0.8206
D,CO2EII,PUBLISHING,1,2014,2,"2014/01/11 00:00:00",SA1,28888.392007,13332.48452454,0.4615
D,CO2EII,PUBLISHING,1,2014,2,"2014/01/11 00:00:00",TAS1,33742.743098,2085.17624749,0.0618
D,CO2EII,PUBLISHING,1,2014,2,"2014/01/11 00:00:00",VIC1,130933.65912001,164918.62478459,1.2596
D,CO2EII,PUBLISHING,1,2014,3,"2014/01/12 00:00:00",NEM,473344.33615286,423476.57491203,0.8946
D,CO2EII,PUBLISHING,1,2014,3,"2014/01/12 00:00:00",NSW1,148320.588708,138906.74588929,0.9365
D,CO2EII,PUBLISHING,1,2014,3,"2014/01/12 00:00:00",QLD1,137494.83732785,114334.22898980,0.8316
D,CO2EII,PUBLISHING,1,2014,3,"2014/01/12 00:00:00",SA1,32014.39735701,15664.81602289,0.4893
D,CO2EII,PUBLISHING,1,2014,3,"2014/01/12 00:00:00",TAS1,32420.84897601,2087.74553123,0.0644
D,CO2EII,PUBLISHING,1,2014,3,"2014/01/12 00:00:00",VIC1,123093.66378399,152483.03847882,1.2388
D,CO2EII,PUBLISHING,1,2014,3,"2014/01/13 00:00:00",NEM,549750.78904941,495470.09379159,0.9013
D,CO2EII,PUBLISHING,1,2014,3,"2014/01/13 00:00:00",NSW1,179696.87468237,166929.36523510,0.9289
D,CO2EII,PUBLISHING,1,2014,3,"2014/01/13 00:00:00",QLD1,149615.45935503,125169.856020,0.8366
D,CO2EII,PUBLISHING,1,2014,3,"2014/01/13 00:00:00",SA1,42405.57568601,28099.35043516,0.6626
D,CO2EII,PUBLISHING,1,2014,3,"2014/01/13 00:00:00",TAS1,34837.29806701,2089.96995743,0.06
D,CO2EII,PUBLISHING,1,2014,3,"2014/01/13 00:00:00",VIC1,143195.58125899,173181.55214390,1.2094
D,CO2EII,PUBLISHING,1,2014,3,"2014/01/14 00:00:00",NEM,598495.26687443,523517.29587837,0.8747
D,CO2EII,PUBLISHING,1,2014,3,"2014/01/14 00:00:00",NSW1,193817.457665,181698.95250293,0.9375
D,CO2EII,PUBLISHING,1,2014,3,"2014/01/14 00:00:00",QLD1,150733.28996743,124806.13842558,0.8280
D,CO2EII,PUBLISHING,1,2014,3,"2014/01/14 00:00:00",SA1,49033.822374,32686.55928159,0.6666
D,CO2EII,PUBLISHING,1,2014,3,"2014/01/14 00:00:00",TAS1,34837.04987299,2067.36106614,0.0593
D,CO2EII,PUBLISHING,1,2014,3,"2014/01/14 00:00:00",VIC1,170073.64699501,182258.28460213,1.0716
D,CO2EII,PUBLISHING,1,2014,3,"2014/01/15 00:00:00",NEM,626618.78714054,547643.55756225,0.8740
D,CO2EII,PUBLISHING,1,2014,3,"2014/01/15 00:00:00",NSW1,209434.090951,193448.24814773,0.9237
D,CO2EII,PUBLISHING,1,2014,3,"2014/01/15 00:00:00",QLD1,155921.46000354,128334.81437463,0.8231
D,CO2EII,PUBLISHING,1,2014,3,"2014/01/15 00:00:00",SA1,52380.46896001,36946.52132116,0.7053
D,CO2EII,PUBLISHING,1,2014,3,"2014/01/15 00:00:00",TAS1,33162.484733,2054.45543447,0.0620
D,CO2EII,PUBLISHING,1,2014,3,"2014/01/15 00:00:00",VIC1,175720.28249299,186859.51828426,1.0634
D,CO2EII,PUBLISHING,1,2014,3,"2014/01/16 00:00:00",NEM,637221.91796617,548445.82876870,0.8607
D,CO2EII,PUBLISHING,1,2014,3,"2014/01/16 00:00:00",NSW1,208289.79897799,192085.30754041,0.9222
D,CO2EII,PUBLISHING,1,2014,3,"2014/01/16 00:00:00",QLD1,158928.08495018,129933.77211305,0.8176
D,CO2EII,PUBLISHING,1,2014,3,"2014/01/16 00:00:00",SA1,56921.09399698,34647.21982167,0.6087
D,CO2EII,PUBLISHING,1,2014,3,"2014/01/16 00:00:00",TAS1,32836.977562,2064.68191893,0.0629
D,CO2EII,PUBLISHING,1,2014,3,"2014/01/16 00:00:00",VIC1,180245.96247902,189714.84737464,1.0525
D,CO2EII,PUBLISHING,1,2014,3,"2014/01/17 00:00:00",NEM,617167.22344833,533400.18187761,0.8643
D,CO2EII,PUBLISHING,1,2014,3,"2014/01/17 00:00:00",NSW1,198685.78148135,185732.14273678,0.9348
D,CO2EII,PUBLISHING,1,2014,3,"2014/01/17 00:00:00",QLD1,153237.771130,125830.33628706,0.8211
D,CO2EII,PUBLISHING,1,2014,3,"2014/01/17 00:00:00",SA1,54345.912598,31488.13290367,0.5794
D,CO2EII,PUBLISHING,1,2014,3,"2014/01/17 00:00:00",TAS1,34083.86219799,2020.60947814,0.0593
D,CO2EII,PUBLISHING,1,2014,3,"2014/01/17 00:00:00",VIC1,176813.89604099,188328.96047196,1.0651
D,CO2EII,PUBLISHING,1,2014,3,"2014/01/18 00:00:00",NEM,516530.53117321,464978.95524874,0.9002
D,CO2EII,PUBLISHING,1,2014,3,"2014/01/18 00:00:00",NSW1,171181.464282,161592.02728762,0.9440
D,CO2EII,PUBLISHING,1,2014,3,"2014/01/18 00:00:00",QLD1,141559.76957623,117150.03712763,0.8276
D,CO2EII,PUBLISHING,1,2014,3,"2014/01/18 00:00:00",SA1,34246.33385499,17928.98275272,0.5235
D,CO2EII,PUBLISHING,1,2014,3,"2014/01/18 00:00:00",TAS1,34996.07668901,2215.66901469,0.0633
D,CO2EII,PUBLISHING,1,2014,3,"2014/01/18 00:00:00",VIC1,134546.88677098,166092.23906608,1.2345
D,CO2EII,PUBLISHING,1,2014,4,"2014/01/19 00:00:00",NEM,480901.72983421,424892.64717287,0.8835
D,CO2EII,PUBLISHING,1,2014,4,"2014/01/19 00:00:00",NSW1,152962.78097785,142285.77017316,0.9302
D,CO2EII,PUBLISHING,1,2014,4,"2014/01/19 00:00:00",QLD1,139740.49278940,115914.55892466,0.8295
D,CO2EII,PUBLISHING,1,2014,4,"2014/01/19 00:00:00",SA1,31836.946366,14642.00029170,0.4599
D,CO2EII,PUBLISHING,1,2014,4,"2014/01/19 00:00:00",TAS1,31157.95572499,2346.96818771,0.0753
D,CO2EII,PUBLISHING,1,2014,4,"2014/01/19 00:00:00",VIC1,125203.55397597,149703.34959564,1.1957
D,CO2EII,PUBLISHING,1,2014,4,"2014/01/20 00:00:00",NEM,543684.81136655,488581.21697714,0.8986
D,CO2EII,PUBLISHING,1,2014,4,"2014/01/20 00:00:00",NSW1,182458.39805699,170262.99305799,0.9332
D,CO2EII,PUBLISHING,1,2014,4,"2014/01/20 00:00:00",QLD1,154853.97364155,127824.21910734,0.8255
D,CO2EII,PUBLISHING,1,2014,4,"2014/01/20 00:00:00",SA1,32149.60989799,16837.78388277,0.5237
D,CO2EII,PUBLISHING,1,2014,4,"2014/01/20 00:00:00",TAS1,35763.819106,2084.75428571,0.0583
D,CO2EII,PUBLISHING,1,2014,4,"2014/01/20 00:00:00",VIC1,138459.01066402,171571.46664333,1.2391
D,CO2EII,PUBLISHING,1,2014,4,"2014/01/21 00:00:00",NEM,542186.18185454,483733.77752699,0.8922
D,CO2EII,PUBLISHING,1,2014,4,"2014/01/21 00:00:00",NSW1,178876.15502646,168223.80333671,0.9404
D,CO2EII,PUBLISHING,1,2014,4,"2014/01/21 00:00:00",QLD1,159305.72845807,131369.66331687,0.8246
D,CO2EII,PUBLISHING,1,2014,4,"2014/01/21 00:00:00",SA1,32491.075091,15915.42651681,0.4898
D,CO2EII,PUBLISHING,1,2014,4,"2014/01/21 00:00:00",TAS1,36398.82262701,2149.84357857,0.0591
D,CO2EII,PUBLISHING,1,2014,4,"2014/01/21 00:00:00",VIC1,135114.400652,166075.04077803,1.2291
D,CO2EII,PUBLISHING,1,2014,4,"2014/01/22 00:00:00",NEM,535599.67462088,476330.84058336,0.8893
D,CO2EII,PUBLISHING,1,2014,4,"2014/01/22 00:00:00",NSW1,175354.131628,164185.59211213,0.9363
D,CO2EII,PUBLISHING,1,2014,4,"2014/01/22 00:00:00",QLD1,161492.18966686,132046.98656976,0.8177
D,CO2EII,PUBLISHING,1,2014,4,"2014/01/22 00:00:00",SA1,33039.212716,15618.54141394,0.4727
D,CO2EII,PUBLISHING,1,2014,4,"2014/01/22 00:00:00",TAS1,34474.853749,2061.36273181,0.0598
D,CO2EII,PUBLISHING,1,2014,4,"2014/01/22 00:00:00",VIC1,131239.28686102,162418.35775572,1.2376
D,CO2EII,PUBLISHING,1,2014,4,"2014/01/23 00:00:00",NEM,539243.67250292,484153.48162914,0.8978
D,CO2EII,PUBLISHING,1,2014,4,"2014/01/23 00:00:00",NSW1,183252.342193,172902.94042776,0.9435
D,CO2EII,PUBLISHING,1,2014,4,"2014/01/23 00:00:00",QLD1,153981.08861191,126508.61776399,0.8216
D,CO2EII,PUBLISHING,1,2014,4,"2014/01/23 00:00:00",SA1,31910.65281201,19674.49260939,0.6165
D,CO2EII,PUBLISHING,1,2014,4,"2014/01/23 00:00:00",TAS1,37040.779025,2090.68102582,0.0564
D,CO2EII,PUBLISHING,1,2014,4,"2014/01/23 00:00:00",VIC1,133058.809861,162976.74980218,1.2248
D,CO2EII,PUBLISHING,1,2014,4,"2014/01/24 00:00:00",NEM,522948.72309907,471059.37441069,0.9008
D,CO2EII,PUBLISHING,1,2014,4,"2014/01/24 00:00:00",NSW1,177167.556590,165786.51214584,0.9358
D,CO2EII,PUBLISHING,1,2014,4,"2014/01/24 00:00:00",QLD1,147644.69399608,122814.56797034,0.8318
D,CO2EII,PUBLISHING,1,2014,4,"2014/01/24 00:00:00",SA1,28718.850424,16482.40489467,0.5739
D,CO2EII,PUBLISHING,1,2014,4,"2014/01/24 00:00:00",TAS1,33820.897250,2082.16737058,0.0616
D,CO2EII,PUBLISHING,1,2014,4,"2014/01/24 00:00:00",VIC1,135596.72483899,163893.72202926,1.2087
D,CO2EII,PUBLISHING,1,2014,4,"2014/01/25 00:00:00",NEM,461204.94801785,408733.11083094,0.8862
D,CO2EII,PUBLISHING,1,2014,4,"2014/01/25 00:00:00",NSW1,133617.04051199,125827.06081924,0.9417
D,CO2EII,PUBLISHING,1,2014,4,"2014/01/25 00:00:00",QLD1,144647.91093388,119222.65871144,0.8242
D,CO2EII,PUBLISHING,1,2014,4,"2014/01/25 00:00:00",SA1,32417.89658299,13885.53927113,0.4283
D,CO2EII,PUBLISHING,1,2014,4,"2014/01/25 00:00:00",TAS1,30028.704678,2088.49185580,0.0695
D,CO2EII,PUBLISHING,1,2014,4,"2014/01/25 00:00:00",VIC1,120493.39531099,147709.36017333,1.2259
D,CO2EII,PUBLISHING,1,2014,5,"2014/01/26 00:00:00",NEM,441719.80665019,398684.75647791,0.9026
D,CO2EII,PUBLISHING,1,2014,5,"2014/01/26 00:00:00",NSW1,122562.26110899,113410.88982629,0.9253
D,CO2EII,PUBLISHING,1,2014,5,"2014/01/26 00:00:00",QLD1,138564.97271620,113632.72994784,0.8201
D,CO2EII,PUBLISHING,1,2014,5,"2014/01/26 00:00:00",SA1,30529.591829,16456.42071927,0.5390
D,CO2EII,PUBLISHING,1,2014,5,"2014/01/26 00:00:00",TAS1,29455.896996,2079.67096442,0.0706
D,CO2EII,PUBLISHING,1,2014,5,"2014/01/26 00:00:00",VIC1,120607.0840,153105.04502009,1.2695
D,CO2EII,PUBLISHING,1,2014,5,"2014/01/27 00:00:00",NEM,482998.11093933,436425.37830710,0.9036
D,CO2EII,PUBLISHING,1,2014,5,"2014/01/27 00:00:00",NSW1,140745.257595,133147.342913,0.9460
D,CO2EII,PUBLISHING,1,2014,5,"2014/01/27 00:00:00",QLD1,140914.71393233,114895.81614302,0.8154
D,CO2EII,PUBLISHING,1,2014,5,"2014/01/27 00:00:00",SA1,34134.345789,22627.64586586,0.6629
D,CO2EII,PUBLISHING,1,2014,5,"2014/01/27 00:00:00",TAS1,31734.981965,2079.712336,0.0655
D,CO2EII,PUBLISHING,1,2014,5,"2014/01/27 00:00:00",VIC1,135468.811658,163674.86104922,1.2082
D,CO2EII,PUBLISHING,1,2014,5,"2014/01/28 00:00:00",NEM,574634.16159619,493994.16346284,0.8597
D,CO2EII,PUBLISHING,1,2014,5,"2014/01/28 00:00:00",NSW1,179361.680449,171112.36110050,0.9540
D,CO2EII,PUBLISHING,1,2014,5,"2014/01/28 00:00:00",QLD1,145949.24279919,118767.25910177,0.8138
D,CO2EII,PUBLISHING,1,2014,5,"2014/01/28 00:00:00",SA1,48744.20366101,26990.18055763,0.5537
D,CO2EII,PUBLISHING,1,2014,5,"2014/01/28 00:00:00",TAS1,34749.410095,2047.28902605,0.0589
D,CO2EII,PUBLISHING,1,2014,5,"2014/01/28 00:00:00",VIC1,165829.62459199,175077.07367689,1.0558
D,CO2EII,PUBLISHING,1,2014,5,"2014/01/29 00:00:00",NEM,543883.77195234,482444.22980807,0.8870
D,CO2EII,PUBLISHING,1,2014,5,"2014/01/29 00:00:00",NSW1,182942.75820228,172089.92512254,0.9407
D,CO2EII,PUBLISHING,1,2014,5,"2014/01/29 00:00:00",QLD1,146302.64083574,117542.14179136,0.8034
D,CO2EII,PUBLISHING,1,2014,5,"2014/01/29 00:00:00",SA1,40418.77339632,20444.90565810,0.5058
D,CO2EII,PUBLISHING,1,2014,5,"2014/01/29 00:00:00",TAS1,32463.123193,2014.00829652,0.0620
D,CO2EII,PUBLISHING,1,2014,5,"2014/01/29 00:00:00",VIC1,141756.476325,170353.24893955,1.2017
D,CO2EII,PUBLISHING,1,2014,5,"2014/01/30 00:00:00",NEM,554836.12643080,489911.59531643,0.8830
D,CO2EII,PUBLISHING,1,2014,5,"2014/01/30 00:00:00",NSW1,186083.501392,176966.05754051,0.9510
D,CO2EII,PUBLISHING,1,2014,5,"2014/01/30 00:00:00",QLD1,147308.00112082,117941.64256197,0.8006
D,CO2EII,PUBLISHING,1,2014,5,"2014/01/30 00:00:00",SA1,40680.628203,24133.24420205,0.5932
D,CO2EII,PUBLISHING,1,2014,5,"2014/01/30 00:00:00",TAS1,36207.85013899,2092.76481553,0.0578
D,CO2EII,PUBLISHING,1,2014,5,"2014/01/30 00:00:00",VIC1,144556.14557599,168777.88619637,1.1676
D,CO2EII,PUBLISHING,1,2014,5,"2014/01/31 00:00:00",NEM,559027.90351791,497805.78927296,0.8905
D,CO2EII,PUBLISHING,1,2014,5,"2014/01/31 00:00:00",NSW1,193171.785199,181603.04555587,0.9401
D,CO2EII,PUBLISHING,1,2014,5,"2014/01/31 00:00:00",QLD1,148162.47583992,118652.96951801,0.8008
D,CO2EII,PUBLISHING,1,2014,5,"2014/01/31 00:00:00",SA1,43074.861255,26517.80093464,0.6156
D,CO2EII,PUBLISHING,1,2014,5,"2014/01/31 00:00:00",TAS1,35845.812655,2083.26278624,0.0581
D,CO2EII,PUBLISHING,1,2014,5,"2014/01/31 00:00:00",VIC1,138772.96856899,168948.71047820,1.2174
D,CO2EII,PUBLISHING,1,2014,5,"2014/02/01 00:00:00",NEM,525404.45943750,469159.66180770,0.8929
D,CO2EII,PUBLISHING,1,2014,5,"2014/02/01 00:00:00",NSW1,172038.70443701,160478.69906269,0.9328
D,CO2EII,PUBLISHING,1,2014,5,"2014/02/01 00:00:00",QLD1,140720.57998649,114295.13351622,0.8122
D,CO2EII,PUBLISHING,1,2014,5,"2014/02/01 00:00:00",SA1,44544.85315499,27751.83388269,0.6230
D,CO2EII,PUBLISHING,1,2014,5,"2014/02/01 00:00:00",TAS1,33842.832149,2084.83489469,0.0616
D,CO2EII,PUBLISHING,1,2014,5,"2014/02/01 00:00:00",VIC1,134257.48971001,164549.16045141,1.2256
D,CO2EII,PUBLISHING,1,2014,6,"2014/02/02 00:00:00",NEM,535467.65034763,480941.97153603,0.8982
D,CO2EII,PUBLISHING,1,2014,6,"2014/02/02 00:00:00",NSW1,171373.41687599,160715.31266219,0.9378
D,CO2EII,PUBLISHING,1,2014,6,"2014/02/02 00:00:00",QLD1,139913.04785364,114548.55431711,0.8187
D,CO2EII,PUBLISHING,1,2014,6,"2014/02/02 00:00:00",SA1,47111.82355999,30833.35380230,0.6545
D,CO2EII,PUBLISHING,1,2014,6,"2014/02/02 00:00:00",TAS1,32625.418388,2047.54691691,0.0628
D,CO2EII,PUBLISHING,1,2014,6,"2014/02/02 00:00:00",VIC1,144443.94367001,172797.20383752,1.1963
D,CO2EII,PUBLISHING,1,2014,6,"2014/02/03 00:00:00",NEM,557496.52336510,483402.99412691,0.8671
D,CO2EII,PUBLISHING,1,2014,6,"2014/02/03 00:00:00",NSW1,185573.26569602,172748.90655122,0.9309
D,CO2EII,PUBLISHING,1,2014,6,"2014/02/03 00:00:00",QLD1,145615.73133211,117157.25542824,0.8046
D,CO2EII,PUBLISHING,1,2014,6,"2014/02/03 00:00:00",SA1,40088.543196,19388.37265852,0.4836
D,CO2EII,PUBLISHING,1,2014,6,"2014/02/03 00:00:00",TAS1,34871.32221099,2024.46390109,0.0581
D,CO2EII,PUBLISHING,1,2014,6,"2014/02/03 00:00:00",VIC1,151347.66092998,172083.99558784,1.1370
D,CO2EII,PUBLISHING,1,2014,6,"2014/02/04 00:00:00",NEM,515083.04750823,441892.49312922,0.8579
D,CO2EII,PUBLISHING,1,2014,6,"2014/02/04 00:00:00",NSW1,168371.009086,153903.53844594,0.9141
D,CO2EII,PUBLISHING,1,2014,6,"2014/02/04 00:00:00",QLD1,140529.48682326,113558.06776078,0.8081
D,CO2EII,PUBLISHING,1,2014,6,"2014/02/04 00:00:00",SA1,39654.48398799,13867.54607114,0.3497
D,CO2EII,PUBLISHING,1,2014,6,"2014/02/04 00:00:00",TAS1,30272.04507699,2179.08225590,0.0720
D,CO2EII,PUBLISHING,1,2014,6,"2014/02/04 00:00:00",VIC1,136256.02253399,158384.25859546,1.1624
D,CO2EII,PUBLISHING,1,2014,6,"2014/02/05 00:00:00",NEM,518597.49240738,462358.56835277,0.8916
D,CO2EII,PUBLISHING,1,2014,6,"2014/02/05 00:00:00",NSW1,164083.07721699,151550.01795958,0.9236
D,CO2EII,PUBLISHING,1,2014,6,"2014/02/05 00:00:00",QLD1,142890.10654942,115449.16033493,0.8080
D,CO2EII,PUBLISHING,1,2014,6,"2014/02/05 00:00:00",SA1,35144.669475,19797.37706602,0.5633
D,CO2EII,PUBLISHING,1,2014,6,"2014/02/05 00:00:00",TAS1,33442.876721,2188.13323429,0.0654
D,CO2EII,PUBLISHING,1,2014,6,"2014/02/05 00:00:00",VIC1,143036.76244497,173373.87975795,1.2121
D,CO2EII,PUBLISHING,1,2014,6,"2014/02/06 00:00:00",NEM,539372.82859502,489567.89128833,0.9077
D,CO2EII,PUBLISHING,1,2014,6,"2014/02/06 00:00:00",NSW1,174715.674212,163959.20784663,0.9384
D,CO2EII,PUBLISHING,1,2014,6,"2014/02/06 00:00:00",QLD1,141756.117884,116418.81959742,0.8213
D,CO2EII,PUBLISHING,1,2014,6,"2014/02/06 00:00:00",SA1,34294.79521601,23542.48793485,0.6865
D,CO2EII,PUBLISHING,1,2014,6,"2014/02/06 00:00:00",TAS1,36622.28685101,2088.75944577,0.0570
D,CO2EII,PUBLISHING,1,2014,6,"2014/02/06 00:00:00",VIC1,151983.954432,183558.61646366,1.2077
D,CO2EII,PUBLISHING,1,2014,6,"2014/02/07 00:00:00",NEM,551322.98870127,497639.41611081,0.9026
D,CO2EII,PUBLISHING,1,2014,6,"2014/02/07 00:00:00",NSW1,180701.800904,169729.91302669,0.9393
D,CO2EII,PUBLISHING,1,2014,6,"2014/02/07 00:00:00",QLD1,141779.18773227,116832.45572487,0.8240
D,CO2EII,PUBLISHING,1,2014,6,"2014/02/07 00:00:00",SA1,36200.386706,25376.73042419,0.7010
D,CO2EII,PUBLISHING,1,2014,6,"2014/02/07 00:00:00",TAS1,36343.899754,2118.19871802,0.0583
D,CO2EII,PUBLISHING,1,2014,6,"2014/02/07 00:00:00",VIC1,156297.713605,183582.11821704,1.1746
D,CO2EII,PUBLISHING,1,2014,6,"2014/02/08 00:00:00",NEM,533749.80001018,479582.17696635,0.8985
D,CO2EII,PUBLISHING,1,2014,6,"2014/02/08 00:00:00",NSW1,169279.722663,159611.44561875,0.9429
D,CO2EII,PUBLISHING,1,2014,6,"2014/02/08 00:00:00",QLD1,134407.25576715,111472.77594687,0.8294
D,CO2EII,PUBLISHING,1,2014,6,"2014/02/08 00:00:00",SA1,45896.380852,25808.47774564,0.5623
D,CO2EII,PUBLISHING,1,2014,6,"2014/02/08 00:00:00",TAS1,33352.549672,2049.87209546,0.0615
D,CO2EII,PUBLISHING,1,2014,6,"2014/02/08 00:00:00",VIC1,150813.89105603,180639.60555963,1.1978
D,CO2EII,PUBLISHING,1,2014,7,"2014/02/09 00:00:00",NEM,507664.69973326,447014.95534329,0.8805
D,CO2EII,PUBLISHING,1,2014,7,"2014/02/09 00:00:00",NSW1,166712.927912,156531.00953080,0.9389
D,CO2EII,PUBLISHING,1,2014,7,"2014/02/09 00:00:00",QLD1,135289.16893029,112121.28835993,0.8288
D,CO2EII,PUBLISHING,1,2014,7,"2014/02/09 00:00:00",SA1,36974.603591,17017.04521427,0.4602
D,CO2EII,PUBLISHING,1,2014,7,"2014/02/09 00:00:00",TAS1,32017.259751,2047.81691351,0.0640
D,CO2EII,PUBLISHING,1,2014,7,"2014/02/09 00:00:00",VIC1,136670.73954897,159297.79532478,1.1656
D,CO2EII,PUBLISHING,1,2014,7,"2014/02/10 00:00:00",NEM,530888.24259268,454864.39410189,0.8568
D,CO2EII,PUBLISHING,1,2014,7,"2014/02/10 00:00:00",NSW1,186961.182639,172949.02522775,0.9251
D,CO2EII,PUBLISHING,1,2014,7,"2014/02/10 00:00:00",QLD1,145760.73944667,121159.53259847,0.8312
D,CO2EII,PUBLISHING,1,2014,7,"2014/02/10 00:00:00",SA1,40552.894797,19647.60567789,0.4845
D,CO2EII,PUBLISHING,1,2014,7,"2014/02/10 00:00:00",TAS1,33406.687388,2088.39790695,0.0625
D,CO2EII,PUBLISHING,1,2014,7,"2014/02/10 00:00:00",VIC1,124206.73832201,139019.83269083,1.1193
D,CO2EII,PUBLISHING,1,2014,7,"2014/02/11 00:00:00",NEM,547812.717775,476762.46515877,0.8703
D,CO2EII,PUBLISHING,1,2014,7,"2014/02/11 00:00:00",NSW1,175472.750332,164183.16800955,0.9357
D,CO2EII,PUBLISHING,1,2014,7,"2014/02/11 00:00:00",QLD1,148239.266512,119915.26874166,0.8089
D,CO2EII,PUBLISHING,1,2014,7,"2014/02/11 00:00:00",SA1,45282.403104,27584.56516396,0.6092
D,CO2EII,PUBLISHING,1,2014,7,"2014/02/11 00:00:00",TAS1,34594.531499,2087.57674315,0.0603
D,CO2EII,PUBLISHING,1,2014,7,"2014/02/11 00:00:00",VIC1,144223.766328,162991.88650045,1.1301
D,CO2EII,PUBLISHING,1,2014,7,"2014/02/12 00:00:00",NEM,563646.85082529,497844.02668135,0.8833
D,CO2EII,PUBLISHING,1,2014,7,"2014/02/12 00:00:00",NSW1,184355.757445,171325.29265643,0.9293
D,CO2EII,PUBLISHING,1,2014,7,"2014/02/12 00:00:00",QLD1,147787.33235231,119578.75593596,0.8091
D,CO2EII,PUBLISHING,1,2014,7,"2014/02/12 00:00:00",SA1,50475.63619898,29267.92867528,0.5798
D,CO2EII,PUBLISHING,1,2014,7,"2014/02/12 00:00:00",TAS1,33754.743556,2085.91161992,0.0618
D,CO2EII,PUBLISHING,1,2014,7,"2014/02/12 00:00:00",VIC1,147273.381273,175586.13779376,1.1922
D,CO2EII,PUBLISHING,1,2014,7,"2014/02/13 00:00:00",NEM,552285.36673667,491095.47443876,0.8892
D,CO2EII,PUBLISHING,1,2014,7,"2014/02/13 00:00:00",NSW1,191087.298276,177460.00225908,0.9287
D,CO2EII,PUBLISHING,1,2014,7,"2014/02/13 00:00:00",QLD1,141612.01139566,113481.76868539,0.8014
D,CO2EII,PUBLISHING,1,2014,7,"2014/02/13 00:00:00",SA1,35983.666014,21220.29236978,0.5897
D,CO2EII,PUBLISHING,1,2014,7,"2014/02/13 00:00:00",TAS1,34780.983311,2061.82961321,0.0593
D,CO2EII,PUBLISHING,1,2014,7,"2014/02/13 00:00:00",VIC1,148821.40774001,176871.58151130,1.1885
D,CO2EII,PUBLISHING,1,2014,7,"2014/02/14 00:00:00",NEM,537582.41667023,484590.05054499,0.9014
D,CO2EII,PUBLISHING,1,2014,7,"2014/02/14 00:00:00",NSW1,182761.08951799,175257.407463,0.9589
D,CO2EII,PUBLISHING,1,2014,7,"2014/02/14 00:00:00",QLD1,146435.11452623,120081.78308817,0.82
D,CO2EII,PUBLISHING,1,2014,7,"2014/02/14 00:00:00",SA1,31638.144741,15601.43223292,0.4931
D,CO2EII,PUBLISHING,1,2014,7,"2014/02/14 00:00:00",TAS1,35681.054399,2029.68688908,0.0569
D,CO2EII,PUBLISHING,1,2014,7,"2014/02/14 00:00:00",VIC1,141067.01348601,171619.74087182,1.2166
D,CO2EII,PUBLISHING,1,2014,7,"2014/02/15 00:00:00",NEM,494156.97767134,441303.13109963,0.8930
D,CO2EII,PUBLISHING,1,2014,7,"2014/02/15 00:00:00",NSW1,158855.220464,149549.81507154,0.9414
D,CO2EII,PUBLISHING,1,2014,7,"2014/02/15 00:00:00",QLD1,145858.75557934,118851.80528414,0.8148
D,CO2EII,PUBLISHING,1,2014,7,"2014/02/15 00:00:00",SA1,29189.137909,12714.72580578,0.4356
D,CO2EII,PUBLISHING,1,2014,7,"2014/02/15 00:00:00",TAS1,32175.627503,2000.44737905,0.0622
D,CO2EII,PUBLISHING,1,2014,7,"2014/02/15 00:00:00",VIC1,128078.236216,158186.33755912,1.2351
D,CO2EII,PUBLISHING,1,2014,8,"2014/02/16 00:00:00",NEM,471038.30120566,409573.66725092,0.8695
D,CO2EII,PUBLISHING,1,2014,8,"2014/02/16 00:00:00",NSW1,162490.326578,152712.03299501,0.9398
D,CO2EII,PUBLISHING,1,2014,8,"2014/02/16 00:00:00",QLD1,148270.24888966,120549.24970885,0.8130
D,CO2EII,PUBLISHING,1,2014,8,"2014/02/16 00:00:00",SA1,27091.228149,14163.77758620,0.5228
D,CO2EII,PUBLISHING,1,2014,8,"2014/02/16 00:00:00",TAS1,33711.043281,2054.73493918,0.0610
D,CO2EII,PUBLISHING,1,2014,8,"2014/02/16 00:00:00",VIC1,99475.454308,120093.87202168,1.2073
D,CO2EII,PUBLISHING,1,2014,8,"2014/02/17 00:00:00",NEM,522339.829173,468821.42194723,0.8975
D,CO2EII,PUBLISHING,1,2014,8,"2014/02/17 00:00:00",NSW1,182207.322453,172780.26705360,0.9483
D,CO2EII,PUBLISHING,1,2014,8,"2014/02/17 00:00:00",QLD1,155534.135585,126118.68089045,0.8109
D,CO2EII,PUBLISHING,1,2014,8,"2014/02/17 00:00:00",SA1,23391.727436,15188.31491257,0.6493
D,CO2EII,PUBLISHING,1,2014,8,"2014/02/17 00:00:00",TAS1,34720.513159,2081.61998924,0.06
D,CO2EII,PUBLISHING,1,2014,8,"2014/02/17 00:00:00",VIC1,126486.130540,152652.53910137,1.2069
D,CO2EII,PUBLISHING,1,2014,8,"2014/02/18 00:00:00",NEM,534679.53550667,475990.21817985,0.8902
D,CO2EII,PUBLISHING,1,2014,8,"2014/02/18 00:00:00",NSW1,182899.268148,174432.88005676,0.9537
D,CO2EII,PUBLISHING,1,2014,8,"2014/02/18 00:00:00",QLD1,151543.98666067,125343.55995244,0.8271
D,CO2EII,PUBLISHING,1,2014,8,"2014/02/18 00:00:00",SA1,29302.707191,16052.81241333,0.5478
D,CO2EII,PUBLISHING,1,2014,8,"2014/02/18 00:00:00",TAS1,37323.767493,2079.73264321,0.0557
D,CO2EII,PUBLISHING,1,2014,8,"2014/02/18 00:00:00",VIC1,133609.806014,158081.23311411,1.1832
D,CO2EII,PUBLISHING,1,2014,8,"2014/02/19 00:00:00",NEM,530975.317146,461244.14604765,0.8687
D,CO2EII,PUBLISHING,1,2014,8,"2014/02/19 00:00:00",NSW1,175324.870748,163932.35825298,0.9350
D,CO2EII,PUBLISHING,1,2014,8,"2014/02/19 00:00:00",QLD1,154023.296327,125645.63633018,0.8158
D,CO2EII,PUBLISHING,1,2014,8,"2014/02/19 00:00:00",SA1,37940.975727,13915.89149154,0.3668
D,CO2EII,PUBLISHING,1,2014,8,"2014/02/19 00:00:00",TAS1,34037.106683,2046.06720738,0.0601
D,CO2EII,PUBLISHING,1,2014,8,"2014/02/19 00:00:00",VIC1,129649.067661,155704.19276557,1.2010
D,CO2EII,PUBLISHING,1,2014,8,"2014/02/20 00:00:00",NEM,522448.55113365,452822.03642286,0.8667
D,CO2EII,PUBLISHING,1,2014,8,"2014/02/20 00:00:00",NSW1,171620.346016,157716.87808241,0.9190
D,CO2EII,PUBLISHING,1,2014,8,"2014/02/20 00:00:00",QLD1,158807.58508965,129023.74841323,0.8125
D,CO2EII,PUBLISHING,1,2014,8,"2014/02/20 00:00:00",SA1,30954.146144,14712.15505125,0.4753
D,CO2EII,PUBLISHING,1,2014,8,"2014/02/20 00:00:00",TAS1,34847.466616,2097.19513930,0.0602
D,CO2EII,PUBLISHING,1,2014,8,"2014/02/20 00:00:00",VIC1,126219.007268,149272.05973667,1.1826
D,CO2EII,PUBLISHING,1,2014,8,"2014/02/21 00:00:00",NEM,517661.20280732,460035.81707519,0.8887
D,CO2EII,PUBLISHING,1,2014,8,"2014/02/21 00:00:00",NSW1,159091.789573,149781.55192717,0.9415
D,CO2EII,PUBLISHING,1,2014,8,"2014/02/21 00:00:00",QLD1,160442.22538833,131089.79048973,0.8171
D,CO2EII,PUBLISHING,1,2014,8,"2014/02/21 00:00:00",SA1,28581.901313,14309.20600043,0.5006
D,CO2EII,PUBLISHING,1,2014,8,"2014/02/21 00:00:00",TAS1,37815.891224,2001.76221083,0.0529
D,CO2EII,PUBLISHING,1,2014,8,"2014/02/21 00:00:00",VIC1,131729.39530899,162853.50644703,1.2363
D,CO2EII,PUBLISHING,1,2014,8,"2014/02/22 00:00:00",NEM,462118.57261334,411210.20009550,0.8898
D,CO2EII,PUBLISHING,1,2014,8,"2014/02/22 00:00:00",NSW1,137112.668235,128510.96458006,0.9373
D,CO2EII,PUBLISHING,1,2014,8,"2014/02/22 00:00:00",QLD1,137363.39817834,112760.44516930,0.8209
D,CO2EII,PUBLISHING,1,2014,8,"2014/02/22 00:00:00",SA1,32479.099293,13554.51762237,0.4173
D,CO2EII,PUBLISHING,1,2014,8,"2014/02/22 00:00:00",TAS1,32058.239382,1969.42126554,0.0614
D,CO2EII,PUBLISHING,1,2014,8,"2014/02/22 00:00:00",VIC1,123105.167525,154414.85145823,1.2543
D,CO2EII,PUBLISHING,1,2014,9,"2014/02/23 00:00:00",NEM,444717.02861961,401349.79627290,0.9025
D,CO2EII,PUBLISHING,1,2014,9,"2014/02/23 00:00:00",NSW1,138275.922290,130497.41575443,0.9437
D,CO2EII,PUBLISHING,1,2014,9,"2014/02/23 00:00:00",QLD1,134750.53805860,110104.54295492,0.8171
D,CO2EII,PUBLISHING,1,2014,9,"2014/02/23 00:00:00",SA1,28605.898590,14259.20589518,0.4985
D,CO2EII,PUBLISHING,1,2014,9,"2014/02/23 00:00:00",TAS1,30736.280284,2088.65276302,0.0680
D,CO2EII,PUBLISHING,1,2014,9,"2014/02/23 00:00:00",VIC1,112348.38939701,144399.97890535,1.2853
D,CO2EII,PUBLISHING,1,2014,9,"2014/02/24 00:00:00",NEM,511904.56733366,465112.46591262,0.9086
D,CO2EII,PUBLISHING,1,2014,9,"2014/02/24 00:00:00",NSW1,170015.124616,162188.17193631,0.9540
D,CO2EII,PUBLISHING,1,2014,9,"2014/02/24 00:00:00",QLD1,146189.51277866,119150.68815784,0.8150
D,CO2EII,PUBLISHING,1,2014,9,"2014/02/24 00:00:00",SA1,27486.703876,16891.04592266,0.6145
D,CO2EII,PUBLISHING,1,2014,9,"2014/02/24 00:00:00",TAS1,34834.867592,2085.18722055,0.0599
D,CO2EII,PUBLISHING,1,2014,9,"2014/02/24 00:00:00",VIC1,133378.358471,164797.37267526,1.2356
D,CO2EII,PUBLISHING,1,2014,9,"2014/02/25 00:00:00",NEM,525205.05773169,471117.19902454,0.8970
D,CO2EII,PUBLISHING,1,2014,9,"2014/02/25 00:00:00",NSW1,173906.15937469,165785.57508438,0.9533
D,CO2EII,PUBLISHING,1,2014,9,"2014/02/25 00:00:00",QLD1,145920.13842999,118268.35548190,0.8105
D,CO2EII,PUBLISHING,1,2014,9,"2014/02/25 00:00:00",SA1,28228.131389,16383.43196316,0.5804
D,CO2EII,PUBLISHING,1,2014,9,"2014/02/25 00:00:00",TAS1,36969.212009,2062.04180512,0.0558
D,CO2EII,PUBLISHING,1,2014,9,"2014/02/25 00:00:00",VIC1,140181.41652901,168617.79468998,1.2029
D,CO2EII,PUBLISHING,1,2014,9,"2014/02/26 00:00:00",NEM,520915.23205389,470257.23415166,0.9028
D,CO2EII,PUBLISHING,1,2014,9,"2014/02/26 00:00:00",NSW1,173874.15019156,163967.99451951,0.9430
D,CO2EII,PUBLISHING,1,2014,9,"2014/02/26 00:00:00",QLD1,147677.08863033,119582.11599936,0.8098
D,CO2EII,PUBLISHING,1,2014,9,"2014/02/26 00:00:00",SA1,28006.057003,15322.74875975,0.5471
D,CO2EII,PUBLISHING,1,2014,9,"2014/02/26 00:00:00",TAS1,34844.707581,2075.35233116,0.0596
D,CO2EII,PUBLISHING,1,2014,9,"2014/02/26 00:00:00",VIC1,136513.228648,169309.02254188,1.2402
D,CO2EII,PUBLISHING,1,2014,9,"2014/02/27 00:00:00",NEM,511490.23635132,454608.35451759,0.8888
D,CO2EII,PUBLISHING,1,2014,9,"2014/02/27 00:00:00",NSW1,163461.587106,153309.14079658,0.9379
D,CO2EII,PUBLISHING,1,2014,9,"2014/02/27 00:00:00",QLD1,148488.26549233,119511.75035087,0.8049
D,CO2EII,PUBLISHING,1,2014,9,"2014/02/27 00:00:00",SA1,33255.978197,14350.65657759,0.4315
D,CO2EII,PUBLISHING,1,2014,9,"2014/02/27 00:00:00",TAS1,32128.720469,2086.48360542,0.0649
D,CO2EII,PUBLISHING,1,2014,9,"2014/02/27 00:00:00",VIC1,134155.68508699,165350.32318713,1.2325
D,CO2EII,PUBLISHING,1,2014,9,"2014/02/28 00:00:00",NEM,501504.44225434,447414.58854143,0.8921
D,CO2EII,PUBLISHING,1,2014,9,"2014/02/28 00:00:00",NSW1,158279.161205,147804.18608830,0.9338
D,CO2EII,PUBLISHING,1,2014,9,"2014/02/28 00:00:00",QLD1,143351.61041832,116060.10072974,0.8096
D,CO2EII,PUBLISHING,1,2014,9,"2014/02/28 00:00:00",SA1,32371.992645,14548.25819270,0.4494
D,CO2EII,PUBLISHING,1,2014,9,"2014/02/28 00:00:00",TAS1,29527.212884,2089.15585505,0.0708
D,CO2EII,PUBLISHING,1,2014,9,"2014/02/28 00:00:00",VIC1,137974.46510202,166912.88767564,1.2097
D,CO2EII,PUBLISHING,1,2014,9,"2014/03/01 00:00:00",NEM,461176.39890033,410421.88282747,0.8899
D,CO2EII,PUBLISHING,1,2014,9,"2014/03/01 00:00:00",NSW1,137101.580031,127990.89297474,0.9335
D,CO2EII,PUBLISHING,1,2014,9,"2014/03/01 00:00:00",QLD1,135645.49676532,109198.86469399,0.8050
D,CO2EII,PUBLISHING,1,2014,9,"2014/03/01 00:00:00",SA1,28690.277277,10830.32896196,0.3775
D,CO2EII,PUBLISHING,1,2014,9,"2014/03/01 00:00:00",TAS1,28748.542695,2087.34075196,0.0726
D,CO2EII,PUBLISHING,1,2014,9,"2014/03/01 00:00:00",VIC1,130990.50213201,160314.45544482,1.2239
D,CO2EII,PUBLISHING,1,2014,10,"2014/03/02 00:00:00",NEM,451262.73260185,401032.49185119,0.8887
D,CO2EII,PUBLISHING,1,2014,10,"2014/03/02 00:00:00",NSW1,129693.55606399,121543.78892037,0.9372
D,CO2EII,PUBLISHING,1,2014,10,"2014/03/02 00:00:00",QLD1,136443.58862886,110146.06774657,0.8073
D,CO2EII,PUBLISHING,1,2014,10,"2014/03/02 00:00:00",SA1,28190.45653501,11043.91279527,0.3918
D,CO2EII,PUBLISHING,1,2014,10,"2014/03/02 00:00:00",TAS1,29520.812102,2087.81563848,0.0707
D,CO2EII,PUBLISHING,1,2014,10,"2014/03/02 00:00:00",VIC1,127414.31927199,156210.90675050,1.2260
D,CO2EII,PUBLISHING,1,2014,10,"2014/03/03 00:00:00",NEM,515207.93486165,472558.31156559,0.9172
D,CO2EII,PUBLISHING,1,2014,10,"2014/03/03 00:00:00",NSW1,166618.95559899,157350.62282395,0.9444
D,CO2EII,PUBLISHING,1,2014,10,"2014/03/03 00:00:00",QLD1,143029.04707866,115893.76627229,0.8103
D,CO2EII,PUBLISHING,1,2014,10,"2014/03/03 00:00:00",SA1,30278.990999,17433.94642159,0.5758
D,CO2EII,PUBLISHING,1,2014,10,"2014/03/03 00:00:00",TAS1,31668.801158,2077.55711483,0.0656
D,CO2EII,PUBLISHING,1,2014,10,"2014/03/03 00:00:00",VIC1,143612.140027,179802.41893293,1.2520
D,CO2EII,PUBLISHING,1,2014,10,"2014/03/04 00:00:00",NEM,532673.16812528,489594.31028751,0.9191
D,CO2EII,PUBLISHING,1,2014,10,"2014/03/04 00:00:00",NSW1,174016.172592,165408.46771496,0.9505
D,CO2EII,PUBLISHING,1,2014,10,"2014/03/04 00:00:00",QLD1,141945.01758730,115242.44424070,0.8119
D,CO2EII,PUBLISHING,1,2014,10,"2014/03/04 00:00:00",SA1,34272.32152199,21567.54077965,0.6293
D,CO2EII,PUBLISHING,1,2014,10,"2014/03/04 00:00:00",TAS1,32715.354855,438.34364597,0.0134
D,CO2EII,PUBLISHING,1,2014,10,"2014/03/04 00:00:00",VIC1,149724.30156899,186937.51390623,1.2485
D,CO2EII,PUBLISHING,1,2014,10,"2014/03/05 00:00:00",NEM,515190.21280099,471252.61059249,0.9147
D,CO2EII,PUBLISHING,1,2014,10,"2014/03/05 00:00:00",NSW1,166160.101181,157035.36207124,0.9451
D,CO2EII,PUBLISHING,1,2014,10,"2014/03/05 00:00:00",QLD1,143229.787655,115659.32186176,0.8075
D,CO2EII,PUBLISHING,1,2014,10,"2014/03/05 00:00:00",SA1,30849.162660,16321.34238698,0.5291
D,CO2EII,PUBLISHING,1,2014,10,"2014/03/05 00:00:00",TAS1,28338.772011,1033.34517806,0.0365
D,CO2EII,PUBLISHING,1,2014,10,"2014/03/05 00:00:00",VIC1,146612.38929399,181203.23909445,1.2359
D,CO2EII,PUBLISHING,1,2014,10,"2014/03/06 00:00:00",NEM,505047.32761434,453521.25774141,0.8980
D,CO2EII,PUBLISHING,1,2014,10,"2014/03/06 00:00:00",NSW1,170989.094962,162635.61769644,0.9511
D,CO2EII,PUBLISHING,1,2014,10,"2014/03/06 00:00:00",QLD1,141459.76327934,114603.45325464,0.8101
D,CO2EII,PUBLISHING,1,2014,10,"2014/03/06 00:00:00",SA1,29361.638953,15767.85036743,0.5370
D,CO2EII,PUBLISHING,1,2014,10,"2014/03/06 00:00:00",TAS1,31273.482671,2086.93586684,0.0667
D,CO2EII,PUBLISHING,1,2014,10,"2014/03/06 00:00:00",VIC1,131963.347749,158427.40055606,1.2005
D,CO2EII,PUBLISHING,1,2014,10,"2014/03/07 00:00:00",NEM,501173.76668269,450997.91686379,0.8999
D,CO2EII,PUBLISHING,1,2014,10,"2014/03/07 00:00:00",NSW1,165340.301395,157667.93928540,0.9536
D,CO2EII,PUBLISHING,1,2014,10,"2014/03/07 00:00:00",QLD1,139442.27153669,112424.23996835,0.8062
D,CO2EII,PUBLISHING,1,2014,10,"2014/03/07 00:00:00",SA1,33231.53744201,14271.86383740,0.4295
D,CO2EII,PUBLISHING,1,2014,10,"2014/03/07 00:00:00",TAS1,26515.561708,2069.31834337,0.0780
D,CO2EII,PUBLISHING,1,2014,10,"2014/03/07 00:00:00",VIC1,136644.09460099,164564.55542927,1.2043
D,CO2EII,PUBLISHING,1,2014,10,"2014/03/08 00:00:00",NEM,457809.47808746,410224.31165094,0.8961
D,CO2EII,PUBLISHING,1,2014,10,"2014/03/08 00:00:00",NSW1,139875.247397,131347.09540420,0.9390
D,CO2EII,PUBLISHING,1,2014,10,"2014/03/08 00:00:00",QLD1,134582.71391143,107689.97615878,0.8002
D,CO2EII,PUBLISHING,1,2014,10,"2014/03/08 00:00:00",SA1,28014.934868,14150.57444104,0.5051
D,CO2EII,PUBLISHING,1,2014,10,"2014/03/08 00:00:00",TAS1,29261.590831,2088.69127792,0.0714
D,CO2EII,PUBLISHING,1,2014,10,"2014/03/08 00:00:00",VIC1,126074.99108003,154947.974369,1.2290
D,CO2EII,PUBLISHING,1,2014,11,"2014/03/09 00:00:00",NEM,460211.02313968,421127.49569827,0.9151
D,CO2EII,PUBLISHING,1,2014,11,"2014/03/09 00:00:00",NSW1,138194.962698,131262.67265425,0.9498
D,CO2EII,PUBLISHING,1,2014,11,"2014/03/09 00:00:00",QLD1,137379.11251768,110974.93848155,0.8078
D,CO2EII,PUBLISHING,1,2014,11,"2014/03/09 00:00:00",SA1,27733.37669399,16126.26321923,0.5815
D,CO2EII,PUBLISHING,1,2014,11,"2014/03/09 00:00:00",TAS1,29897.884223,2078.90596006,0.0695
D,CO2EII,PUBLISHING,1,2014,11,"2014/03/09 00:00:00",VIC1,127005.68700701,160684.71538318,1.2652
D,CO2EII,PUBLISHING,1,2014,11,"2014/03/10 00:00:00",NEM,506250.19193234,466428.94765458,0.9213
D,CO2EII,PUBLISHING,1,2014,11,"2014/03/10 00:00:00",NSW1,166601.82605499,159569.43083839,0.9578
D,CO2EII,PUBLISHING,1,2014,11,"2014/03/10 00:00:00",QLD1,144037.69460135,113926.17047947,0.7909
D,CO2EII,PUBLISHING,1,2014,11,"2014/03/10 00:00:00",SA1,28803.27824901,17699.58306731,0.6145
D,CO2EII,PUBLISHING,1,2014,11,"2014/03/10 00:00:00",TAS1,29665.565642,2073.39767276,0.0699
D,CO2EII,PUBLISHING,1,2014,11,"2014/03/10 00:00:00",VIC1,137141.82738499,173160.36559665,1.2626
D,CO2EII,PUBLISHING,1,2014,11,"2014/03/11 00:00:00",NEM,523247.31319927,472725.51068149,0.9034
D,CO2EII,PUBLISHING,1,2014,11,"2014/03/11 00:00:00",NSW1,173474.58796899,166279.25660771,0.9585
D,CO2EII,PUBLISHING,1,2014,11,"2014/03/11 00:00:00",QLD1,143463.92235429,114389.55681189,0.7973
D,CO2EII,PUBLISHING,1,2014,11,"2014/03/11 00:00:00",SA1,30890.200286,17985.95422366,0.5823
D,CO2EII,PUBLISHING,1,2014,11,"2014/03/11 00:00:00",TAS1,31002.623451,2073.26234707,0.0669
D,CO2EII,PUBLISHING,1,2014,11,"2014/03/11 00:00:00",VIC1,144415.97913899,171997.48069116,1.1910
D,CO2EII,PUBLISHING,1,2014,11,"2014/03/12 00:00:00",NEM,508931.05321380,456869.85123042,0.8977
D,CO2EII,PUBLISHING,1,2014,11,"2014/03/12 00:00:00",NSW1,168446.752659,159500.46668031,0.9469
D,CO2EII,PUBLISHING,1,2014,11,"2014/03/12 00:00:00",QLD1,146982.50153081,118568.70476097,0.8067
D,CO2EII,PUBLISHING,1,2014,11,"2014/03/12 00:00:00",SA1,26033.629020,15334.17227176,0.5890
D,CO2EII,PUBLISHING,1,2014,11,"2014/03/12 00:00:00",TAS1,36825.639640,2076.66633207,0.0564
D,CO2EII,PUBLISHING,1,2014,11,"2014/03/12 00:00:00",VIC1,130642.53036399,161389.84118531,1.2354
D,CO2EII,PUBLISHING,1,2014,11,"2014/03/13 00:00:00",NEM,508801.559303,462521.91996821,0.9090
D,CO2EII,PUBLISHING,1,2014,11,"2014/03/13 00:00:00",NSW1,170350.557908,161984.75294573,0.9509
D,CO2EII,PUBLISHING,1,2014,11,"2014/03/13 00:00:00",QLD1,146890.73795501,116991.73452936,0.7965
D,CO2EII,PUBLISHING,1,2014,11,"2014/03/13 00:00:00",SA1,24775.100121,16151.22112612,0.6519
D,CO2EII,PUBLISHING,1,2014,11,"2014/03/13 00:00:00",TAS1,35760.069203,2088.29590926,0.0584
D,CO2EII,PUBLISHING,1,2014,11,"2014/03/13 00:00:00",VIC1,131025.09411599,165305.91545774,1.2616
D,CO2EII,PUBLISHING,1,2014,11,"2014/03/14 00:00:00",NEM,511612.88468858,466026.25734776,0.9109
D,CO2EII,PUBLISHING,1,2014,11,"2014/03/14 00:00:00",NSW1,170587.370279,163182.45522638,0.9566
D,CO2EII,PUBLISHING,1,2014,11,"2014/03/14 00:00:00",QLD1,145339.17574758,118447.12813847,0.8150
D,CO2EII,PUBLISHING,1,2014,11,"2014/03/14 00:00:00",SA1,28279.896860,16263.02552348,0.5751
D,CO2EII,PUBLISHING,1,2014,11,"2014/03/14 00:00:00",TAS1,34964.439794,1954.94904334,0.0559
D,CO2EII,PUBLISHING,1,2014,11,"2014/03/14 00:00:00",VIC1,132442.002008,166178.69941609,1.2547
D,CO2EII,PUBLISHING,1,2014,11,"2014/03/15 00:00:00",NEM,460513.018029,402171.53147014,0.8733
D,CO2EII,PUBLISHING,1,2014,11,"2014/03/15 00:00:00",NSW1,140117.673357,134685.37325183,0.9612
D,CO2EII,PUBLISHING,1,2014,11,"2014/03/15 00:00:00",QLD1,137259.042463,110636.21085424,0.8060
D,CO2EII,PUBLISHING,1,2014,11,"2014/03/15 00:00:00",SA1,35677.988964,12468.27928175,0.3495
D,CO2EII,PUBLISHING,1,2014,11,"2014/03/15 00:00:00",TAS1,28050.287549,2056.55339046,0.0733
D,CO2EII,PUBLISHING,1,2014,11,"2014/03/15 00:00:00",VIC1,119408.025696,142325.11469186,1.1919
D,CO2EII,PUBLISHING,1,2014,12,"2014/03/16 00:00:00",NEM,446961.52466929,385348.50583482,0.8622
D,CO2EII,PUBLISHING,1,2014,12,"2014/03/16 00:00:00",NSW1,134102.997434,126973.94874613,0.9468
D,CO2EII,PUBLISHING,1,2014,12,"2014/03/16 00:00:00",QLD1,140424.85536130,114027.58597709,0.8120
D,CO2EII,PUBLISHING,1,2014,12,"2014/03/16 00:00:00",SA1,33437.7246,11520.73005554,0.3445
D,CO2EII,PUBLISHING,1,2014,12,"2014/03/16 00:00:00",TAS1,30175.325151,2052.07325617,0.0680
D,CO2EII,PUBLISHING,1,2014,12,"2014/03/16 00:00:00",VIC1,108820.62212299,130774.16779989,1.2017
D,CO2EII,PUBLISHING,1,2014,12,"2014/03/17 00:00:00",NEM,509100.71761556,445157.74447291,0.8744
D,CO2EII,PUBLISHING,1,2014,12,"2014/03/17 00:00:00",NSW1,162623.983616,156538.40575076,0.9626
D,CO2EII,PUBLISHING,1,2014,12,"2014/03/17 00:00:00",QLD1,153710.32920455,124391.36140542,0.8093
D,CO2EII,PUBLISHING,1,2014,12,"2014/03/17 00:00:00",SA1,32381.616246,15313.05662345,0.4729
D,CO2EII,PUBLISHING,1,2014,12,"2014/03/17 00:00:00",TAS1,35623.020435,2083.28734555,0.0585
D,CO2EII,PUBLISHING,1,2014,12,"2014/03/17 00:00:00",VIC1,124761.76811401,146831.63334773,1.1769
D,CO2EII,PUBLISHING,1,2014,12,"2014/03/18 00:00:00",NEM,519744.78268182,467196.82962669,0.8989
D,CO2EII,PUBLISHING,1,2014,12,"2014/03/18 00:00:00",NSW1,169405.598801,164360.22015356,0.9702
D,CO2EII,PUBLISHING,1,2014,12,"2014/03/18 00:00:00",QLD1,155755.63434327,126189.17159232,0.8102
D,CO2EII,PUBLISHING,1,2014,12,"2014/03/18 00:00:00",SA1,26145.72337555,16740.38365163,0.6403
D,CO2EII,PUBLISHING,1,2014,12,"2014/03/18 00:00:00",TAS1,36782.536419,2086.26440293,0.0567
D,CO2EII,PUBLISHING,1,2014,12,"2014/03/18 00:00:00",VIC1,131655.289743,157820.78982625,1.1987
D,CO2EII,PUBLISHING,1,2014,12,"2014/03/19 00:00:00",NEM,519431.89724577,472230.26691881,0.9091
D,CO2EII,PUBLISHING,1,2014,12,"2014/03/19 00:00:00",NSW1,169263.764475,165099.87283751,0.9754
D,CO2EII,PUBLISHING,1,2014,12,"2014/03/19 00:00:00",QLD1,155178.16998977,126050.40215040,0.8123
D,CO2EII,PUBLISHING,1,2014,12,"2014/03/19 00:00:00",SA1,26981.285857,16278.17723767,0.6033
D,CO2EII,PUBLISHING,1,2014,12,"2014/03/19 00:00:00",TAS1,36448.133133,2087.11300751,0.0573
D,CO2EII,PUBLISHING,1,2014,12,"2014/03/19 00:00:00",VIC1,131560.543791,162714.70168572,1.2368
D,CO2EII,PUBLISHING,1,2014,12,"2014/03/20 00:00:00",NEM,523185.87984403,472601.28648436,0.9033
D,CO2EII,PUBLISHING,1,2014,12,"2014/03/20 00:00:00",NSW1,166945.792319,158647.27764845,0.9503
D,CO2EII,PUBLISHING,1,2014,12,"2014/03/20 00:00:00",QLD1,152750.32238904,124026.02190723,0.8120
D,CO2EII,PUBLISHING,1,2014,12,"2014/03/20 00:00:00",SA1,29263.721497,17843.44893577,0.6097
D,CO2EII,PUBLISHING,1,2014,12,"2014/03/20 00:00:00",TAS1,35784.598953,2088.07550316,0.0584
D,CO2EII,PUBLISHING,1,2014,12,"2014/03/20 00:00:00",VIC1,138441.44468599,169996.46248975,1.2279
D,CO2EII,PUBLISHING,1,2014,12,"2014/03/21 00:00:00",NEM,510751.33853150,456896.00726047,0.8946
D,CO2EII,PUBLISHING,1,2014,12,"2014/03/21 00:00:00",NSW1,160567.212125,155877.40349110,0.9708
D,CO2EII,PUBLISHING,1,2014,12,"2014/03/21 00:00:00",QLD1,145767.05064049,117271.53310599,0.8045
D,CO2EII,PUBLISHING,1,2014,12,"2014/03/21 00:00:00",SA1,33475.920504,14013.26631226,0.4186
D,CO2EII,PUBLISHING,1,2014,12,"2014/03/21 00:00:00",TAS1,31264.377561,2116.84982978,0.0677
D,CO2EII,PUBLISHING,1,2014,12,"2014/03/21 00:00:00",VIC1,139676.77770101,167616.95452134,1.20
D,CO2EII,PUBLISHING,1,2014,12,"2014/03/22 00:00:00",NEM,460349.84415054,410820.95218688,0.8924
D,CO2EII,PUBLISHING,1,2014,12,"2014/03/22 00:00:00",NSW1,142090.540163,133512.82364701,0.9396
D,CO2EII,PUBLISHING,1,2014,12,"2014/03/22 00:00:00",QLD1,137313.08047552,110431.42603810,0.8042
D,CO2EII,PUBLISHING,1,2014,12,"2014/03/22 00:00:00",SA1,30589.646789,14251.64373822,0.4659
D,CO2EII,PUBLISHING,1,2014,12,"2014/03/22 00:00:00",TAS1,29893.502180,2078.23385145,0.0695
D,CO2EII,PUBLISHING,1,2014,12,"2014/03/22 00:00:00",VIC1,120463.07454302,150546.82491210,1.2497
D,CO2EII,PUBLISHING,1,2014,13,"2014/03/23 00:00:00",NEM,451618.26339505,409876.24390605,0.9076
D,CO2EII,PUBLISHING,1,2014,13,"2014/03/23 00:00:00",NSW1,141849.443084,133557.93954533,0.9415
D,CO2EII,PUBLISHING,1,2014,13,"2014/03/23 00:00:00",QLD1,137357.81868403,111824.90132509,0.8141
D,CO2EII,PUBLISHING,1,2014,13,"2014/03/23 00:00:00",SA1,27230.710931,15073.42202945,0.5535
D,CO2EII,PUBLISHING,1,2014,13,"2014/03/23 00:00:00",TAS1,29867.541312,2084.71626404,0.0698
D,CO2EII,PUBLISHING,1,2014,13,"2014/03/23 00:00:00",VIC1,115312.74938402,147335.26474214,1.2777
D,CO2EII,PUBLISHING,1,2014,13,"2014/03/24 00:00:00",NEM,505190.58629908,452722.34023652,0.8961
D,CO2EII,PUBLISHING,1,2014,13,"2014/03/24 00:00:00",NSW1,170147.370964,161494.72738715,0.9491
D,CO2EII,PUBLISHING,1,2014,13,"2014/03/24 00:00:00",QLD1,147512.07289106,118539.13442502,0.8036
D,CO2EII,PUBLISHING,1,2014,13,"2014/03/24 00:00:00",SA1,28821.405276,17000.80039465,0.5899
D,CO2EII,PUBLISHING,1,2014,13,"2014/03/24 00:00:00",TAS1,33649.186974,2086.52415230,0.0620
D,CO2EII,PUBLISHING,1,2014,13,"2014/03/24 00:00:00",VIC1,125060.55019402,153601.15387740,1.2282
D,CO2EII,PUBLISHING,1,2014,13,"2014/03/25 00:00:00",NEM,502975.66185056,446878.41336152,0.8885
D,CO2EII,PUBLISHING,1,2014,13,"2014/03/25 00:00:00",NSW1,165794.644813,156548.35775065,0.9442
D,CO2EII,PUBLISHING,1,2014,13,"2014/03/25 00:00:00",QLD1,148823.77217554,119660.36803073,0.8040
D,CO2EII,PUBLISHING,1,2014,13,"2014/03/25 00:00:00",SA1,32321.231865,16808.14587810,0.52
D,CO2EII,PUBLISHING,1,2014,13,"2014/03/25 00:00:00",TAS1,32177.854495,2087.15460572,0.0649
D,CO2EII,PUBLISHING,1,2014,13,"2014/03/25 00:00:00",VIC1,123858.15850202,151774.38709632,1.2254
D,CO2EII,PUBLISHING,1,2014,13,"2014/03/26 00:00:00",NEM,509620.93137934,449322.52185279,0.8817
D,CO2EII,PUBLISHING,1,2014,13,"2014/03/26 00:00:00",NSW1,177153.485936,169577.19870822,0.9572
D,CO2EII,PUBLISHING,1,2014,13,"2014/03/26 00:00:00",QLD1,147658.98460934,118214.86955082,0.8006
D,CO2EII,PUBLISHING,1,2014,13,"2014/03/26 00:00:00",SA1,32157.21173499,17765.79107343,0.5525
D,CO2EII,PUBLISHING,1,2014,13,"2014/03/26 00:00:00",TAS1,35128.438316,2082.06405862,0.0593
D,CO2EII,PUBLISHING,1,2014,13,"2014/03/26 00:00:00",VIC1,117522.81078301,141682.59846170,1.2056
D,CO2EII,PUBLISHING,1,2014,13,"2014/03/27 00:00:00",NEM,513807.84238171,455154.80312735,0.8858
D,CO2EII,PUBLISHING,1,2014,13,"2014/03/27 00:00:00",NSW1,179569.793564,171685.38513721,0.9561
D,CO2EII,PUBLISHING,1,2014,13,"2014/03/27 00:00:00",QLD1,147829.74370172,118328.05958523,0.8004
D,CO2EII,PUBLISHING,1,2014,13,"2014/03/27 00:00:00",SA1,31830.173694,19541.54836486,0.6139
D,CO2EII,PUBLISHING,1,2014,13,"2014/03/27 00:00:00",TAS1,38124.388851,2061.17391144,0.0541
D,CO2EII,PUBLISHING,1,2014,13,"2014/03/27 00:00:00",VIC1,116453.74257099,143538.63612861,1.2326
D,CO2EII,PUBLISHING,1,2014,13,"2014/03/28 00:00:00",NEM,507353.63201907,462382.52459411,0.9114
D,CO2EII,PUBLISHING,1,2014,13,"2014/03/28 00:00:00",NSW1,180012.733264,173589.65040502,0.9643
D,CO2EII,PUBLISHING,1,2014,13,"2014/03/28 00:00:00",QLD1,145133.46199108,116573.35375224,0.8032
D,CO2EII,PUBLISHING,1,2014,13,"2014/03/28 00:00:00",SA1,27737.775310,19812.29020826,0.7143
D,CO2EII,PUBLISHING,1,2014,13,"2014/03/28 00:00:00",TAS1,34398.655769,2064.17159683,0.06
D,CO2EII,PUBLISHING,1,2014,13,"2014/03/28 00:00:00",VIC1,120071.00568499,150343.05863176,1.2521
D,CO2EII,PUBLISHING,1,2014,13,"2014/03/29 00:00:00",NEM,464324.24793679,436848.85275489,0.9408
D,CO2EII,PUBLISHING,1,2014,13,"2014/03/29 00:00:00",NSW1,155672.16882801,149007.90011854,0.9572
D,CO2EII,PUBLISHING,1,2014,13,"2014/03/29 00:00:00",QLD1,134966.90325278,108098.04017127,0.8009
D,CO2EII,PUBLISHING,1,2014,13,"2014/03/29 00:00:00",SA1,25006.807311,16273.29312651,0.6508
D,CO2EII,PUBLISHING,1,2014,13,"2014/03/29 00:00:00",TAS1,21388.959950,2088.20793040,0.0976
D,CO2EII,PUBLISHING,1,2014,13,"2014/03/29 00:00:00",VIC1,127289.408595,161381.41140817,1.2678
D,CO2EII,PUBLISHING,1,2014,14,"2014/03/30 00:00:00",NEM,453368.56511375,425385.68136638,0.9383
D,CO2EII,PUBLISHING,1,2014,14,"2014/03/30 00:00:00",NSW1,144972.784358,139638.71988778,0.9632
D,CO2EII,PUBLISHING,1,2014,14,"2014/03/30 00:00:00",QLD1,134458.47069577,108425.92473717,0.8064
D,CO2EII,PUBLISHING,1,2014,14,"2014/03/30 00:00:00",SA1,25265.585342,15662.59070197,0.6199
D,CO2EII,PUBLISHING,1,2014,14,"2014/03/30 00:00:00",TAS1,24532.889309,2076.93666302,0.0847
D,CO2EII,PUBLISHING,1,2014,14,"2014/03/30 00:00:00",VIC1,124138.83540898,159581.50937644,1.2855
D,CO2EII,PUBLISHING,1,2014,14,"2014/03/31 00:00:00",NEM,518262.32631425,463131.27710568,0.8936
D,CO2EII,PUBLISHING,1,2014,14,"2014/03/31 00:00:00",NSW1,173869.656328,167893.52369895,0.9656
D,CO2EII,PUBLISHING,1,2014,14,"2014/03/31 00:00:00",QLD1,143188.59881624,115257.12097307,0.8049
D,CO2EII,PUBLISHING,1,2014,14,"2014/03/31 00:00:00",SA1,33585.85986899,19239.42574685,0.5728
D,CO2EII,PUBLISHING,1,2014,14,"2014/03/31 00:00:00",TAS1,36655.699771,2037.88197588,0.0556
D,CO2EII,PUBLISHING,1,2014,14,"2014/03/31 00:00:00",VIC1,130962.51153002,158703.32471093,1.2118
D,CO2EII,PUBLISHING,1,2014,14,"2014/04/01 00:00:00",NEM,531463.80345633,456883.68869001,0.8597
D,CO2EII,PUBLISHING,1,2014,14,"2014/04/01 00:00:00",NSW1,166503.173592,160764.80034797,0.9655
D,CO2EII,PUBLISHING,1,2014,14,"2014/04/01 00:00:00",QLD1,148105.21576331,120512.78497207,0.8137
D,CO2EII,PUBLISHING,1,2014,14,"2014/04/01 00:00:00",SA1,40981.653824,18204.376332,0.4442
D,CO2EII,PUBLISHING,1,2014,14,"2014/04/01 00:00:00",TAS1,35717.811691,2018.22240739,0.0565
D,CO2EII,PUBLISHING,1,2014,14,"2014/04/01 00:00:00",VIC1,140155.94858602,155383.50463058,1.1086
D,CO2EII,PUBLISHING,1,2014,14,"2014/04/02 00:00:00",NEM,517121.39345232,462805.13041651,0.8950
D,CO2EII,PUBLISHING,1,2014,14,"2014/04/02 00:00:00",NSW1,168639.80255599,162049.01521801,0.9609
D,CO2EII,PUBLISHING,1,2014,14,"2014/04/02 00:00:00",QLD1,146604.80479233,118655.58337094,0.8094
D,CO2EII,PUBLISHING,1,2014,14,"2014/04/02 00:00:00",SA1,28301.227033,17084.00384443,0.6036
D,CO2EII,PUBLISHING,1,2014,14,"2014/04/02 00:00:00",TAS1,37925.805415,2047.73759069,0.0540
D,CO2EII,PUBLISHING,1,2014,14,"2014/04/02 00:00:00",VIC1,135649.753656,162968.79039244,1.2014
D,CO2EII,PUBLISHING,1,2014,14,"2014/04/03 00:00:00",NEM,512411.25346567,461525.04851446,0.9007
D,CO2EII,PUBLISHING,1,2014,14,"2014/04/03 00:00:00",NSW1,167888.291252,159871.85872067,0.9523
D,CO2EII,PUBLISHING,1,2014,14,"2014/04/03 00:00:00",QLD1,143935.19311469,116400.52212505,0.8087
D,CO2EII,PUBLISHING,1,2014,14,"2014/04/03 00:00:00",SA1,31245.243787,16680.90801663,0.5339
D,CO2EII,PUBLISHING,1,2014,14,"2014/04/03 00:00:00",TAS1,35637.968803,2069.57079543,0.0581
D,CO2EII,PUBLISHING,1,2014,14,"2014/04/03 00:00:00",VIC1,133704.55650898,166502.18885668,1.2453
D,CO2EII,PUBLISHING,1,2014,14,"2014/04/04 00:00:00",NEM,503753.61289811,449394.14976605,0.8921
D,CO2EII,PUBLISHING,1,2014,14,"2014/04/04 00:00:00",NSW1,155913.465687,145127.59968430,0.9308
D,CO2EII,PUBLISHING,1,2014,14,"2014/04/04 00:00:00",QLD1,145371.81905810,117626.58588512,0.8091
D,CO2EII,PUBLISHING,1,2014,14,"2014/04/04 00:00:00",SA1,29331.709685,15337.91742673,0.5229
D,CO2EII,PUBLISHING,1,2014,14,"2014/04/04 00:00:00",TAS1,34991.045383,2074.38724204,0.0593
D,CO2EII,PUBLISHING,1,2014,14,"2014/04/04 00:00:00",VIC1,138145.57308501,169227.65952786,1.2250
D,CO2EII,PUBLISHING,1,2014,14,"2014/04/05 00:00:00",NEM,459945.14787349,421030.73931019,0.9154
D,CO2EII,PUBLISHING,1,2014,14,"2014/04/05 00:00:00",NSW1,135228.628876,126745.28707868,0.9373
D,CO2EII,PUBLISHING,1,2014,14,"2014/04/05 00:00:00",QLD1,142965.14159750,115031.11032924,0.8046
D,CO2EII,PUBLISHING,1,2014,14,"2014/04/05 00:00:00",SA1,21438.297754,11601.57808406,0.5412
D,CO2EII,PUBLISHING,1,2014,14,"2014/04/05 00:00:00",TAS1,32907.072776,2056.18104551,0.0625
D,CO2EII,PUBLISHING,1,2014,14,"2014/04/05 00:00:00",VIC1,127406.00686999,165596.58277270,1.2998
D,CO2EII,PUBLISHING,1,2014,15,"2014/04/06 00:00:00",NEM,447202.18008345,410001.14082677,0.9168
D,CO2EII,PUBLISHING,1,2014,15,"2014/04/06 00:00:00",NSW1,130973.39847601,121063.91484565,0.9243
D,CO2EII,PUBLISHING,1,2014,15,"2014/04/06 00:00:00",QLD1,138408.03025546,113317.45405189,0.8187
D,CO2EII,PUBLISHING,1,2014,15,"2014/04/06 00:00:00",SA1,21328.828639,11996.75912576,0.5625
D,CO2EII,PUBLISHING,1,2014,15,"2014/04/06 00:00:00",TAS1,30535.967029,2088.49237346,0.0684
D,CO2EII,PUBLISHING,1,2014,15,"2014/04/06 00:00:00",VIC1,125955.95568398,161534.52043001,1.2825
D,CO2EII,PUBLISHING,1,2014,15,"2014/04/07 00:00:00",NEM,498024.33723968,443983.06045653,0.8915
D,CO2EII,PUBLISHING,1,2014,15,"2014/04/07 00:00:00",NSW1,149708.21064699,140074.66423034,0.9357
D,CO2EII,PUBLISHING,1,2014,15,"2014/04/07 00:00:00",QLD1,143503.13244670,115275.12964314,0.8033
D,CO2EII,PUBLISHING,1,2014,15,"2014/04/07 00:00:00",SA1,29840.022379,13465.19191214,0.4512
D,CO2EII,PUBLISHING,1,2014,15,"2014/04/07 00:00:00",TAS1,34417.268850,2078.30013820,0.0604
D,CO2EII,PUBLISHING,1,2014,15,"2014/04/07 00:00:00",VIC1,140555.70291699,173089.77453271,1.2315
D,CO2EII,PUBLISHING,1,2014,15,"2014/04/08 00:00:00",NEM,502007.88879190,454284.78672335,0.9049
D,CO2EII,PUBLISHING,1,2014,15,"2014/04/08 00:00:00",NSW1,152955.381683,145056.16768226,0.9484
D,CO2EII,PUBLISHING,1,2014,15,"2014/04/08 00:00:00",QLD1,142524.18519890,113559.28505425,0.7968
D,CO2EII,PUBLISHING,1,2014,15,"2014/04/08 00:00:00",SA1,25685.810857,17152.07490871,0.6678
D,CO2EII,PUBLISHING,1,2014,15,"2014/04/08 00:00:00",TAS1,35874.067558,2069.51053226,0.0577
D,CO2EII,PUBLISHING,1,2014,15,"2014/04/08 00:00:00",VIC1,144968.443495,176447.74854587,1.2171
D,CO2EII,PUBLISHING,1,2014,15,"2014/04/09 00:00:00",NEM,503591.53428785,454356.08840068,0.9022
D,CO2EII,PUBLISHING,1,2014,15,"2014/04/09 00:00:00",NSW1,161759.30621398,153743.14940495,0.9504
D,CO2EII,PUBLISHING,1,2014,15,"2014/04/09 00:00:00",QLD1,144276.43103889,115662.96605479,0.8017
D,CO2EII,PUBLISHING,1,2014,15,"2014/04/09 00:00:00",SA1,25041.246525,17889.88020601,0.7144
D,CO2EII,PUBLISHING,1,2014,15,"2014/04/09 00:00:00",TAS1,37276.312842,2051.59622453,0.0550
D,CO2EII,PUBLISHING,1,2014,15,"2014/04/09 00:00:00",VIC1,135238.23766798,165008.49651040,1.2201
D,CO2EII,PUBLISHING,1,2014,15,"2014/04/10 00:00:00",NEM,505438.01483857,442966.44723054,0.8764
D,CO2EII,PUBLISHING,1,2014,15,"2014/04/10 00:00:00",NSW1,163832.58023199,156554.69870944,0.9556
D,CO2EII,PUBLISHING,1,2014,15,"2014/04/10 00:00:00",QLD1,143811.97290357,115189.65416699,0.8010
D,CO2EII,PUBLISHING,1,2014,15,"2014/04/10 00:00:00",SA1,29203.710321,15459.95319285,0.5294
D,CO2EII,PUBLISHING,1,2014,15,"2014/04/10 00:00:00",TAS1,37213.939925,1968.71382523,0.0529
D,CO2EII,PUBLISHING,1,2014,15,"2014/04/10 00:00:00",VIC1,131375.81145701,153793.42733603,1.1706
D,CO2EII,PUBLISHING,1,2014,15,"2014/04/11 00:00:00",NEM,504710.40494551,436743.66771223,0.8653
D,CO2EII,PUBLISHING,1,2014,15,"2014/04/11 00:00:00",NSW1,159991.291408,151857.36454206,0.9492
D,CO2EII,PUBLISHING,1,2014,15,"2014/04/11 00:00:00",QLD1,142272.52600551,113807.19249433,0.7999
D,CO2EII,PUBLISHING,1,2014,15,"2014/04/11 00:00:00",SA1,30414.392702,12710.46314570,0.4179
D,CO2EII,PUBLISHING,1,2014,15,"2014/04/11 00:00:00",TAS1,36976.471909,1994.90251581,0.0540
D,CO2EII,PUBLISHING,1,2014,15,"2014/04/11 00:00:00",VIC1,135055.722921,156373.74501433,1.1578
D,CO2EII,PUBLISHING,1,2014,15,"2014/04/12 00:00:00",NEM,461046.24854545,414612.38180081,0.8993
D,CO2EII,PUBLISHING,1,2014,15,"2014/04/12 00:00:00",NSW1,131998.83836101,122788.41489822,0.9302
D,CO2EII,PUBLISHING,1,2014,15,"2014/04/12 00:00:00",QLD1,142177.05586745,114569.28550654,0.8058
D,CO2EII,PUBLISHING,1,2014,15,"2014/04/12 00:00:00",SA1,23312.349717,12943.00395642,0.5552
D,CO2EII,PUBLISHING,1,2014,15,"2014/04/12 00:00:00",TAS1,33040.399945,2089.43415060,0.0632
D,CO2EII,PUBLISHING,1,2014,15,"2014/04/12 00:00:00",VIC1,130517.60465499,162222.24328903,1.2429
D,CO2EII,PUBLISHING,1,2014,16,"2014/04/13 00:00:00",NEM,443502.99029556,406908.90719411,0.9175
D,CO2EII,PUBLISHING,1,2014,16,"2014/04/13 00:00:00",NSW1,124815.100305,117894.92791786,0.9446
D,CO2EII,PUBLISHING,1,2014,16,"2014/04/13 00:00:00",QLD1,135088.68346957,112032.02901257,0.8293
D,CO2EII,PUBLISHING,1,2014,16,"2014/04/13 00:00:00",SA1,23372.138986,12559.04788271,0.5374
D,CO2EII,PUBLISHING,1,2014,16,"2014/04/13 00:00:00",TAS1,31112.154287,2086.59576501,0.0671
D,CO2EII,PUBLISHING,1,2014,16,"2014/04/13 00:00:00",VIC1,129114.91324799,162336.30661596,1.2573
D,CO2EII,PUBLISHING,1,2014,16,"2014/04/14 00:00:00",NEM,489779.25563499,441822.04241372,0.9021
D,CO2EII,PUBLISHING,1,2014,16,"2014/04/14 00:00:00",NSW1,148538.0788,140987.40056476,0.9492
D,CO2EII,PUBLISHING,1,2014,16,"2014/04/14 00:00:00",QLD1,143294.31184399,117337.23712227,0.8189
D,CO2EII,PUBLISHING,1,2014,16,"2014/04/14 00:00:00",SA1,26536.577519,13278.98138228,0.5004
D,CO2EII,PUBLISHING,1,2014,16,"2014/04/14 00:00:00",TAS1,35426.494650,2043.82213696,0.0577
D,CO2EII,PUBLISHING,1,2014,16,"2014/04/14 00:00:00",VIC1,135983.792822,168174.60120745,1.2367
D,CO2EII,PUBLISHING,1,2014,16,"2014/04/15 00:00:00",NEM,493491.10211168,445851.65952547,0.9035
D,CO2EII,PUBLISHING,1,2014,16,"2014/04/15 00:00:00",NSW1,157117.556774,148722.33952804,0.9466
D,CO2EII,PUBLISHING,1,2014,16,"2014/04/15 00:00:00",QLD1,139751.76779967,113100.81587923,0.8093
D,CO2EII,PUBLISHING,1,2014,16,"2014/04/15 00:00:00",SA1,24266.407034,14496.33707393,0.5974
D,CO2EII,PUBLISHING,1,2014,16,"2014/04/15 00:00:00",TAS1,38022.711836,2087.32230030,0.0549
D,CO2EII,PUBLISHING,1,2014,16,"2014/04/15 00:00:00",VIC1,134332.65866801,167444.84474397,1.2465
D,CO2EII,PUBLISHING,1,2014,16,"2014/04/16 00:00:00",NEM,490237.87319469,446327.73237522,0.9104
D,CO2EII,PUBLISHING,1,2014,16,"2014/04/16 00:00:00",NSW1,153124.784883,145585.34913276,0.9508
D,CO2EII,PUBLISHING,1,2014,16,"2014/04/16 00:00:00",QLD1,142283.55056967,115039.92015787,0.8085
D,CO2EII,PUBLISHING,1,2014,16,"2014/04/16 00:00:00",SA1,22911.954336,15148.35789326,0.6612
D,CO2EII,PUBLISHING,1,2014,16,"2014/04/16 00:00:00",TAS1,39816.914807,1994.70759134,0.0501
D,CO2EII,PUBLISHING,1,2014,16,"2014/04/16 00:00:00",VIC1,132100.66859902,168559.39759999,1.2760
D,CO2EII,PUBLISHING,1,2014,16,"2014/04/17 00:00:00",NEM,485672.52345298,446752.73202497,0.9199
D,CO2EII,PUBLISHING,1,2014,16,"2014/04/17 00:00:00",NSW1,147301.305078,140637.55422862,0.9548
D,CO2EII,PUBLISHING,1,2014,16,"2014/04/17 00:00:00",QLD1,141237.43438199,115742.18148591,0.8195
D,CO2EII,PUBLISHING,1,2014,16,"2014/04/17 00:00:00",SA1,22839.175057,14880.72749954,0.6515
D,CO2EII,PUBLISHING,1,2014,16,"2014/04/17 00:00:00",TAS1,38766.116899,2032.95735833,0.0524
D,CO2EII,PUBLISHING,1,2014,16,"2014/04/17 00:00:00",VIC1,135528.49203699,173459.31145257,1.2799
D,CO2EII,PUBLISHING,1,2014,16,"2014/04/18 00:00:00",NEM,426470.68463808,377644.47771092,0.8855
D,CO2EII,PUBLISHING,1,2014,16,"2014/04/18 00:00:00",NSW1,122342.345354,114262.82219330,0.9340
D,CO2EII,PUBLISHING,1,2014,16,"2014/04/18 00:00:00",QLD1,122871.95067106,102012.41108771,0.8302
D,CO2EII,PUBLISHING,1,2014,16,"2014/04/18 00:00:00",SA1,27652.872936,11091.98459079,0.4011
D,CO2EII,PUBLISHING,1,2014,16,"2014/04/18 00:00:00",TAS1,32743.786113,1987.07737748,0.0607
D,CO2EII,PUBLISHING,1,2014,16,"2014/04/18 00:00:00",VIC1,120859.72956402,148290.18246164,1.2270
D,CO2EII,PUBLISHING,1,2014,16,"2014/04/19 00:00:00",NEM,432002.69650198,401186.39656425,0.9287
D,CO2EII,PUBLISHING,1,2014,16,"2014/04/19 00:00:00",NSW1,127159.44624099,121862.53017555,0.9583
D,CO2EII,PUBLISHING,1,2014,16,"2014/04/19 00:00:00",QLD1,125621.98819199,104096.36914287,0.8286
D,CO2EII,PUBLISHING,1,2014,16,"2014/04/19 00:00:00",SA1,20458.553896,12888.00013866,0.63
D,CO2EII,PUBLISHING,1,2014,16,"2014/04/19 00:00:00",TAS1,34693.364977,2044.84747234,0.0589
D,CO2EII,PUBLISHING,1,2014,16,"2014/04/19 00:00:00",VIC1,124069.343196,160294.64963483,1.2920
D,CO2EII,PUBLISHING,1,2014,17,"2014/04/20 00:00:00",NEM,421439.17673999,380609.06308674,0.9031
D,CO2EII,PUBLISHING,1,2014,17,"2014/04/20 00:00:00",NSW1,119348.607708,112497.66247723,0.9426
D,CO2EII,PUBLISHING,1,2014,17,"2014/04/20 00:00:00",QLD1,123008.79296399,102826.57554826,0.8359
D,CO2EII,PUBLISHING,1,2014,17,"2014/04/20 00:00:00",SA1,19337.963301,11440.30194906,0.5916
D,CO2EII,PUBLISHING,1,2014,17,"2014/04/20 00:00:00",TAS1,38882.611249,2081.48992911,0.0535
D,CO2EII,PUBLISHING,1,2014,17,"2014/04/20 00:00:00",VIC1,120861.201518,151763.03318308,1.2557
D,CO2EII,PUBLISHING,1,2014,17,"2014/04/21 00:00:00",NEM,433531.84609401,366712.61699317,0.8459
D,CO2EII,PUBLISHING,1,2014,17,"2014/04/21 00:00:00",NSW1,119493.168148,113958.50305189,0.9537
D,CO2EII,PUBLISHING,1,2014,17,"2014/04/21 00:00:00",QLD1,128432.68610301,107188.986140,0.8346
D,CO2EII,PUBLISHING,1,2014,17,"2014/04/21 00:00:00",SA1,35929.556746,10421.80993318,0.2901
D,CO2EII,PUBLISHING,1,2014,17,"2014/04/21 00:00:00",TAS1,35418.430842,2087.72376330,0.0589
D,CO2EII,PUBLISHING,1,2014,17,"2014/04/21 00:00:00",VIC1,114258.004255,133055.59410480,1.1645
D,CO2EII,PUBLISHING,1,2014,17,"2014/04/22 00:00:00",NEM,486008.12190999,433902.61683920,0.8928
D,CO2EII,PUBLISHING,1,2014,17,"2014/04/22 00:00:00",NSW1,149405.128111,139615.94516687,0.9345
D,CO2EII,PUBLISHING,1,2014,17,"2014/04/22 00:00:00",QLD1,133969.10296599,112207.49738114,0.8376
D,CO2EII,PUBLISHING,1,2014,17,"2014/04/22 00:00:00",SA1,26505.064922,12657.31512974,0.4775
D,CO2EII,PUBLISHING,1,2014,17,"2014/04/22 00:00:00",TAS1,40934.563895,2070.96852345,0.0506
D,CO2EII,PUBLISHING,1,2014,17,"2014/04/22 00:00:00",VIC1,135194.262016,167350.890638,1.2379
D,CO2EII,PUBLISHING,1,2014,17,"2014/04/23 00:00:00",NEM,488028.89635077,445656.78779677,0.9132
D,CO2EII,PUBLISHING,1,2014,17,"2014/04/23 00:00:00",NSW1,152035.306689,142252.79933749,0.9357
D,CO2EII,PUBLISHING,1,2014,17,"2014/04/23 00:00:00",QLD1,133145.09461698,111172.12228977,0.8350
D,CO2EII,PUBLISHING,1,2014,17,"2014/04/23 00:00:00",SA1,23152.30569580,14031.89115256,0.6061
D,CO2EII,PUBLISHING,1,2014,17,"2014/04/23 00:00:00",TAS1,41415.027408,1984.24829063,0.0479
D,CO2EII,PUBLISHING,1,2014,17,"2014/04/23 00:00:00",VIC1,138281.16194099,176215.72672632,1.2743
D,CO2EII,PUBLISHING,1,2014,17,"2014/04/24 00:00:00",NEM,490515.11181258,433860.46931716,0.8845
D,CO2EII,PUBLISHING,1,2014,17,"2014/04/24 00:00:00",NSW1,153104.339414,138527.54739650,0.9048
D,CO2EII,PUBLISHING,1,2014,17,"2014/04/24 00:00:00",QLD1,132247.66831899,110901.92705669,0.8386
D,CO2EII,PUBLISHING,1,2014,17,"2014/04/24 00:00:00",SA1,26221.40200059,13527.61709493,0.5159
D,CO2EII,PUBLISHING,1,2014,17,"2014/04/24 00:00:00",TAS1,41168.079048,2041.99890017,0.0496
D,CO2EII,PUBLISHING,1,2014,17,"2014/04/24 00:00:00",VIC1,137773.623031,168861.37886887,1.2256
D,CO2EII,PUBLISHING,1,2014,17,"2014/04/25 00:00:00",NEM,445894.55160799,392962.36032177,0.8813
D,CO2EII,PUBLISHING,1,2014,17,"2014/04/25 00:00:00",NSW1,132488.744184,122797.38584497,0.9269
D,CO2EII,PUBLISHING,1,2014,17,"2014/04/25 00:00:00",QLD1,122615.66834901,104120.93899909,0.8492
D,CO2EII,PUBLISHING,1,2014,17,"2014/04/25 00:00:00",SA1,26181.172526,11361.15413919,0.4339
D,CO2EII,PUBLISHING,1,2014,17,"2014/04/25 00:00:00",TAS1,41214.984558,2067.66985774,0.0502
D,CO2EII,PUBLISHING,1,2014,17,"2014/04/25 00:00:00",VIC1,123393.98199098,152615.21148078,1.2368
D,CO2EII,PUBLISHING,1,2014,17,"2014/04/26 00:00:00",NEM,448791.68560592,389797.075055,0.8685
D,CO2EII,PUBLISHING,1,2014,17,"2014/04/26 00:00:00",NSW1,137591.934264,126533.12500952,0.9196
D,CO2EII,PUBLISHING,1,2014,17,"2014/04/26 00:00:00",QLD1,125513.72886190,106184.79130079,0.8460
D,CO2EII,PUBLISHING,1,2014,17,"2014/04/26 00:00:00",SA1,23750.378093,10945.10300411,0.4608
D,CO2EII,PUBLISHING,1,2014,17,"2014/04/26 00:00:00",TAS1,42223.856462,2005.36671888,0.0475
D,CO2EII,PUBLISHING,1,2014,17,"2014/04/26 00:00:00",VIC1,119711.78792502,144128.68902170,1.2040
D,CO2EII,PUBLISHING,1,2014,18,"2014/04/27 00:00:00",NEM,446707.17176201,394745.64598888,0.8837
D,CO2EII,PUBLISHING,1,2014,18,"2014/04/27 00:00:00",NSW1,138224.753920,130054.22291667,0.9409
D,CO2EII,PUBLISHING,1,2014,18,"2014/04/27 00:00:00",QLD1,124719.86617799,105374.25769768,0.8449
D,CO2EII,PUBLISHING,1,2014,18,"2014/04/27 00:00:00",SA1,26989.907057,11639.66145637,0.4313
D,CO2EII,PUBLISHING,1,2014,18,"2014/04/27 00:00:00",TAS1,40820.120313,2080.55785925,0.0510
D,CO2EII,PUBLISHING,1,2014,18,"2014/04/27 00:00:00",VIC1,115952.52429402,145596.94605891,1.2557
D,CO2EII,PUBLISHING,1,2014,18,"2014/04/28 00:00:00",NEM,499921.125258,415272.02924828,0.8307
D,CO2EII,PUBLISHING,1,2014,18,"2014/04/28 00:00:00",NSW1,156233.729495,143859.32938178,0.9208
D,CO2EII,PUBLISHING,1,2014,18,"2014/04/28 00:00:00",QLD1,134033.07274801,113796.02056478,0.8490
D,CO2EII,PUBLISHING,1,2014,18,"2014/04/28 00:00:00",SA1,40005.585832,12433.39561212,0.3108
D,CO2EII,PUBLISHING,1,2014,18,"2014/04/28 00:00:00",TAS1,42377.884951,2086.81791938,0.0492
D,CO2EII,PUBLISHING,1,2014,18,"2014/04/28 00:00:00",VIC1,127270.85223199,143096.46577022,1.1243
D,CO2EII,PUBLISHING,1,2014,18,"2014/04/29 00:00:00",NEM,504087.15531702,426223.56800819,0.8455
D,CO2EII,PUBLISHING,1,2014,18,"2014/04/29 00:00:00",NSW1,162063.581162,151005.09537151,0.9318
D,CO2EII,PUBLISHING,1,2014,18,"2014/04/29 00:00:00",QLD1,134595.247566,113165.53944260,0.8408
D,CO2EII,PUBLISHING,1,2014,18,"2014/04/29 00:00:00",SA1,38511.61794301,13372.04372011,0.3472
D,CO2EII,PUBLISHING,1,2014,18,"2014/04/29 00:00:00",TAS1,42803.286481,2063.94349725,0.0482
D,CO2EII,PUBLISHING,1,2014,18,"2014/04/29 00:00:00",VIC1,126113.42216501,146616.94597672,1.1626
D,CO2EII,PUBLISHING,1,2014,18,"2014/04/30 00:00:00",NEM,505278.17028641,447143.07105092,0.8849
D,CO2EII,PUBLISHING,1,2014,18,"2014/04/30 00:00:00",NSW1,167389.361582,156481.37004868,0.9348
D,CO2EII,PUBLISHING,1,2014,18,"2014/04/30 00:00:00",QLD1,133821.89852241,114148.57761296,0.8530
D,CO2EII,PUBLISHING,1,2014,18,"2014/04/30 00:00:00",SA1,25224.015973,16887.75210429,0.6695
D,CO2EII,PUBLISHING,1,2014,18,"2014/04/30 00:00:00",TAS1,43384.478827,2071.87738385,0.0478
D,CO2EII,PUBLISHING,1,2014,18,"2014/04/30 00:00:00",VIC1,135458.415382,157553.49390114,1.1631
D,CO2EII,PUBLISHING,1,2014,18,"2014/05/01 00:00:00",NEM,510832.028658,448077.65344505,0.8772
D,CO2EII,PUBLISHING,1,2014,18,"2014/05/01 00:00:00",NSW1,168537.746623,155817.71925157,0.9245
D,CO2EII,PUBLISHING,1,2014,18,"2014/05/01 00:00:00",QLD1,135714.17487098,117407.27288338,0.8651
D,CO2EII,PUBLISHING,1,2014,18,"2014/05/01 00:00:00",SA1,29457.191842,16582.76306575,0.5629
D,CO2EII,PUBLISHING,1,2014,18,"2014/05/01 00:00:00",TAS1,44814.359423,2088.54023502,0.0466
D,CO2EII,PUBLISHING,1,2014,18,"2014/05/01 00:00:00",VIC1,132308.55589902,156181.35800933,1.1804
D,CO2EII,PUBLISHING,1,2014,18,"2014/05/02 00:00:00",NEM,516115.62070199,437443.63866224,0.8476
D,CO2EII,PUBLISHING,1,2014,18,"2014/05/02 00:00:00",NSW1,166898.436468,154788.00482230,0.9274
D,CO2EII,PUBLISHING,1,2014,18,"2014/05/02 00:00:00",QLD1,136167.75901801,116359.07009275,0.8545
D,CO2EII,PUBLISHING,1,2014,18,"2014/05/02 00:00:00",SA1,37844.06221999,13612.95966558,0.3597
D,CO2EII,PUBLISHING,1,2014,18,"2014/05/02 00:00:00",TAS1,45325.155416,2089.38184794,0.0461
D,CO2EII,PUBLISHING,1,2014,18,"2014/05/02 00:00:00",VIC1,129880.20757999,150594.22223367,1.1595
D,CO2EII,PUBLISHING,1,2014,18,"2014/05/03 00:00:00",NEM,473990.93140001,409354.27928324,0.8636
D,CO2EII,PUBLISHING,1,2014,18,"2014/05/03 00:00:00",NSW1,151409.28405301,141776.84648855,0.9364
D,CO2EII,PUBLISHING,1,2014,18,"2014/05/03 00:00:00",QLD1,124904.199674,105292.31139135,0.8430
D,CO2EII,PUBLISHING,1,2014,18,"2014/05/03 00:00:00",SA1,33754.505684,13384.72260918,0.3965
D,CO2EII,PUBLISHING,1,2014,18,"2014/05/03 00:00:00",TAS1,41527.600541,2076.84698492,0.05
D,CO2EII,PUBLISHING,1,2014,18,"2014/05/03 00:00:00",VIC1,122395.341448,146823.55180924,1.1996
D,CO2EII,PUBLISHING,1,2014,19,"2014/05/04 00:00:00",NEM,465523.64215992,414067.47244923,0.8895
D,CO2EII,PUBLISHING,1,2014,19,"2014/05/04 00:00:00",NSW1,152361.979568,139212.56556012,0.9137
D,CO2EII,PUBLISHING,1,2014,19,"2014/05/04 00:00:00",QLD1,123443.88551790,104249.45632989,0.8445
D,CO2EII,PUBLISHING,1,2014,19,"2014/05/04 00:00:00",SA1,21032.137549,15034.75014633,0.7148
D,CO2EII,PUBLISHING,1,2014,19,"2014/05/04 00:00:00",TAS1,42830.767570,2057.29290746,0.0480
D,CO2EII,PUBLISHING,1,2014,19,"2014/05/04 00:00:00",VIC1,125854.87195502,153513.40750543,1.2198
D,CO2EII,PUBLISHING,1,2014,19,"2014/05/05 00:00:00",NEM,518852.354899,454196.06761723,0.8754
D,CO2EII,PUBLISHING,1,2014,19,"2014/05/05 00:00:00",NSW1,176915.558301,160132.66116983,0.9051
D,CO2EII,PUBLISHING,1,2014,19,"2014/05/05 00:00:00",QLD1,132635.123924,111580.67508586,0.8413
D,CO2EII,PUBLISHING,1,2014,19,"2014/05/05 00:00:00",SA1,26215.112199,18356.93501449,0.7002
D,CO2EII,PUBLISHING,1,2014,19,"2014/05/05 00:00:00",TAS1,44955.403610,2086.20232790,0.0464
D,CO2EII,PUBLISHING,1,2014,19,"2014/05/05 00:00:00",VIC1,138131.156865,162039.59401915,1.1731
D,CO2EII,PUBLISHING,1,2014,19,"2014/05/06 00:00:00",NEM,520665.93311602,453561.60153804,0.8711
D,CO2EII,PUBLISHING,1,2014,19,"2014/05/06 00:00:00",NSW1,170953.502710,150520.23151907,0.8805
D,CO2EII,PUBLISHING,1,2014,19,"2014/05/06 00:00:00",QLD1,136844.97963801,115696.87781275,0.8455
D,CO2EII,PUBLISHING,1,2014,19,"2014/05/06 00:00:00",SA1,27170.044223,19052.02583041,0.7012
D,CO2EII,PUBLISHING,1,2014,19,"2014/05/06 00:00:00",TAS1,45098.843458,2191.86113760,0.0486
D,CO2EII,PUBLISHING,1,2014,19,"2014/05/06 00:00:00",VIC1,140598.56308701,166100.60523821,1.1814
D,CO2EII,PUBLISHING,1,2014,19,"2014/05/07 00:00:00",NEM,515238.35021199,446386.47841439,0.8664
D,CO2EII,PUBLISHING,1,2014,19,"2014/05/07 00:00:00",NSW1,166919.691654,148386.66417649,0.8890
D,CO2EII,PUBLISHING,1,2014,19,"2014/05/07 00:00:00",QLD1,136395.608089,113721.52560074,0.8338
D,CO2EII,PUBLISHING,1,2014,19,"2014/05/07 00:00:00",SA1,28328.612729,16112.90434084,0.5688
D,CO2EII,PUBLISHING,1,2014,19,"2014/05/07 00:00:00",TAS1,42925.529297,2053.91269111,0.0478
D,CO2EII,PUBLISHING,1,2014,19,"2014/05/07 00:00:00",VIC1,140668.90844299,166111.47160521,1.1809
D,CO2EII,PUBLISHING,1,2014,19,"2014/05/08 00:00:00",NEM,520140.000086,440791.90330095,0.8474
D,CO2EII,PUBLISHING,1,2014,19,"2014/05/08 00:00:00",NSW1,168044.754020,150943.42995767,0.8982
D,CO2EII,PUBLISHING,1,2014,19,"2014/05/08 00:00:00",QLD1,138226.88705199,113813.72236277,0.8234
D,CO2EII,PUBLISHING,1,2014,19,"2014/05/08 00:00:00",SA1,31627.817255,14405.48391072,0.4555
D,CO2EII,PUBLISHING,1,2014,19,"2014/05/08 00:00:00",TAS1,44538.075741,2089.08727572,0.0469
D,CO2EII,PUBLISHING,1,2014,19,"2014/05/08 00:00:00",VIC1,137702.46601801,159540.17979407,1.1586
D,CO2EII,PUBLISHING,1,2014,19,"2014/05/09 00:00:00",NEM,519991.26849202,433848.83410971,0.8343
D,CO2EII,PUBLISHING,1,2014,19,"2014/05/09 00:00:00",NSW1,166900.229820,153562.17661118,0.9201
D,CO2EII,PUBLISHING,1,2014,19,"2014/05/09 00:00:00",QLD1,137978.27750901,112465.51675875,0.8151
D,CO2EII,PUBLISHING,1,2014,19,"2014/05/09 00:00:00",SA1,36626.720316,12293.57822550,0.3356
D,CO2EII,PUBLISHING,1,2014,19,"2014/05/09 00:00:00",TAS1,43234.958506,2088.49231721,0.0483
D,CO2EII,PUBLISHING,1,2014,19,"2014/05/09 00:00:00",VIC1,135251.08234101,153439.07019707,1.1345
D,CO2EII,PUBLISHING,1,2014,19,"2014/05/10 00:00:00",NEM,475806.74260202,419367.74343939,0.8814
D,CO2EII,PUBLISHING,1,2014,19,"2014/05/10 00:00:00",NSW1,153829.84948301,145047.72807559,0.9429
D,CO2EII,PUBLISHING,1,2014,19,"2014/05/10 00:00:00",QLD1,134441.087797,108583.34715228,0.8077
D,CO2EII,PUBLISHING,1,2014,19,"2014/05/10 00:00:00",SA1,24454.628105,14701.21336640,0.6012
D,CO2EII,PUBLISHING,1,2014,19,"2014/05/10 00:00:00",TAS1,42926.301473,2089.58029477,0.0487
D,CO2EII,PUBLISHING,1,2014,19,"2014/05/10 00:00:00",VIC1,120154.87574401,148945.87455035,1.2396
D,CO2EII,PUBLISHING,1,2014,20,"2014/05/11 00:00:00",NEM,452105.43607502,404273.85982828,0.8942
D,CO2EII,PUBLISHING,1,2014,20,"2014/05/11 00:00:00",NSW1,140527.568233,133201.09535735,0.9479
D,CO2EII,PUBLISHING,1,2014,20,"2014/05/11 00:00:00",QLD1,130516.29301001,106256.41293934,0.8141
D,CO2EII,PUBLISHING,1,2014,20,"2014/05/11 00:00:00",SA1,22482.497066,16186.31132868,0.72
D,CO2EII,PUBLISHING,1,2014,20,"2014/05/11 00:00:00",TAS1,42523.669332,2083.18640469,0.0490
D,CO2EII,PUBLISHING,1,2014,20,"2014/05/11 00:00:00",VIC1,116055.40843401,146546.85379822,1.2627
D,CO2EII,PUBLISHING,1,2014,20,"2014/05/12 00:00:00",NEM,506226.78987101,436336.46589269,0.8619
D,CO2EII,PUBLISHING,1,2014,20,"2014/05/12 00:00:00",NSW1,172923.51480401,158806.11500999,0.9184
D,CO2EII,PUBLISHING,1,2014,20,"2014/05/12 00:00:00",QLD1,137205.057876,112534.89132923,0.8202
D,CO2EII,PUBLISHING,1,2014,20,"2014/05/12 00:00:00",SA1,28779.672629,17767.20188380,0.6174
D,CO2EII,PUBLISHING,1,2014,20,"2014/05/12 00:00:00",TAS1,43863.293494,2081.29746119,0.0474
D,CO2EII,PUBLISHING,1,2014,20,"2014/05/12 00:00:00",VIC1,123455.251068,145146.96020848,1.1757
D,CO2EII,PUBLISHING,1,2014,20,"2014/05/13 00:00:00",NEM,510839.417723,437655.21629565,0.8567
D,CO2EII,PUBLISHING,1,2014,20,"2014/05/13 00:00:00",NSW1,173802.110091,165133.30330143,0.9501
D,CO2EII,PUBLISHING,1,2014,20,"2014/05/13 00:00:00",QLD1,141013.161766,115646.78253229,0.8201
D,CO2EII,PUBLISHING,1,2014,20,"2014/05/13 00:00:00",SA1,35019.145820,19089.49522050,0.5451
D,CO2EII,PUBLISHING,1,2014,20,"2014/05/13 00:00:00",TAS1,33112.419841,1981.10198638,0.0598
D,CO2EII,PUBLISHING,1,2014,20,"2014/05/13 00:00:00",VIC1,127892.580205,135804.53325505,1.0619
D,CO2EII,PUBLISHING,1,2014,20,"2014/05/14 00:00:00",NEM,505899.02171402,427984.36479179,0.8460
D,CO2EII,PUBLISHING,1,2014,20,"2014/05/14 00:00:00",NSW1,182176.20288301,173175.72077742,0.9506
D,CO2EII,PUBLISHING,1,2014,20,"2014/05/14 00:00:00",QLD1,137646.508284,113309.33335547,0.8232
D,CO2EII,PUBLISHING,1,2014,20,"2014/05/14 00:00:00",SA1,37226.250253,17792.67972042,0.4780
D,CO2EII,PUBLISHING,1,2014,20,"2014/05/14 00:00:00",TAS1,27753.270587,1708.74058289,0.0616
D,CO2EII,PUBLISHING,1,2014,20,"2014/05/14 00:00:00",VIC1,121096.78970701,121997.89035559,1.0074
D,CO2EII,PUBLISHING,1,2014,20,"2014/05/15 00:00:00",NEM,503297.193241,423121.40251129,0.8407
D,CO2EII,PUBLISHING,1,2014,20,"2014/05/15 00:00:00",NSW1,179852.26625299,171742.69131938,0.9549
D,CO2EII,PUBLISHING,1,2014,20,"2014/05/15 00:00:00",QLD1,136868.751573,111960.50550704,0.8180
D,CO2EII,PUBLISHING,1,2014,20,"2014/05/15 00:00:00",SA1,39464.701826,16983.02645113,0.4303
D,CO2EII,PUBLISHING,1,2014,20,"2014/05/15 00:00:00",TAS1,28348.771926,1523.02101265,0.0537
D,CO2EII,PUBLISHING,1,2014,20,"2014/05/15 00:00:00",VIC1,118762.70166301,120912.15822109,1.0181
D,CO2EII,PUBLISHING,1,2014,20,"2014/05/16 00:00:00",NEM,498453.90442599,423827.96918977,0.8503
D,CO2EII,PUBLISHING,1,2014,20,"2014/05/16 00:00:00",NSW1,174039.263418,162670.09312336,0.9347
D,CO2EII,PUBLISHING,1,2014,20,"2014/05/16 00:00:00",QLD1,137481.30088799,109358.95161498,0.7954
D,CO2EII,PUBLISHING,1,2014,20,"2014/05/16 00:00:00",SA1,35924.960646,15975.43164242,0.4447
D,CO2EII,PUBLISHING,1,2014,20,"2014/05/16 00:00:00",TAS1,32420.438936,1613.76612510,0.0498
D,CO2EII,PUBLISHING,1,2014,20,"2014/05/16 00:00:00",VIC1,118587.940538,134209.72668391,1.1317
D,CO2EII,PUBLISHING,1,2014,20,"2014/05/17 00:00:00",NEM,457947.690891,384064.41599940,0.8387
D,CO2EII,PUBLISHING,1,2014,20,"2014/05/17 00:00:00",NSW1,147635.449369,140965.46540180,0.9548
D,CO2EII,PUBLISHING,1,2014,20,"2014/05/17 00:00:00",QLD1,129172.870650,102045.07260865,0.79
D,CO2EII,PUBLISHING,1,2014,20,"2014/05/17 00:00:00",SA1,30946.451959,13860.99286732,0.4479
D,CO2EII,PUBLISHING,1,2014,20,"2014/05/17 00:00:00",TAS1,41351.697817,2086.94633304,0.0505
D,CO2EII,PUBLISHING,1,2014,20,"2014/05/17 00:00:00",VIC1,108841.221096,125105.93878859,1.1494
D,CO2EII,PUBLISHING,1,2014,21,"2014/05/18 00:00:00",NEM,450817.18004214,390275.00393435,0.8657
D,CO2EII,PUBLISHING,1,2014,21,"2014/05/18 00:00:00",NSW1,148133.605380,142282.67491217,0.9605
D,CO2EII,PUBLISHING,1,2014,21,"2014/05/18 00:00:00",QLD1,127613.11611814,101993.32061344,0.7992
D,CO2EII,PUBLISHING,1,2014,21,"2014/05/18 00:00:00",SA1,25196.588303,14155.72854579,0.5618
D,CO2EII,PUBLISHING,1,2014,21,"2014/05/18 00:00:00",TAS1,41927.472364,2056.56501662,0.0491
D,CO2EII,PUBLISHING,1,2014,21,"2014/05/18 00:00:00",VIC1,107946.397877,129786.71484633,1.2023
D,CO2EII,PUBLISHING,1,2014,21,"2014/05/19 00:00:00",NEM,503689.06949611,430362.12954023,0.8544
D,CO2EII,PUBLISHING,1,2014,21,"2014/05/19 00:00:00",NSW1,174176.286716,160522.95190740,0.9216
D,CO2EII,PUBLISHING,1,2014,21,"2014/05/19 00:00:00",QLD1,136605.15277610,109054.34741049,0.7983
D,CO2EII,PUBLISHING,1,2014,21,"2014/05/19 00:00:00",SA1,30633.027535,16785.26015291,0.5479
D,CO2EII,PUBLISHING,1,2014,21,"2014/05/19 00:00:00",TAS1,43146.021079,2039.32389469,0.0473
D,CO2EII,PUBLISHING,1,2014,21,"2014/05/19 00:00:00",VIC1,119128.58139001,141960.24617474,1.1917
D,CO2EII,PUBLISHING,1,2014,21,"2014/05/20 00:00:00",NEM,508573.92107659,444307.54951357,0.8736
D,CO2EII,PUBLISHING,1,2014,21,"2014/05/20 00:00:00",NSW1,175902.95965099,160006.03251323,0.9096
D,CO2EII,PUBLISHING,1,2014,21,"2014/05/20 00:00:00",QLD1,138293.12887599,111096.27196595,0.8033
D,CO2EII,PUBLISHING,1,2014,21,"2014/05/20 00:00:00",SA1,26002.99676860,17645.67442480,0.6786
D,CO2EII,PUBLISHING,1,2014,21,"2014/05/20 00:00:00",TAS1,42758.889634,2034.26604241,0.0476
D,CO2EII,PUBLISHING,1,2014,21,"2014/05/20 00:00:00",VIC1,125615.94614701,153525.30456718,1.2222
D,CO2EII,PUBLISHING,1,2014,21,"2014/05/21 00:00:00",NEM,507098.60749908,432673.16763654,0.8532
D,CO2EII,PUBLISHING,1,2014,21,"2014/05/21 00:00:00",NSW1,174258.822324,162099.43419921,0.9302
D,CO2EII,PUBLISHING,1,2014,21,"2014/05/21 00:00:00",QLD1,139937.393414,111152.48316215,0.7943
D,CO2EII,PUBLISHING,1,2014,21,"2014/05/21 00:00:00",SA1,27020.40573207,16091.11154768,0.5955
D,CO2EII,PUBLISHING,1,2014,21,"2014/05/21 00:00:00",TAS1,45239.471185,1958.54962916,0.0433
D,CO2EII,PUBLISHING,1,2014,21,"2014/05/21 00:00:00",VIC1,120642.51484401,141371.58909834,1.1718
D,CO2EII,PUBLISHING,1,2014,21,"2014/05/22 00:00:00",NEM,507375.576058,422388.03184293,0.8325
D,CO2EII,PUBLISHING,1,2014,21,"2014/05/22 00:00:00",NSW1,168586.11698201,153600.41141532,0.9111
D,CO2EII,PUBLISHING,1,2014,21,"2014/05/22 00:00:00",QLD1,140979.161337,110425.93764817,0.7833
D,CO2EII,PUBLISHING,1,2014,21,"2014/05/22 00:00:00",SA1,33691.574165,14475.51262831,0.4296
D,CO2EII,PUBLISHING,1,2014,21,"2014/05/22 00:00:00",TAS1,43403.849442,1500.24081112,0.0346
D,CO2EII,PUBLISHING,1,2014,21,"2014/05/22 00:00:00",VIC1,120714.87413199,142385.92934001,1.1795
D,CO2EII,PUBLISHING,1,2014,21,"2014/05/23 00:00:00",NEM,502538.51914071,429316.23965146,0.8543
D,CO2EII,PUBLISHING,1,2014,21,"2014/05/23 00:00:00",NSW1,170401.64593647,152756.88486911,0.8965
D,CO2EII,PUBLISHING,1,2014,21,"2014/05/23 00:00:00",QLD1,137075.24407399,109407.46864555,0.7982
D,CO2EII,PUBLISHING,1,2014,21,"2014/05/23 00:00:00",SA1,26063.41287424,18314.17603589,0.7027
D,CO2EII,PUBLISHING,1,2014,21,"2014/05/23 00:00:00",TAS1,43370.461573,1769.36243473,0.0408
D,CO2EII,PUBLISHING,1,2014,21,"2014/05/23 00:00:00",VIC1,125627.75468301,147068.34766618,1.1707
D,CO2EII,PUBLISHING,1,2014,21,"2014/05/24 00:00:00",NEM,462472.21936629,391131.91102450,0.8457
D,CO2EII,PUBLISHING,1,2014,21,"2014/05/24 00:00:00",NSW1,146972.618112,132335.80377334,0.9004
D,CO2EII,PUBLISHING,1,2014,21,"2014/05/24 00:00:00",QLD1,131475.69368699,104090.34122109,0.7917
D,CO2EII,PUBLISHING,1,2014,21,"2014/05/24 00:00:00",SA1,29474.58648430,15970.36300414,0.5418
D,CO2EII,PUBLISHING,1,2014,21,"2014/05/24 00:00:00",TAS1,43435.489808,2069.29494627,0.0476
D,CO2EII,PUBLISHING,1,2014,21,"2014/05/24 00:00:00",VIC1,111113.831275,136666.10807966,1.23
D,CO2EII,PUBLISHING,1,2014,22,"2014/05/25 00:00:00",NEM,450486.48190174,379098.10889141,0.8415
D,CO2EII,PUBLISHING,1,2014,22,"2014/05/25 00:00:00",NSW1,133413.894692,121120.48146388,0.9079
D,CO2EII,PUBLISHING,1,2014,22,"2014/05/25 00:00:00",QLD1,129306.10529273,102140.70883955,0.7899
D,CO2EII,PUBLISHING,1,2014,22,"2014/05/25 00:00:00",SA1,31429.243455,15323.09789405,0.4875
D,CO2EII,PUBLISHING,1,2014,22,"2014/05/25 00:00:00",TAS1,43296.414925,2088.63827712,0.0482
D,CO2EII,PUBLISHING,1,2014,22,"2014/05/25 00:00:00",VIC1,113040.82353701,138425.18241681,1.2246
D,CO2EII,PUBLISHING,1,2014,22,"2014/05/26 00:00:00",NEM,507085.08963416,424590.45875210,0.8373
D,CO2EII,PUBLISHING,1,2014,22,"2014/05/26 00:00:00",NSW1,160580.490988,144951.90904594,0.9027
D,CO2EII,PUBLISHING,1,2014,22,"2014/05/26 00:00:00",QLD1,139227.99486816,110610.51655824,0.7945
D,CO2EII,PUBLISHING,1,2014,22,"2014/05/26 00:00:00",SA1,33641.547347,15516.00739535,0.4612
D,CO2EII,PUBLISHING,1,2014,22,"2014/05/26 00:00:00",TAS1,44257.819935,2059.63978045,0.0465
D,CO2EII,PUBLISHING,1,2014,22,"2014/05/26 00:00:00",VIC1,129377.236496,151452.38597212,1.1706
D,CO2EII,PUBLISHING,1,2014,22,"2014/05/27 00:00:00",NEM,511809.10438930,415270.32715454,0.8114
D,CO2EII,PUBLISHING,1,2014,22,"2014/05/27 00:00:00",NSW1,160989.709042,139768.84214919,0.8682
D,CO2EII,PUBLISHING,1,2014,22,"2014/05/27 00:00:00",QLD1,140066.60764829,111700.46436802,0.7975
D,CO2EII,PUBLISHING,1,2014,22,"2014/05/27 00:00:00",SA1,39891.924067,12758.78123497,0.3198
D,CO2EII,PUBLISHING,1,2014,22,"2014/05/27 00:00:00",TAS1,40945.308803,2061.56020289,0.0503
D,CO2EII,PUBLISHING,1,2014,22,"2014/05/27 00:00:00",VIC1,129915.55482901,148980.67919947,1.1468
D,CO2EII,PUBLISHING,1,2014,22,"2014/05/28 00:00:00",NEM,509212.91195072,429340.91633761,0.8431
D,CO2EII,PUBLISHING,1,2014,22,"2014/05/28 00:00:00",NSW1,164865.134485,146944.29429434,0.8913
D,CO2EII,PUBLISHING,1,2014,22,"2014/05/28 00:00:00",QLD1,139613.36667271,111435.28360960,0.7982
D,CO2EII,PUBLISHING,1,2014,22,"2014/05/28 00:00:00",SA1,29524.473326,13876.41388043,0.47
D,CO2EII,PUBLISHING,1,2014,22,"2014/05/28 00:00:00",TAS1,41961.032667,2066.08508078,0.0492
D,CO2EII,PUBLISHING,1,2014,22,"2014/05/28 00:00:00",VIC1,133248.90480001,155018.83947246,1.1634
D,CO2EII,PUBLISHING,1,2014,22,"2014/05/29 00:00:00",NEM,514444.05180865,441145.39594233,0.8575
D,CO2EII,PUBLISHING,1,2014,22,"2014/05/29 00:00:00",NSW1,165960.92042674,150541.54072772,0.9071
D,CO2EII,PUBLISHING,1,2014,22,"2014/05/29 00:00:00",QLD1,142621.08148891,114069.71068922,0.7998
D,CO2EII,PUBLISHING,1,2014,22,"2014/05/29 00:00:00",SA1,26643.653693,15856.23902682,0.5951
D,CO2EII,PUBLISHING,1,2014,22,"2014/05/29 00:00:00",TAS1,43933.798879,2070.49263622,0.0471
D,CO2EII,PUBLISHING,1,2014,22,"2014/05/29 00:00:00",VIC1,135284.597321,158607.41286235,1.1724
D,CO2EII,PUBLISHING,1,2014,22,"2014/05/30 00:00:00",NEM,512756.88177330,432386.47009186,0.8433
D,CO2EII,PUBLISHING,1,2014,22,"2014/05/30 00:00:00",NSW1,160581.354122,145701.34597912,0.9073
D,CO2EII,PUBLISHING,1,2014,22,"2014/05/30 00:00:00",QLD1,141407.20256730,112702.44262103,0.7970
D,CO2EII,PUBLISHING,1,2014,22,"2014/05/30 00:00:00",SA1,34424.455614,14475.58757637,0.4205
D,CO2EII,PUBLISHING,1,2014,22,"2014/05/30 00:00:00",TAS1,44251.416747,2038.78693895,0.0461
D,CO2EII,PUBLISHING,1,2014,22,"2014/05/30 00:00:00",VIC1,132092.452723,157468.30697639,1.1921
D,CO2EII,PUBLISHING,1,2014,22,"2014/05/31 00:00:00",NEM,476308.68518450,406525.49426016,0.8535
D,CO2EII,PUBLISHING,1,2014,22,"2014/05/31 00:00:00",NSW1,149366.494307,135367.74620158,0.9063
D,CO2EII,PUBLISHING,1,2014,22,"2014/05/31 00:00:00",QLD1,137555.79912451,109058.35481513,0.7928
D,CO2EII,PUBLISHING,1,2014,22,"2014/05/31 00:00:00",SA1,27063.13865599,16224.66651070,0.5995
D,CO2EII,PUBLISHING,1,2014,22,"2014/05/31 00:00:00",TAS1,43169.921994,2038.25183228,0.0472
D,CO2EII,PUBLISHING,1,2014,22,"2014/05/31 00:00:00",VIC1,119153.331103,143836.47490047,1.2072
C,"END OF REPORT",927
