Id,Name,Registration date,Change Date
1,Victorian Electric Light Co.,1880-01-01,1881-02-01
2,"Australian Electric Light, Power and Storage Co.",1880-02-01,1881-03-01
3,Australian Electric Light Co Ltd.,1881-01-01,1883-05-01
4,(New) Australasian Electric Co. Ltd.,1883-05-01,1889-05-01
5,A.U. Alcock Electric Light and Motive Power Ltd.,1886-06-01,1901-01-14
6,Essendon Land Tramway Co. Ltd.,1887-06-01,1921-06-06
7,Southern Electric Co.,1887-03-01,1889-02-01
8,Electric Light and Power Supply Co. Ltd.,1887-02-01,1889-02-01
9,Fry Bros Flour Mill,1889-03-08,1898-10-10
10,New Australian Electric Co. Ltd.,1889-01-01,1901-01-14
11,Australasian Electric Tramways Co. Ltd.,1890-01-01,1893-02-01
12,British Insulated Wire Co. Ltd. (England),1890-01-01,1901-02-19
13,Union Electric Co. of Australia Ltd.,1890-01-01,1897-02-01
14,"Thos. T. Draper and Co., Melbourne",1891-01-01,1900-11-13
15,Bendigo Electric Co.,1892-04-01,1900-11-13
16,Daylesford Electric Light and Power Supply Co. Ltd,1893-01-01,1900-11-13
17,Corporation of the City of Melbourne,1894-01-01,1994-09-01
18,Ballarat Electric Supply Co. Limited,1894-03-01,1899-03-10
19,British Insulated Wire Co. Ltd. (Victoria),1897-04-28,1904-01-01
20,Brush Electric Eng. Co. Ltd.,1898-11-01,1900-01-01
21,"James Colin Lockley, Nhill area",1898-10-10,1901-01-01
22,City of Hawthorn,1898-06-27,1911-06-22
23,Electric Lighting and Traction Company of Australia Limited,1899-12-01,1908-09-04
24,Deep Leads Electric Transmission Company Limited,1899-10-30,1909-07-01
25,Messrs. F.J. Leary and A. Dawson,1899-02-20,1900-02-08
26,Electric Supply Company of Victoria Limited(registered in UK),1900-05-26,1934-06-02
27,Nhill Electric Lighting Co. Pty. Ltd.,1900-01-01,1921-03-01
28,"Victoria Electric Light, Heat, and Power Distributing Corporation limited",1901-01-01,1908-11-19
29,Melbourne Electric Supply Co. Ltd.,1904-09-04,1930-08-04
30,Inglewood Borough Council,1904-06-29,1946-04-29
31,"Alfred Edward Morgans (legal rep of  Council of the Town of Essendon,  Borough of Flemington, and Borough of Kensington)",1904-06-14,1906-10-09
32,Kerang Shire Council,1905-05-23,1959-05-12
33,Hamilton Electric Supply Co. Ltd.,1905-02-27,1946-06-30
34,North Melbourne Electric Tramways and Lighting Co.,1906-10-09,1922-08-01
35,Echuca Shire Council,1907-12-23,1929-04-12
36,Kilmore Electric Supply Co. Ltd. ,1907-10-10,1917-02-01
37,Cassilis Gold Mining Company No Liability,1907-06-21,1916-03-30
38,Donald Electric Supply Company Ltd,1907-06-18,1918-08-05
39,Prahran City Council,1908-08-04,1994-06-22
40,Mildura Shire Council,1908-07-22,1953-05-06
41,Hampden shire Council,1908-05-13,1923-01-01
42,Leongatha Butter and Cheese Factory Co. Ltd.,1908-05-01,1923-01-01
43,Bulla Shire Council,1908-01-28,1928-04-11
44,Drouin Cooperative Butter Factory Co. Ltd.,1909-12-14,1923-01-01
45,Casterton Freezing Works Co. Pty. Ltd.,1909-06-29,1918-05-02
46,Eaglehawk Borough Council,1909-06-29,1935-04-18
47,Poowong and Jeetho Shire Council,1909-06-29,1923-01-01
48,Footscray City Council,1910-12-21,1994-12-15
49,Charlton Electric Light and Power Co. Ltd.,1910-12-08,1946-09-29
50,Department of Defence of the Commonwealth,1910-11-07,1918-06-05
51,Upper Yarra Shire Council,1910-11-07,1926-04-12
52,Prahran and Malvern Tramways Trust,1910-06-01,1929-04-12
53,South Gippsland Creamery and Butter Factory Co. Ltd. ,1910-05-17,1923-04-12
54,Hugh Victor McKay,1911-12-13,1926-01-02
55,Swan Hill Shire Council,1911-12-05,1967-04-12
56,Winchelsea Shire Council,1911-12-05,1923-01-01
57,Rainbow Electric Light Co. Ltd.,1911-11-20,1944-10-12
58,Rutherglen Borough-Shire Council,1911-10-06,1929-04-12
59,Newham and Woodend Shire Council,1911-09-22,1927-02-03
60,Ararat Borough Council,1911-09-08,1969-11-22
61,Mortlake Butter and Cheese Factory Co. Ltd. ,1911-09-08,1923-01-01
62,Gouldburn Shire Council,1911-08-04,1954-11-07
63,Daylesford Borough Council,1911-07-21,1940-04-23
64,Numurkah Shire Council,1911-07-21,1930-09-13
65,Euroa Shire Council,1911-05-07,1929-04-12
66,Birchip Electric Supply Co.,1911-03-07,1958-12-11
67,Yarrawonga Shire Council,1911-01-04,1929-04-12
68,Coleraine and Western Distric Butter Factory Co.,1912-12-16,1937-08-20
69,Provincial Electric Development Co. ,1912-12-07,1914-01-20
70,Port Melbourne Town Council,1912-10-07,1994-12-15
71,Preston Shire Council,1912-10-07,1994-12-15
72,Mansfield Shire Council,1912-09-24,1929-04-12
73,Wonthaggi Borough Council,1912-08-05,1932-04-14
74,Melvore Shire Council,1912-07-22,1956-05-08
75,Nunawading Shire Council,1912-06-20,1925-05-26
76,Yea Shire Council,1912-06-10,1945-09-28
77,Brunswick City Council,1912-04-30,1994-12-15
78,Maffra Shire Council,1912-04-30,1923-01-01
79,Karkarooc Shire Council,1912-04-12,1962-05-15
80,Koroit Borough Council,1912-04-12,1928-04-11
81,Wodonga Electric Supply Co.,1912-04-12,1934-04-17
82,Horsham Borought Council,1912-03-21,1955-05-08
83,Kyabram Butter and Cheese Factory Co.,1912-03-12,1929-04-12
84,Bairnsdale Shire Council,1912-01-04,1914-01-07
85,Victor Nightingall,1913-11-25,1918-04-01
86,Gordon Shire Council,1913-10-07,1922-05-02
87,Tungamah Shire Council,1913-04-29,1929-04-09
88,Northcote City Council,1913-01-13,1994-12-15
89,Wycheproof Shire Council,1913-01-13,1958-05-11
90,Doncaster Shire Council,1914-12-30,1994-12-15
91,Lancefield Shire Council,1914-11-30,1928-04-11
92,Coburg Town Council,1914-11-02,1994-12-15
93,Waranga Shire Council,1914-11-02,1956-10-09
94,Heildelberg Shire Council,1914-06-22,1934-12-15
95,Lilydale Shire Council,1914-06-01,1929-04-12
96,Werribee Shire Council,1914-06-01,1924-01-01
97,Queenscliff Borough Council,1914-05-05,1923-01-01
98,Cook's Pioneer Gold and Tin Mines No Liability,1914-05-04,1915-07-02
99,Gisborne Shire Council,1914-04-20,1928-04-11
100,Dimboola Shire Council,1914-04-06,1958-05-10
101,Rodney Shire Council,1914-02-10,1929-04-12
102,"Indiarubber, Gutta Pereha and Telegraph Works Co. Ltd.",1914-01-20,1924-01-01
103,A.H. Wood ,1914-01-07,1925-04-08
104,Heyfield Butterfactory Co.,1915-11-08,1929-04-12
105,Castlemaine Electric Supply Co.,1915-08-06,1927-02-03
106,Kyneton Shire Council,1915-08-05,1927-02-03
107,Wangaratta Borough Council,1915-07-02,1927-04-12
108,Toora-Foster Electric Co.,1915-06-06,1938-04-21
109,"H. J. W. Block, Jeparit",1915-06-02,1935-04-18
110,Williamstown City Council,1915-06-02,1994-06-22
111,Romsey Shire Council,1915-04-08,1928-04-11
112,South Dandenong Electric Light Syndicate,1915-03-08,1922-04-05
113,Orbost Butter and Produce Co.,1916-06-05,1961-11-14
114,Alexandra Shire Council,1916-06-02,1929-04-12
115,Flinders Shire Council,1917-11-05,1929-04-12
116,Mulgrave Shire Council,1917-08-07,1929-03-02
117,Yarram Hydro-Electric Co.,1917-06-01,1946-06-30
118,Kilmore Shire Council,1917-02-01,1958-10-11
119,Horsham Electric Cupply Co.,1918-12-12,1956-09-09
120,Frankston and Distric Gas and Electric Co. Pty. Ltd.,1918-12-02,1929-04-12
121,Elmore Electric Light and Power Co.,1918-11-05,1946-06-30
122,Dunmunkle Shire Council,1918-09-02,1956-10-09
123,Donald Shire Council,1918-08-05,1962-05-15
124,Commonwealth Electric Co. Pty. Ltd.,1918-06-05,1935-04-18
125,J. McKenzie King,1918-06-01,1921-08-05
126,Casterton Electric Supply Co.,1918-05-02,1963-05-16
127,Carrum Electric Supply Co.,1918-02-01,1926-04-08
128,Sale and District Cooperative Butter and Cool Storage Co.,1919-11-08,1923-01-01
129,Bacchus Marsh Shire Council,1919-08-02,1940-04-23
130,Heytesbury Shire Council,1919-06-05,1923-01-01
131,Electricity Commissioners,1919-03-01,1920-12-31
132,Colac Shire Council,1919-02-01,1923-01-01
133,Shepparton Shire Council,1919-01-01,1929-04-12
134,Tatura Butter Factory Co. ,1919-01-01,1929-04-12
135,Mornington Shire Council,1920-10-02,1930-04-13
136,Ripon Shire Council,1920-10-02,1954-10-07
137,Seymour Shire Council,1920-08-01,1945-04-28
138,Bright Shire Council,1920-07-02,1933-04-16
139,Healesville Shire Council,1920-02-01,1933-11-16
140,River Latrobe Hydroelectric Co.,1920-02-15,1930-10-10
141,Siemerings Pty. Ltd.,1921-11-02,1928-04-11
142,Federal Milk Pty. Ltd.,1921-08-05,1937-04-20
143,Benalla Shire Council,1921-05-02,1929-04-12
144,Lowan Shire Council,1921-03-01,1960-10-13
145,Stawell Borough Council,1921-02-05,1966-07-19
146,State Electricity Commission Victoria (SECV),1921-01-10,2020-11-24
147,Boort Cooperative Butter Co.,1922-05-02,1956-08-09
148,Walpeup Shire Council,1922-01-01,1965-09-18
149,Dandenong Shire Council,1922-06-06,1924-02-01
150,Beeac (SECV),1923-02-02,1993-06-17
151,Yarragon (SECV),1923-02-02,1993-06-18
152,Korong Shire Council,1924-02-01,1950-05-03
153,Violet Town Shire Council,1924-05-01,1936-04-19
154,Hepburn Springs Electric Supply Co. Ltd.,1925-01-01,1940-04-23
155,Lawloit Shire Council,1925-06-05,1939-04-24
156,Nunawading City Council,1925-05-26,1994-12-15
157,Broadford Shire Council,1925-08-12,1948-08-01
158,Avoca Electric Light and Power Co. Pty. Ltd.,1925-12-06,1940-04-23
159,Warracknabeal Electric Light and Power Co. ,1926-01-05,1961-05-14
160,Beechworth Shire Council,1926-02-06,1946-08-29
161,Yuthong Electric Coy.,1926-04-09,1935-11-18
162,Arapiles Shire Council,1926-05-01,1927-05-02
163,Koo-wee-rup Electric Light and Power Co. Pty. Ltd.,1926-06-01,1934-04-17
164,Martin O'Donohue,1927-01-01,1930-09-13
165,Marong Shire Council,1927-03-02,1931-08-14
166,H.C. Woolmer,1927-04-15,1958-10-11
167,Gordon Shire Council,1927-04-15,1954-05-07
168,Box Hill City Council,1927-05-02,1994-06-16
169,Ballan Electric Supply Co.,1927-06-01,1940-04-23
170,Goroke Electric Supply Co.,1928-12-01,1929-04-12
171,W. A. Bland,1929-04-12,1938-02-21
172,Phillip Island Shire Council,1929-05-02,1950-05-03
173,Bet Bet Shire Council,1930-02-01,1938-04-21
174,Omeo Power Co.,1932-02-01,1937-04-20
175,Towong Shire Council,1933-08-16,1941-04-24
176,A.J. Goster,1934-04-17,1964-09-17
177,Heildelberg City Council,1934-03-11,1994-12-15
178,Block & Sons Pty. Ltd.,1935-04-18,1942-08-25
179,Upper Yarra Electric Supply Co. Pty. Ltd. ,1935-11-18,1944-09-27
180,Omeo Electricity Supply & motor Co. Pty. Ltd.,1937-04-20,1969-08-22
181,Border Trading and Manufacturing Co. Pty. Ltd.,1938-02-21,1941-04-24
182,Kaniva Shire Council,1939-04-24,1964-05-17
183,C. D. Block,1941-04-24,1942-07-25
184,"S. F. Block (trading as ""Jeparit Electric Light and Power Station"")",1942-08-25,1960-05-12
185,Goroke Butter and Freezing Co.,1942-07-25,1950-08-03
186,Frank Dawson Pty. Ltd.,1944-10-27,1956-07-13
187,Goroke Freezing & Trading Co. Pty. Ltd.,1950-08-03,1959-05-12
188,Gunbower Co-operative Butter Factory & Trading Co. Ltd.,1954-05-07,1959-09-12
189,Balmoral Electricity Supply Co. Pty. Ltd.,1954-05-07,1966-09-19
190,P. R. Schulze,1955-03-01,1964-05-17
191,Dawson's (Rainbow) Pty. Ltd.,1956-07-13,1963-05-16
192,Generation Victoria,1993-06-15,1995-06-18
193,National Electricity,1993-06-15,1995-06-18
194,Electricity Services Victoria,1993-06-15,1995-06-18
195,Banyule City Council,1994-12-15,1996-01-01
196,Darebin City Council,1994-12-15,1996-01-01
197,Moreland City Council,1994-12-15,1996-01-01
198,Whitehorse City Council,1994-12-15,1996-05-01
199,Maribyrnong City Council,1994-12-15,1996-05-01
200,Manningham City Council,1994-12-15,1996-05-01
201,Port Phillipe City Council,1994-06-22,1996-05-01
202,Hobsons Bay City,1994-06-22,1996-05-01
203,Hazelwood Power Co. Pty Ltd,1995-06-18,1996-08-01
204,Loy Yang Power Co. Pty Ltd,1995-06-18,1997-03-25
205,Southern Hydro Pty Ltd ,1995-06-18,1999-11-01
206,Yallourn Energy Pty Ltd,1995-06-18,2005-06-15
207,Eastern Energy Ltd,1995-06-18,2000-05-11
208,GPU PowerNet PTY LTD,1995-06-18,2000-07-26
209,Powercor Australia Ltd,1995-06-18,2020-11-24
210,CitiPower Pty,1995-06-18,2016-11-22
211,Solaris Power,1995-06-18,1998-06-22
212,United Energy,1996-01-01,2000-03-07
213,Hazelwood Power (partnership),1996-08-01,2003-01-01
214,National Power UK (Hazelwood Partner),1996-08-01,2001-01-01
215,Pacific Corp USA (Hazelwood Partner),1996-08-01,2003-01-01
216,Commonwealth Bank of Australia (Hazelwood Partner),1996-08-01,2003-01-01
217,International Power Hazelwood (IPRH),2003-01-01,2011-01-01
218,IPR-GDF SUEZ Hazelwood,2011-01-01,2017-03-03
219,Generation Victoria Shell,1995-06-18,1999-01-01
220,AES Transpower Holding Pty Ltd.,2000-05-14,2003-05-14
221,ECOGEN ENERGY PTY LTD,2003-05-14,2018-08-29
222,ENERGYAUSTRALIA ECOGEN PTY LTD,2018-08-29,2020-11-24
223,Great Energy Alliance (GEAC),2003-12-01,2021-08-23
224,EASTCOAST POWER PTY LTD,,
225,DUKE ENERGY BAIRNSDALE OPERATIONS PTY LTD,,
226,Duke Energy Bairnsdale Operations Pty Ltd,,
227,DUKE ENERGY BAIRNSDALE OPERATIONS PTY LTD,,
228,Alinta DEBO PTY LTD,,
229,Alinta Energy Finance Pty Ltd (Alinta Energy),,
230,Alinta Energy Retail Sales Pty Ltd,,
231,AGL Energy Services Pty Limited,,
232,AGL Energy Sales & Marketing Limited,,
233,Moreland Energy Foundation Ltd,,
234,Acciona Energy Oceania Pty Ltd,,
235,Meridian Energy limited,,
236,Hydro Tasmania (Hydro-Electric Corporation),,
237,TRUSTPOWER AUSTRALIA HOLDINGS PTY LTD,,
238,Essential Energy,1999-11-01,2021-08-23
239,BLUE NRG PTY. LTD. ,2011-07-01,2020-11-24
240,CLICK ENERGY PTY LTD,,
241,AMAYSIM ENERGY PTY LTD,,
242,Commander (M2 Energy Pty Ltd ),,
243,Dodo Power & Gas Pty Ltd,,
244,ERM Business Power ( ERM Power Retail Pty Ltd ),,
245,Flow Power (PROGRESSIVE GREEN PTY LTD),,
246,GLOBIRD ENERGY PTY. LTD. ,,
247,VICTORIA ELECTRICITY PTY LIMITED,2002-09-02,2010-06-23
248,LUMO ENERGY AUSTRALIA PTY LTD,,
249,Momentum Energy Pty Limited,2002-07-08,2020-11-24
250,PEOPLE ENERGY PTY LTD,,
251,AUSTRALIAN ENERGY SERVICES PTY. LTD.,,
252,Powerdirect  Pty Ltd,2004-05-26,2021-08-23
253,Powershop Australia Pty Limited,,
254,Qenergy Pty Ltd,2006-07-01,2011-05-27
255,QENERGY LIMITED,2011-05-27,2021-08-23
256,CONTACT AVALANCHE LIMITED,2004-01-16,2004-06-15
257,RED ENERGY LIMITED,2004-06-15,2005-07-08
258,RED ENERGY PTY. LIMITED,,
259,Energy Australia Pty Limited & I Power Pty Ltd,,
260,IPOWER 2 PTY LIMITED & IPOWER PTY LIMITED,,
261,Simply Energy,,
262,ENERGYAUSTRALIA PTY LIMITED,,
263,IPOWER 2 PTY LIMITED,,
264,SIMPLY ENERGY SOLUTIONS PTY LTD,,
265,SPARQ PTY LTD,2014-09-24,2017-10-26
266,SUMO POWER PTY LTD,2017-10-26,2020-11-24
267,Chow Tai Fook Enterprises (CTFE),1929-01-01,2020-11-24
268,PIONEER SAIL AUSTRALIA PTY LIMITED,2017-03-08,2021-08-23
269,STATE OF VICTORIA - PARLIAMENT OF VICTORIA,1999-11-01,2020-11-24
270,ACT Government (ACT GOVERNMENT EXECUTIVE UNIT),1999-11-01,2021-08-23
271,PUBLIC TRUSTEE FOR THE AUSTRALIAN CAPITAL TERRITORY,,
272,PUBLIC TRUSTEE AND GUARDIAN,2016-04-05,2021-08-23
273,NSW Government (THE LEGISLATURE NSW PARLIAMENT HOUSE),,
274,NSW Government (THE LEGISLATURE),,
275,DEPARTMENT OF PREMIER AND CABINET NSW,1999-11-01,2021-08-23
276,DEPARTMENT OF PREMIER AND CABINET VIC,1999-11-01,2020-11-24
277,ENVIRONMENT AUSTRALIA,,
279,DEPARTMENT OF THE ENVIRONMENT AND WATER RESOURCES,2007-03-08,2007-12-10
280,DEPARTMENT OF THE ENVIRONMENT WATER HERITAGE AND THE ARTS,2007-12-10,2010-09-14
281,DEPARTMENT OF SUSTAINABILITY ENVIRONMENT WATER POPULATION AND COMMUNITIES,2010-09-14,2013-09-27
282,DEPARTMENT OF THE ENVIRONMENT,,
284,DEPARTMENT OF THE ENVIRONMENT AND ENERGY,,
285,GOVERNOR OF SA,,
286,OSAKA GAS AUSTRALIA PTY LTD,,
287,OSAKA GAS ENERGY OCEANIA PTY LTD,,
289,APA group (Business name of AUSTRALIAN PIPELINE LIMITED),,
290,AUSTRALIAN PIPELINE TRUST,,
291,BHP LIMITED,,
292,BHP BILLITON LIMITED,,
294,BHP GROUP LIMITED,,
295,BHP FINANCE LIMITED,,
296,ESSO AUSTRALIA LTD (Exxon Mobil),,
297,ESSO AUSTRALIA PTY LTD (Exxon Mobil),,
298,MITSUI & CO LTD,1999-11-01,2020-11-24
299,MITSUI & CO. (AUSTRALIA) LTD.,,
300,H.R.L. MORRISON & CO (AUSTRALIA) NO 1 PTY LIMITED,,
301,HRL MORRISON & CO (AUSTRALIA) PTY LTD,,
302,MORRISON & CO ADVISORY SERVICES PTY LIMITED,,
303,Skyfirst Power SDN. BHD. (part of Malakoff Corporation Berhad group),2013-04-01,2020-11-24
304,WIND MACARTHUR HOLDINGS (T) PTY LIMITED,2013-06-05,2020-11-24
305,WIND MACARTHUR HOLDINGS (T) PTY LIMITED,,
306,WIND MACARTHUR (T) PTY LIMITED,,
307,WIND MACARTHUR FINCO PTY LIMITED,,
308,MALAKOFF HOLDINGS PTY LTD,2013-06-07,2020-11-24
309,MALAKOFF HOLDINGS PTY LTD,,
310,MALAKOFF WIND MACARTHUR HOLDINGS PTY LIMITED,,
311,Three River Holdings Pty Limited,,
312,MERIDIAN ENERGY AUSTRALIA PTY LIMITED,,
313,MALAKOFF WIND MACARTHUR PTY LIMITED ,2013-06-28,2021-08-23
314,MERIDIAN WIND MACARTHUR PTY LIMITED,2013-02-21,2013-06-28
315,Three River Australia Pty Limited,,
316,DEUTSCHE LIFE LIMITED,2000-05-29,2000-06-22
317,CHALLENGER LIFE NO. 2 LIMITED,,
318,CHALLENGER LIFE COMPANY LIMITED,,
319,RES AUSTRALIA PTY LTD,,
320,GE SMALLWORLD (AUSTRALIA) PTY LTD,,
321,GE ENERGY AUSTRALIA PTY LTD,,
322,DOWNER EDI LIMITED,2000-05-29,2021-08-23
323,"Partners Group Private Markets (Australia) Pty. Ltd., Australia",2018-07-01,2021-08-23
324,OPTrust (The Trustee for OP Trust),2019-02-14,2021-08-23
325,Energy Infrastructure Trust (Infrastructure Capital Group),2005-04-01,2020-11-24
326,BABCOCK & BROWN WIND PARTNERS LIMITED,,
327,INFIGEN ENERGY LIMITED,,
328,EURUS ENERGY AUSTRALIA DEVELOPMENT PTY LTD,,
329,EURUS ENERGY AUSTRALIA PTY LTD (Eurus Technical Service Corporation),,
330,TOYOTA TSUSHO (AUSTRALASIA) PTY LTD,,
331,TOYOTA TSUSHO (AUSTRALASIA) PTY LIMITED,,
332,TOYOTA TSUSHO (AUSTRALASIA) PTY. LIMITED,,
333,Tokyo Electric Power Company ( TEPCO Australia Pty Ltd),,
334,TRANSFIELD SERVICES INFRASTRUCTURE LIMITED,2008-11-20,2011-07-15
335,RATCH - AUSTRALIA CORPORATION LIMITED,,
336,RATCH - AUSTRALIA CORPORATION PTY LTD (Ratchaburi Electricity Generation),,
337,FERROVIAL SERVICES AUSTRALIA PTY LTD,,
338,NEOEN AUSTRALIA PTY. LTD.,,
339,NATIONAL ELECTRICITY MARKET MANAGEMENT COMPANY LIMITED,,
340,AEMO (Australian Energy Market Operator),,
341,COAG Energy Council,,
342,AER (Australian Energy Regulator),2005-07-01,2020-11-24
343,ACCC (Australian Compettition and Consumer Commission),1999-11-01,2021-08-23
344,AEMC (Australian Energy Market Commission),2004-06-02,2021-08-23
345,Energy Networks Australia (ENA) - Energy Networks Association Limited,,
346,Energy Consumers Australia (ECA) - ENERGY CONSUMERS AUSTRALIA LIMITED,,
347,Infratil Energy Australia Pty Ltd,,
348,LUMO GENERATION SA PTY LTD,,
349,SELLICKS HILL WIND FARM PTY LTD,2002-07-08,2014-06-23
350,GSP Energy Pty Ltd ,2014-06-23,2021-08-23
351,Industry Funds Management - INDUSTRY FUNDS MANAGEMENT PTY LTD,2004-03-01,2013-10-18
352,IFM INVESTORS PTY LTD,,
353,Mt Mercer Windfarm Pty Ltd,,
354,PACIFIC HYDRO PTY LTD,2000-02-15,2020-11-24
355,TXU (NO. 15) PTY LTD,,
356,DATA AND MEASUREMENT SOLUTIONS PTY LTD,,
357,SELECT SOLUTIONS GROUP PTY LTD,,
358,MONDO POWER PTY LTD,,
359,State Grid Corporation of China,2013-07-09,2021-08-23
360,CK Group (CK Asset Holdings Limited(CKA)) - CK HK HOLDINGS PTY. LTD.,2015-08-25,2021-08-23
361,CKI UTILITIES HOLDINGS LIMITED,,
362,SPARK INFRASTRUCTURE SA (NO1) PTY LIMITED,2019-09-13,2021-08-23
363,Spark Infrastructure Holdings No. 1 Limited,,
364,SPARK INFRASTRUCTURE HOLDINGS NO. 1 PTY LIMITED - Spark Infrastructure,,
365,TRANSMISSION OPERATIONS (AUSTRALIA) 2 PTY LTD,,
366,Australian Gas Networks (Vic) Pty Ltd,2000-05-17,2021-08-23
367,Power Asset Holdings Limited (PAH) - owner of Australian Gas Networks and other infrastructure,,
368,HSBC Custody Nominees Limited - HSBC CUSTODY NOMINEES (AUSTRALIA) LIMITED,,
369,JP Morgan - J.P. MORGAN AUSTRALIA LIMITED,,
370,J.P. MORGAN SECURITIES LLC,2015-02-01,2020-11-24
371,BALLARAT HEALTH SERVICES (Ballarat Base Hospital),,
372,Select Harvests Limited,,
373,ASX (Australian Securities Exchange) - ASX FUTURES EXCHANGE PTY LIMITED,,
374,ASX LIMITED,,
375,INTERNATIONAL POWER (AUSTRALIA) PTY LTD,2002-08-23,2021-08-23
376,GDF SUEZ Australian Energy Pty Ltd - GDFSAE,,
377,GDF SUEZ  S.A,,
378,ENGIE SERVICES AUSTRALIA PTY LIMITED,2016-04-27,2020-11-24
379,Australian Energy Foundation,2019-09-04,2020-11-24
380,Ararat Wind Farm Pty Ltd,,
381,Bayswood Timber - BAYSWOOD TIMBER WHOLESALERS PTY. LTD. ,,
382,Berrybank Development Pty Ltd,,
383,Bulgana Wind Farm Pty Ltd,,
384,Cedar Meats - CEDAR MEATS (AUST) PTY. LIMITED - Cedar Meats Trust,,
385,Chepstowe Wind Farm Pty Ltd,,
386,Cherry Tree Wind Farm Pty Limited A.T.F. Cherry Tree Project Trust,,
387,Cogent Energy Pty Ltd,,
388,Cohuna Solar Farm Pty. Ltd,,
389,Coonooer Bridge Wind Farm Pty Ltd,,
390,Diamond Energy Pty Ltd,,
391,DIAMOND ENERGY GENERATION PTY LTD,,
392,DIAMOND ENERGY RETAIL PTY. LTD.,,
393,DIAMOND ENERGY SOLUTIONS PTY. LTD. ,,
394,EDL LFG Vic Pty Ltd,,
395,CLP AUSTRALIA HOLDINGS PTY LTD ,,
396,TRUENERGY HOLDINGS PTY LTD,,
397,EnergyAustralia Holdings Pty Ltd,,
398,Energy Pacific Vic Pty Ltd,,
399,Foresight Solar Australia Pty Ltd,,
400,Future Energy Pty Ltd,,
401,FEZERO PTY LTD,,
402,Gannawarra Solar Farm Pty Ltd,,
403,Goldwind Australia Pty Ltd,,
404,GreenPower Accredited Renewable Energy,1997-01-01,2020-11-24
405,Hepburn Community Wind Park Co-operative Limited,2007-10-01,2020-11-24
406,EDISON MISSION ENERGY AUSTRALIA LTD & MISSION VICTORIA,,
407,LATROBE POWER PARTNERSHIP,,
408,EDISON MISSION ENERGY AUSTRALIA LIMITED & LABTROBE POWER PTY LTD & MISSION ENERGY VENTURES AUSTRALIA PTY LTD & TRARALGON POWER PTY LTD,,
409,IPM AUSTRALIA LIMITED IPM VENTURES AUSTRALIA PTY LTD,,
410,IPM AUSTRALIA LIMITED & IPM VENTURES AUSTRALIA PTY LTD & LATROBE POWER PTY. LTD. & TRARALGON POWER PTY. LTD,,
411,IPM AUSTRALIA LIMITED & OTHERS,,
412,Kiata Wind Farm Pty Ltd,,
413,LANDFILL MANAGEMENT SERVICES PTY LTD,,
414,LMS GENERATION PTY LTD,,
415,LMS ENERGY Pty Ltd,,
416,Melbourne Water,,
417,Mortons Lane Windfarm Pty Ltd,,
418,WestWind Energy Pty Ltd,,
419,The Trustee for the Murra Warra Project Trust,,
420,The Trustee for the Murra Warra II Project Trust,,
421,The Trustee for the Murra Warra Project Hold Trust,,
422,The Trustee for Murra Warra II Project Hold Trust ,,
423,Oaklands Hill Wind farm pty ltd,,
424,Origin Energy Power Limited,,
425,ORIGIN ENERGY LIMITED,,
426,ORIGIN FUTURE ENERGY PTY LIMITED,,
427,BORAL ENERGY HOLDINGS LIMITED,,
428,ORIGIN ENERGY HOLDINGS PTY LIMITED,,
429,ORIGIN ENERGY DARLING DOWNS SOLAR FARM PTY LTD,,
430,DARLING DOWNS SOLAR FARM PTY LTD,,
431,ORIGIN ENERGY METERING COORDINATOR PTY LTD,,
432,Element Partners Pty Ltd,,
433,Overland Sun Farming Pty Ltd,,
434,Pacific Hydro Challicum Hills Pty Ltd,,
435,Pacific Hydro Portland Wind Farm Pty Ltd,,
436,Pyrenees Wind Energy Developments,,
437,Snowy Hydro Limited,,
438,Solar PowerStations Victoria Pty Ltd,,
439,South East Water Corporation,,
440,SOUTH EAST WATER LIMITED,,
441,THEWHITELIGHT ORGANISATION PTY LTD,,
442,TODAE ENVIRONMENTAL PTY LTD,,
443,TODAE SOLAR PTY LTD,,
444,TILT RENEWABLES AUSTRALIA PTY LTD,,
445,KIAMAL SOLAR FARM PTY LTD,,
446,TOTAL EREN AUSTRALIA PTY LTD,,
447,LOCAL AUTHORITIES SUPER PTY LTD,,
448,VISION SUPER PTY LTD,,
449,Westwind Energy Pty Ltd/Northleaf /InfraRed/Macquarie Capital,,
450,Winton Asset Trust Fotowatio Renewable Ventures - The Trustee for Winton Asset Trust,,
451,BENALLA SUSTAINABLE FUTURE GROUP INC.,,
452,Benalla District Environment Group Inc.,,
453,IRONSTONE CAPITAL PTY. LTD. - Woolsthorpe Wind Farm Pty Ltd,,
454,ENERFIN ENERGY SERVICES PTY LTD - Woolsthorpe Wind Farm Pty Ltd,,
455,LOY YANG POWER MANAGEMENT PTY LTD,,
456,HORIZON ENERGY MANAGEMENT PTY. LTD,,
457,AGL LOY YANG PTY LTD,2012-03-04,2020-11-24
458,AGL Hydro Partnership ,,
459,TRUENERGY PTY LTD,2000-04-27,2012-11-03
460,ENERGYAUSTRALIA PTY LTD,,
461,TRUENERGY YALLOURN PTY LTD,2000-02-24,2012-10-03
462,ENERGYAUSTRALIA YALLOURN PTY LTD,2012-10-03,2020-11-24
463,TXU ELECTRICITY LTD,,
464,TXU ELECTRICITY LIMITED,2000-10-10,2000-11-09
465,TXU ELECTRICITY LTD,2000-05-11,2000-10-10
466,TXU ELECTRICITY LIMITED,,
467,SPI ELECTRICITY PTY LTD,2004-08-30,2014-08-04
468,AUSNET ELECTRICITY SERVICES PTY LTD,,
469,GPU POWERNET PTY LTD,,
470,SPI POWERNET PTY LIMITED,,
471,SPI POWERNET PTY LTD,,
472,AUSNET TRANSMISSION GROUP PTY LTD,,
473,CitiPower Pty Ltd,2000-02-24,2020-11-24
474,AGL Electricity,,
475,AGL Electricity Ltd,,
476,Alinta AE Ltd,2007-05-24,2008-08-04
477,Jemena Electricity Networks (Vic) Ltd,2008-08-04,2020-11-24
478,UNITED ENERGY LIMITED,2000-03-07,2000-06-01
479,UNITED ENERGY LTD,,
480,UNITED ENERGY DISTRIBUTION PTY LIMITED,,
481,Meridian Renewables Pty Limited,,
482,MERIDIAN ENERGY AUSTRALIA PTY LIMITED,2008-08-18,2010-10-27
483,Meridian Wind Australia Pty Ltd,2009-03-01,2012-01-25
484,MERIDIAN ENERGY MARKETS PTY LTD,,
485,TE MAUNGA POWER AUSTRALIA HOLDINGS PTY LTD,,
486,CLP Group Pty Ltd,,
487,CRH Holdings Pty Limited,,
488,AGL GAS DEVELOPMENTS PTY LIMITED,2005-09-13,2006-03-02
489,AGL ENERGY LIMITED,,
490,ALINTAAGL PTY LTD,,
491,ALINTA PTY LIMITED,,
492,VenCorp,,
493,Victorian Power Exchange,,
494,Enel Green Power Australia Pty Ltd,,
495,WINDLAB SYSTEMS PTY LTD,,
496,WINDLAB LIMITED,,
497,ENERGY DEVELOPMENTS LTD,,
498,ENERGY DEVELOPMENTS LIMITED,,
499,WIRSOL ENERGY PTY LIMITED,,
500,EDIFY ENERGY PTY. LTD.,,
501,Department of Planning,,
502,DEPARTMENT OF PLANNING AND INFRASTRUCTURE,,
503,PLANNING AND INFRASTRUCTURE,,
504,Department of Planning and Environment,,
505,IPM AUSTRALIA LIMITED,,
506,LYB AUSTRALIA LIMITED,,
507,LAING GROUP PTY. LTD. (John Laing Group),,
508,State Power Investment Corporation (SPIC) ,,
509,State Power Investment Overseas of China (SPIC Overseas),2016-01-06,2020-11-24
510,Pacific Hydro Investments Pty Ltd,,
511,Pacific Hydro Investments Pty. Ltd.,,
512,PACIFIC HYDRO INTERNATIONAL PTY. LTD.,2000-02-24,2020-11-24
513,"Singapore Power International Pte Ltd,",2000-07-01,2020-11-24
514,SP Group Pty Ltd,2003-07-10,2021-08-23
515,Impact Investment Group Pty Ltd,2009-10-13,2020-11-24
516,SMALL GIANTS HOLDINGS PTY LTD,2014-11-12,2020-11-24
518,Pacific Hydro Retail Pty Ltd,2012-03-14,2016-11-05
519,TANGO ENERGY PTY LTD,2016-11-05,2020-11-24
520,SPI (Australia) Assets Pty Ltd,,
521,SGSP (AUSTRALIA) ASSETS PTY LTD,2014-01-03,2020-11-24
522,SGSP (AUSTRALIA) ASSETS PTY LTD,,
523,MERIDIAN ENERGY AUSTRALIA PTY LIMITED,2010-10-27,2020-11-24
525,LYB OPERATIONS & MAINTENANCE PTY LTD,2018-03-07,2020-11-24
526,,,
527,Edison Mission Operation & Maintenance Loy Yang Pty Ltd,2000-05-05,2005-02-04
528,,,
529,IPM OPERATION & MAINTENANCE LOY YANG PTY LTD,2005-02-04,2018-03-07
530,Millmerran Investment Company V Pte Ltd,1999-07-05,2020-11-24
532,Millmerran Investment Company VI Pte Ltd,1999-07-05,2020-11-24
533,Malakoff Wind Macarthur Pty Ltd,2007-03-16,2020-11-24
534,,,
535,,,
536,,,
537,,,
539,,,
540,,,
541,Australia and New Zealand Banking Group Limited,1999-11-01,2020-11-24
542,,,
543,,,
544,,,
546,,,
547,,,
548,,,
549,Pacific Hydro Yaloak South Pty Ltd,2016-05-06,2020-11-24
550,Monash University,1999-11-01,2020-11-24
551,GSP Energy Pty Ltd,2014-06-23,2020-11-24
553,Bald Hills Wind Farm Pty Ltd,2005-11-23,2020-11-24
554,TILT RENEWABLES AUSTRALIA PTY LTD,2016-08-27,2020-11-24
555,TE MAUNGA POWER AUSTRALIA HOLDINGS PTY LTD,2002-07-08,2002-11-15
556,TRUSTPOWER AUSTRALIA HOLDINGS PTY LTD,2002-11-15,2016-08-27
557,Commander (M2 Energy Pty Ltd),2014-01-31,2020-11-24
558,Dodo Power & Gas Pty Ltd,2006-12-20,2014-01-31
560,Yorke Peninsula Wind Farm Project Pty Ltd,2009-08-19,2020-11-24
561,Cohuna Solar Farm Pty. Ltd,2018-01-25,2020-11-24
562,TOTAL EREN AUSTRALIA PTY LTD,2019-06-14,2020-11-24
563,KIAMAL SOLAR FARM PTY LTD,2017-07-01,2019-06-14
564,Pacific Hydro Investments Pty. Ltd.,2000-05-29,2020-11-24
565,Pacific Hydro Investments Pty Ltd,2000-03-10,2000-05-29
567,Energy Pacific Vic Pty Ltd,2000-03-02,2020-11-24
568,Foresight Solar Australia Pty Ltd,2016-03-21,2020-11-24
569,PEOPLE ENERGY PTY LTD,2012-08-15,2020-11-24
570,TRANSMISSION OPERATIONS (AUSTRALIA) PTY LTD,2012-07-17,2020-11-24
571,ST. VINCENT'S HOSPITAL (MELBOURNE) LIMITED,1999-11-01,2020-11-24
572,Willogoleche Power Pty Limited,2009-01-01,2020-11-24
574,DIAMOND ENERGY RETAIL PTY. LTD.,2011-04-01,2020-11-24
575,TOYOTA TSUSHO (AUSTRALASIA) PTY LIMITED,1999-11-25,2000-02-29
576,TOYOTA TSUSHO (AUSTRALASIA) PTY LTD,2000-02-29,2000-05-30
577,TOYOTA TSUSHO (AUSTRALASIA) PTY. LIMITED,2000-05-30,2020-11-24
578,WANGARATTA SOLAR FARM PTY LTD,2015-10-08,2020-11-24
579,Flow Power (PROGRESSIVE GREEN PTY LTD),2008-03-14,2020-11-24
581,FEZERO PTY LTD,2017-11-04,2020-11-24
582,Future Energy Pty Ltd,2008-10-07,2017-11-04
583,BHP Billiton Petroleum Bass Strait Pty Ltd,1999-11-01,2020-11-24
584,SYMEX HOLDINGS LIMITED,2000-03-01,2012-12-14
585,PENTAL LIMITED,2012-12-14,2020-11-24
586,Bulgana Wind Farm Pty Ltd,2013-02-04,2020-11-24
588,VISY PULP AND PAPER PTY. LTD.,2000-04-06,2020-11-24
589,Mt Gellibrand Wind Farm Pty Ltd,2007-05-25,2020-11-24
590,Pyrenees Wind Energy Developments,2001-10-01,2020-11-24
591,TARALGA WIND FARM NOMINEES NO 2 PTY LTD,2012-10-31,2020-11-24
592,Pacific Hydro Haughton Solar Farm Pty Ltd,2017-02-06,2020-11-24
593,Canadian Solar O&M Australia Pty Ltd,2017-07-04,2020-11-24
595,COFELY AUSTRALIA PTY LIMITED,2011-05-13,2016-04-27
596,DIAMOND ENERGY GENERATION PTY LTD,2005-11-18,2020-11-24
597,TELSTRA ENERGY (GENERATION) PTY LTD,2016-07-15,2020-11-24
598,TELSTRA CORPORATION LIMITED,1999-11-01,2020-11-24
599,Wattle Point Wind Farm Pty Ltd,2002-06-19,2020-11-24
600,TRANSMISSION OPERATIONS (AUSTRALIA) 2 PTY LTD,2015-05-08,2020-11-24
602,Nexif Energy Australia Management Pty Ltd,2017-05-25,2020-11-24
603,Mecrus Pty Ltd,2000-06-08,2020-11-24
604,Iraak Sun Farm Pty Ltd,2016-04-07,2020-11-24
605,Ballarat Health Services,1999-11-01,2020-11-24
606,MERIDIAN WIND MACARTHUR HOLDINGS PTY LIMITED,2013-06-28,2020-11-24
607,MALAKOFF WIND MACARTHUR HOLDINGS PTY LIMITED,2010-10-27,2013-06-28
609,Three River Holdings Pty Limited,2007-03-16,2008-08-18
610,Hazelwood Power Partnership (Trading as Hazelwood Power) (AUSTRALIAN POWER PARTNERS B V & CISL (HAZELWOOD) PTY Limited& HAZELWOOD INVESTMENT COMPANY PTY Limited& HAZELWOOD PACIFIC PTY Ltd& NATIONAL POWER AUSTRALIA INVESTMENTS LIMITED),2000-04-05,2013-06-18
611,AUSTRALIAN POWER PARTNERS B V & Others,2013-06-18,2020-11-24
612,AMAYSIM ENERGY PTY LTD,2017-09-22,2020-11-24
613,CLICK ENERGY PTY LTD,2005-12-16,2017-09-22
614,Powershop Australia Pty Limited,2012-01-12,2020-11-24
616,ENERGYAUSTRALIA HALLETT PTY LTD,2012-10-03,2020-11-24
617,TRUENERGY HALLETT PTY LTD,2007-05-29,2012-10-03
618,TRUenergy Holdings Pty Ltd,2006-07-11,2007-05-29
619,NovaPower Pty Ltd,2012-06-01,2020-11-24
620,DIAMOND ENERGY SOLUTIONS PTY. LTD. ,2019-07-24,2020-11-24
621,GE SMALLWORLD (AUSTRALIA) PTY LTD,2000-03-18,2006-11-16
623,GE ENERGY AUSTRALIA PTY LTD,2006-11-16,2020-11-24
624,Oakey 1 Asset Company Pty Ltd,2016-11-22,2020-11-24
625,ENERFIN ENERGY SERVICES PTY Ltd- Woolsthorpe Wind Farm Pty Ltd,2018-12-14,2020-11-24
626,ESSO AUSTRALIA Ltd(Exxon Mobil),1999-11-01,2000-04-22
627,ESSO AUSTRALIA PTY Ltd(Exxon Mobil),2000-04-22,2020-11-24
628,THE BROKEN HILL PROPRIETARY COMPANY LIMITED,1999-11-01,2000-11-24
630,BHP LIMITED,2000-11-24,2001-07-16
631,BHP BILLITON LIMITED,2001-07-16,2018-11-19
632,BHP GROUP LIMITED,2018-11-19,2020-11-24
633,Cedar Meats - CEDAR MEATS (AUST) PTY. Limited- Cedar Meats Trust,2000-04-22,2020-11-24
634,Energy Response Pty Ltd(Trading as Energy Response),2004-02-01,2011-09-12
635,Enel X Australia Pty Ltd,2019-03-09,2020-11-24
637,EnerNOC Pty Ltd,2011-09-12,2019-03-09
638,Hughenden Solar Pty Limitedas trustee for Hughenden Solar Trust,2017-07-01,2020-11-24
639,Ross River Operations Pty Ltd as the Trustee for the Ross River Operations Trust,2016-12-08,2020-11-24
640,Chinchilla Solar Pty Ltd,2017-09-01,2020-11-24
641,LOCAL AUTHORITIES SUPER PTY LTD,2000-06-26,2003-11-15
642,VISION SUPER PTY LTD,2003-11-15,2020-11-24
644,Snowtown South Wind Farm Pty Ltd,2012-03-21,2020-11-24
645,Alinta Network Services Pty Ltd,2003-06-01,2006-04-05
646,ALINTA ASSET MANAGEMENT PTY LTD,2006-04-05,2009-06-18
647,JEMENA ASSET MANAGEMENT (6) PTY LTD,2009-06-18,2012-08-02
648,ZNX (2) PTY LTD,2006-04-05,2020-11-24
649,Lincoln Gap Wind Farm Pty Limited,2008-09-23,2020-11-24
651,TARALGA WIND FARM NOMINEES NO 1 PTY LTD,2012-09-20,2020-11-24
652,TILT RENEWABLES LIMITED,2016-09-01,2020-11-24
653,Biosar Australia Pty Ltd,2017-08-01,2020-11-24
654,CLP AUSTRALIA HOLDINGS PTY Ltd,2005-05-27,2007-06-15
655,TRUENERGY HOLDINGS PTY LTD,2007-06-15,2012-10-03
656,EnergyAustralia Holdings Pty Ltd,2012-10-03,2020-11-24
658,Nexif Energy Australia Pty Ltd,2016-03-11,2020-11-24
659,ESCO Pacific Asset Management Pty Ltd,2018-07-01,2020-11-24
660,Meridian Energy Limited,2001-07-01,2020-11-24
661,TEPCO PTY. LTD.,2000-03-01,2020-11-24
662,NATIONAL POWER AUSTRALIA HOLDINGS PTY LTD,2000-05-28,2001-02-08
663,AUSTRALIAN NATIONAL POWER PTY LIMITED,2001-02-08,2002-08-23
665,INTERNATIONAL POWER (AUSTRALIA) PTY LTD (Engie),2002-08-23,2020-11-24
666,WIND MACARTHUR FINCO PTY LIMITED,2013-06-05,2020-11-24
667,RED ENERGY PTY. LIMITED,2005-07-08,2020-11-24
668,Three River Australia Pty Limited,2007-03-16,2013-02-21
669,MALAKOFF WIND MACARTHUR PTY LIMITED,2013-06-28,2020-11-24
670,SPI (Australia) Assets Pty Ltd,2007-07-18,2014-01-03
672,Chepstowe Wind Farm Pty Ltd,2013-12-18,2020-11-24
673,CK Group (CK Asset Holdings Limited(CKA)) - CK HK HOLDINGS PTY. LTD.,2015-08-25,2020-11-24
674,QENOS PTY LTD,2000-03-21,2020-11-24
675,LOY YANG POWER MANAGEMENT PTY LTD,2000-04-08,2012-03-04
676,OVIDA INFRASTRUCTURE PTY LTD,2017-12-19,2020-11-24
677,JEMENA ENERGY ASSETS PTY. LTD.,2016-01-27,2017-12-19
679,Finley Solar Farm Pty Ltd(ABN 89 616 527 621) as trustee for the Finley Solar Trust,2018-08-03,2020-11-24
680,MITSUI & CO. (AUSTRALIA) LTD.,2000-04-12,2020-11-24
681,MALAKOFF AUSTRALIA PTY LTD,2013-06-07,2020-11-24
682,Bungala One Operations Pty Ltd as the Trustee for the Bungala One Operations Trust,2016-08-29,2020-11-24
683,LYB Operations and Maintenance Pty Ltd,2000-05-05,2020-11-24
684,The Trustee for Superman Energy Unit Trust,2014-05-21,2020-11-24
686,LIMONDALE SUN FARM PTY LTD,2017-02-22,2020-11-24
687,IFM INVESTORS PTY LTD,2013-10-18,2020-11-24
688,WIND MACARTHUR (T) PTY LIMITED,2013-06-05,2020-11-24
689,Energy Australia Pty Limited& I Power Pty Ltd,2005-06-01,2007-08-10
690,IPOWER 2 PTY Limited& IPOWER PTY LIMITED,2007-08-10,2010-12-15
691,Simply Energy,2010-12-15,2020-11-24
693,GLOBIRD ENERGY PTY. LTD. ,2014-07-01,2020-11-24
694,EnergyAustralia Tallawarra Pty Ltd,2000-05-29,2020-11-24
695,LUMO ENERGY AUSTRALIA PTY LTD,2010-06-23,2020-11-24
696,UNITED ENERGY LTD,2000-06-01,2004-04-08
697,UNITED ENERGY DISTRIBUTION PTY LIMITED,2004-04-08,2020-11-24
698,WINCONNECT PTY LTD,2005-07-01,2020-11-24
700,TOTAL GAS & POWER ASIA PRIVATE LIMITED,2014-08-01,2020-11-24
701,Moreland Energy Foundation Ltd,2001-08-17,2019-09-04
702,TXU (NO. 15) PTY LTD,2002-02-14,2004-04-08
703,DATA AND MEASUREMENT SOLUTIONS PTY LTD,2004-04-08,2011-11-30
704,SELECT SOLUTIONS GROUP PTY LTD,2011-11-30,2018-10-12
705,MONDO POWER PTY LTD,2018-10-12,2020-11-24
707,Lincoln Gap Wind Farm (Operations) Pty Ltd,2013-06-19,2020-11-24
708,MELBOURNE HEALTH,1999-11-01,2020-11-24
709,Pacific Hydro Portland Wind Farm Pty Ltd,2003-05-01,2020-11-24
710,Energy Networks Australia (ENA) - Energy Networks Association Limited,2003-11-26,2020-11-24
711,ONESUN CAPITAL 10MW OPERATING PTY LTD,2016-06-22,2020-11-24
712,EnergyAustralia NSW Pty Ltd,2013-05-27,2020-11-24
714,CitiPower Pty,2000-04-13,2020-11-24
715,Element Partners Pty Ltd,2011-04-15,2012-09-18
716,Overland Sun Farming Pty Ltd,2012-09-18,2020-11-24
717,Bungala Two Operations Pty Ltd as trustee for The Bungala Two Operations Trust,2016-10-28,2020-11-24
718,SPI POWERNET PTY LIMITED,2000-07-26,2000-10-05
719,SPI POWERNET PTY LTD,2000-10-05,2014-08-04
721,AUSNET TRANSMISSION GROUP PTY LTD,2014-08-04,2020-11-24
722,Energy Brix Australia Corporation Pty Ltd,2000-02-09,2020-11-24
723,Maroona Wind Farm Pty Ltd,2015-02-25,2020-11-24
724,EnergyAustralia Narrabri Gas Pty Ltd,2010-12-01,2020-11-24
725,Benalla District Environment Group Inc.,2005-02-07,2018-05-29
726,BENALLA SUSTAINABLE FUTURE GROUP INC.,2018-05-29,2020-11-24
728,MELBOURNE WATER CORPORATION,1999-11-01,2020-11-24
729,BHP FINANCE LIMITED,1999-11-01,2002-05-09
730,BHP BILLITON FINANCE LIMITED,2002-05-09,2020-11-24
731,AGL Electricity Limited,2000-03-11,2001-05-21
732,AGL Electricity Ltd,2001-05-21,2001-08-17
733,AGL ELECTRICITY LIMITED,2001-08-17,2007-05-24
735,MONASH HEALTH,2000-07-01,2020-11-24
736,Longreach Asset Company Pty Ltd,2016-11-22,2020-11-24
737,SPOTLESS FACILITY SERVICES PTY LTD,2000-04-05,2020-11-24
738,UNIVERSITY OF MELBOURNE,1999-11-01,2020-11-24
739,Snowtown Wind Farm Stage 2 Pty Ltd,2012-02-10,2020-11-24
740,Power Rental Op Co Australia LLC trading as APR Energy,2013-10-27,2020-11-24
742,TIMBOON WEST WIND FARM PTY LTD,2015-09-21,2020-11-24
743,COMMAND ENERGY PTY LIMITED,2000-05-30,2011-05-13
744,Mt Mercer Windfarm Pty Ltd,2006-02-03,2020-11-24
745,Leonards Hill Wind Operations Pty Ltd,2009-12-24,2020-11-24
746,Ararat Wind Farm Pty Ltd,2013-06-21,2020-11-24
747,SIMPLY ENERGY SOLUTIONS PTY LTD,2013-09-03,2020-11-24
749,Select Harvests Limited,2000-03-17,2020-11-24
750,Infratil Energy Australia Pty Ltd,2005-07-14,2014-09-23
751,LUMO GENERATION SA PTY LTD,2014-09-23,2020-11-24
752,Pacific Hydro Challicum Hills Pty Ltd,2002-09-13,2020-11-24
753,Meridian Renewables Pty Limited,2010-05-07,2010-10-27
754,SOUTH EAST WATER LIMITED,1999-11-01,2012-07-02
756,South East Water Corporation,2012-07-02,2020-11-24
757,YAWONG WIND FARM PTY LTD,2017-04-01,2020-11-24
758,WODONGA SOLAR POWER PTY LTD,2017-10-11,2020-11-24
759,AUSNET ELECTRICITY SERVICES PTY LTD,2014-08-04,2020-11-24
760,HALLETT HILL PTY LIMITED,2007-10-30,2020-11-24
761,Solar PowerStations Victoria Pty Ltd,2014-07-09,2020-11-24
763,NATIONAL ELECTRICITY MARKET MANAGEMENT COMPANY LIMITED,2000-05-02,2009-07-01
764,AEMO (Australian Energy Market Operator),2009-07-01,2020-11-24
765,WestWind Energy Pty Ltd,2004-07-08,2020-11-24
766,Salt Creek Wind Farm Pty Ltd,2009-07-01,2020-11-24
767,Diamond Energy Pty Ltd,2004-01-05,2020-11-24
768,SIMPLOT AUSTRALIA PTY LIMITED,2000-03-24,2020-11-24
770,Acciona Energy Oceania Pty Ltd,2002-10-01,2020-11-24
771,ENERGYAUSTRALIA PTY LTD,2012-11-03,2020-11-24
772,Enercon GmbH,2000-10-01,2020-11-24
773,Basslink Pty Ltd,2000-07-01,2020-11-24
774,COAG Energy Council,1992-01-01,2020-11-24
775,State Power Investment Corporation (SPIC) ,2015-01-01,2020-11-24
777,Woolsthorpe Wind Farm Pty Ltd (104022237),2003-03-25,2020-11-24
778,GDF SUEZ  S.A,2008-07-22,2015-04-24
779,Keppel Corporation Limited,1968-09-01,2020-11-24
780,Keppel Infrastructure Fund Management Pte Ltd(KIFM),2015-01-01,2020-11-24
781,Keppel Infrastructure Holdings Pte. Ltd.,2015-01-01,2020-11-24
782,Power Asset Holdings Limited(PAH) - owner of Australian Gas Networks and other infrastructure,2014-10-23,2020-11-24
784,METROPOLIS METERING SERVICES PTY LTD,2005-10-17,2020-11-24
