Time (Month),Consumption (KWh) per household,Avg Tariff (c/KWh) per household,Wholesale ($/MWh),GHG Emissions (tCO2-e) per household,Number of Domestic Consumers (households),Percentage Renewable Production,System Production Primary Spot,System Production Secondary Spot,System Production Off Spot,System Production Rooftop PV,System Production Coal,System Production Water,System Production Wind,System Production Gas,System Production Solar,System Production Battery,Number of Active Actors,Primary Total Unmet Demand (MWh),Primary Total Unmet Demand (Hours),Primary Total Unmet Demand (Days),Primary Max Unmet Demand Per Hour (MWh),Secondary Total Unmet Demand (MWh),Secondary Total Unmet Demand (Hours),Secondary Total Unmet Demand (Days),Secondary Max Unmet Demand Per Hour (MWh)
1998-01-01,610.3592529454197,29.58300018310547,0.0,0.7087503024373654,1637203.0,0.0,0.0,0.0,0.0,0.0,0.0,0.0,0.0,0.0,0.0,0.0,16.0,0.0,0.0,0.0,0.0,0.0,0.0,0.0,0.0
1998-02-01,626.0277882472619,29.58300018310547,0.0,0.7269447149012623,1639686.0,0.0,0.0,0.0,0.0,0.0,0.0,0.0,0.0,0.0,0.0,0.0,16.0,0.0,0.0,0.0,0.0,0.0,0.0,0.0,0.0
1998-03-01,612.8047722250268,29.58300018310547,0.0,0.7115899656152457,1642169.0,0.0,0.0,0.0,0.0,0.0,0.0,0.0,0.0,0.0,0.0,0.0,16.0,0.0,0.0,0.0,0.0,0.0,0.0,0.0,0.0
1998-04-01,584.5491933855916,29.58300018310547,0.0,0.6787795384023693,1644652.0,0.0,0.0,0.0,0.0,0.0,0.0,0.0,0.0,0.0,0.0,0.0,16.0,0.0,0.0,0.0,0.0,0.0,0.0,0.0,0.0
1998-05-01,607.0540666065623,29.58300018310547,0.0,0.7049122362652281,1647135.0,0.0,0.0,0.0,0.0,0.0,0.0,0.0,0.0,0.0,0.0,0.0,16.0,0.0,0.0,0.0,0.0,0.0,0.0,0.0,0.0
1998-06-01,608.7372955435743,29.58300018310547,0.0,0.7068668046297552,1649618.0,0.0,0.0,0.0,0.0,0.0,0.0,0.0,0.0,0.0,0.0,0.0,16.0,0.0,0.0,0.0,0.0,0.0,0.0,0.0,0.0
1998-07-01,636.9471357985983,29.58300018310547,0.0,0.7353672994889504,1652101.0,0.0,0.0,0.0,0.0,0.0,0.0,0.0,0.0,0.0,0.0,0.0,13.0,0.0,0.0,0.0,0.0,0.0,0.0,0.0,0.0
1998-08-01,636.9232387113619,29.58300018310547,0.0,0.7353397908423476,1654584.0,0.0,0.0,0.0,0.0,0.0,0.0,0.0,0.0,0.0,0.0,0.0,13.0,0.0,0.0,0.0,0.0,0.0,0.0,0.0,0.0
1998-09-01,596.4454062509241,29.58300018310547,0.0,0.6886073762495991,1657067.0,0.0,0.0,0.0,0.0,0.0,0.0,0.0,0.0,0.0,0.0,0.0,13.0,0.0,0.0,0.0,0.0,0.0,0.0,0.0,0.0
1998-10-01,594.3906480672472,29.58300018310547,0.0,0.6862351194984189,1659550.0,0.0,0.0,0.0,0.0,0.0,0.0,0.0,0.0,0.0,0.0,0.0,13.0,0.0,0.0,0.0,0.0,0.0,0.0,0.0,0.0
1998-11-01,568.6367238195631,29.58300018310547,0.0,0.6565016600022237,1662033.0,0.0,0.0,0.0,0.0,0.0,0.0,0.0,0.0,0.0,0.0,0.0,13.0,0.0,0.0,0.0,0.0,0.0,0.0,0.0,0.0
1998-12-01,593.1670227261258,29.58300018310547,0.0,0.6848224211578308,1664516.0,0.0,0.0,0.0,0.0,0.0,0.0,0.0,0.0,0.0,0.0,0.0,13.0,0.0,0.0,0.0,0.0,0.0,0.0,0.0,0.0
1999-01-01,605.3395320935813,29.736000061035156,11.396997451782227,0.7821178457025497,1667000.0,0.023736528596379654,3325630.4730548314,0.0,37689.55199999994,0.0,3306707.0518667293,40346.501523529994,0.0,12128.343664571285,0.0,0.0,12.0,349.97103891761617,3.0,1.0,184.6858821444116,0.0,0.0,0.0,0.0
1999-02-01,633.7418410282461,29.736000061035156,29.74370574951172,0.8007809737446312,1669328.0,0.06022149408096245,3458633.7148568714,0.0,34042.17600000003,0.0,3349845.6789624346,108316.0124397596,0.0,30776.535454677192,0.0,0.0,12.0,33734.073791562434,65.0,9.0,1339.6796252918161,0.0,0.0,0.0,0.0
1999-03-01,604.2529084931349,29.736000061035156,6.460788249969482,0.7838360820886022,1671656.0,0.016574904693893094,3333399.528221652,0.0,37740.20999999994,0.0,3328488.6448449874,28137.003376664255,0.0,10370.399999999767,0.0,0.0,12.0,0.0,0.0,0.0,0.0,0.0,0.0,0.0,0.0
1999-04-01,597.9322383009635,29.736000061035156,11.982610702514648,0.7666931098503208,1673984.0,0.03838368237531223,3302022.3773344336,0.0,36473.759999999966,0.0,3257528.971352564,65247.24604240995,0.0,11715.27993945944,0.0,0.0,12.0,87.15544285587839,3.0,3.0,35.795097987575446,0.0,0.0,0.0,0.0
1999-05-01,633.9899732269411,29.736000061035156,6.506148815155029,0.8234858763896122,1676312.0,0.01432670041192911,3517433.4743452,0.0,37689.55199999994,0.0,3515007.941494134,25620.476851066105,0.0,10356.479999999769,0.0,0.0,12.0,0.0,0.0,0.0,0.0,0.0,0.0,0.0,0.0
1999-06-01,720.0561168565029,29.736000061035156,33.22703170776367,0.9006393517660245,1678640.0,0.08081208386652085,3992080.6056766813,0.0,36473.759999999966,0.0,3828686.6021447773,169463.4731817203,0.0,26399.650350184056,0.0,0.0,12.0,3581.7447162582407,36.0,16.0,335.9863366236618,0.0,0.0,0.0,0.0
1999-07-01,749.3450202502368,29.736000061035156,35.35504150390625,0.933447037181332,1680968.0,0.08754901208325654,4157795.4557257188,0.0,37689.55199999994,0.0,3970183.732870388,191873.29815858332,0.0,29289.848696747533,0.0,0.0,12.0,3264.938758655647,35.0,17.0,212.43358695510733,0.0,0.0,0.0,0.0
1999-08-01,743.6446115240576,29.736000061035156,28.45171546936035,0.9299497577332217,1683296.0,0.0818136629056604,4133400.1685868697,0.0,37689.55199999994,0.0,3964516.639428418,177727.03639236707,0.0,24707.9167660851,0.0,0.0,12.0,1490.2387881245672,21.0,13.0,155.58710767509183,0.0,0.0,0.0,0.0
1999-09-01,684.7665908885967,29.736000061035156,10.475152969360352,0.8777084991442479,1685624.0,0.04019528890925298,3811056.237851563,0.0,36473.759999999966,0.0,3754191.4211837864,78830.10552765729,0.0,10503.831140118571,0.0,0.0,12.0,0.0,0.0,0.0,0.0,0.0,0.0,0.0,0.0
1999-10-01,682.6633695744903,29.736000061035156,8.837078094482422,0.881234048482063,1687952.0,0.026719628153074052,3803371.1059999964,0.0,37638.893999999935,0.0,3774580.8081875215,51954.06581247525,0.0,10342.55999999977,0.0,0.0,12.0,0.0,0.0,0.0,0.0,0.0,0.0,0.0,0.0
1999-11-01,646.9999053411269,29.736000061035156,9.904553413391113,0.8361574475511447,1690280.0,0.02375668857744183,3608119.9399142982,0.0,36473.759999999966,0.0,3584577.359406394,43764.01429668538,0.0,12247.686211218934,0.0,0.0,11.0,775.8816748967074,5.0,0.0,276.46972557912113,0.0,0.0,0.0,0.0
1999-12-01,671.5299703179945,14.142757415771484,19.307788848876953,0.8555536686316758,1692608.0,0.04768342159656685,3734982.134951652,0.0,37689.55199999994,0.0,3652847.1996563557,92042.74372307719,0.0,23643.61557221932,0.0,0.0,28.0,16118.291173341971,42.0,5.0,1128.8950603794297,0.0,0.0,0.0,0.0
2000-01-01,653.8672346300323,14.142757415771484,14.984926223754883,0.8381165736217008,1694945.0,0.037713760565873014,3652519.6451345375,0.0,37689.55199999994,0.0,3597054.934698906,70843.69188167983,0.0,18172.44255395189,0.0,0.0,28.0,4020.1615382655955,21.0,5.0,467.14375266299294,0.0,0.0,0.0,0.0
2000-02-01,689.5511572348905,14.142757415771484,46.03242874145508,0.8577416354169762,1697365.0,0.08483553097991896,3820101.6228776895,0.0,35257.96799999999,0.0,3634054.3619701467,170608.35873923157,0.0,46825.7181683112,0.0,0.0,28.0,46040.07538793409,108.0,14.0,1147.6979455704682,0.0,0.0,0.0,0.0
2000-03-01,720.0787158375912,14.142757415771484,24.079078674316406,0.9065187441448923,1699785.0,0.06957002894699955,4029510.974725411,0.0,37740.20999999994,0.0,3891188.5830312357,146428.78025180474,0.0,25490.131442370028,0.0,0.0,33.0,20581.81007793178,44.0,5.0,1518.3392488366935,0.0,0.0,0.0,0.0
2000-04-01,643.2251109590208,14.142757415771484,8.264283180236816,0.8247315507604002,1702205.0,0.028543544925668192,3613196.2400000035,0.0,36473.759999999966,0.0,3582859.5405543083,52783.41944569551,0.0,10022.39999999981,0.0,0.0,43.0,0.0,0.0,0.0,0.0,0.0,0.0,0.0,0.0
2000-05-01,746.8862653076189,14.142757415771484,36.232181549072266,0.9224027843840082,1704625.0,0.0908595252064523,4193985.3479848495,0.0,37689.55199999994,0.0,3989739.1980193276,201196.29171703506,0.0,36601.282248486845,0.0,0.0,50.0,17373.905100490567,70.0,17.0,827.7199950274044,0.0,0.0,0.0,0.0
2000-06-01,732.8137219581206,14.142757415771484,53.296993255615234,0.8980652198523975,1707045.0,0.1000566190354766,4117805.675828294,0.0,36473.759999999966,0.0,3878791.6289967448,218565.70479901365,0.0,52917.46203253549,0.0,0.0,57.0,15540.122915305426,95.0,20.0,593.0637891489991,0.0,0.0,0.0,0.0
2000-07-01,742.8938293559681,14.142757415771484,41.291908264160156,0.9171002703608205,1709465.0,0.09001404250752097,4187333.7007674384,0.0,37689.55199999994,0.0,3978861.1645662547,198922.36984767218,0.0,43101.5903535112,0.0,0.0,59.0,8145.909654219743,73.0,19.0,470.0701359636623,0.0,0.0,0.0,0.0
2000-08-01,738.7943699489159,14.142757415771484,32.084781646728516,0.9138274536874255,1711885.0,0.08941070914970721,4177970.0894534374,0.0,37638.893999999935,0.0,3983193.4896753724,197086.36223130883,0.0,31196.56554675632,0.0,0.0,61.0,3243.730619980632,37.0,14.0,304.63753338702463,0.0,0.0,0.0,0.0
2000-09-01,669.4899682378573,14.142757415771484,14.317023277282715,0.8484493446814821,1714305.0,0.049369411920736184,3788311.2398075196,0.0,36473.759999999966,0.0,3709115.880094794,96701.89762979925,0.0,14962.582082926709,0.0,0.0,61.0,914.9857393522393,11.0,9.0,158.63802217484226,0.0,0.0,0.0,0.0
2000-10-01,684.9396379734669,14.142757415771484,9.148133277893066,0.8727616111671294,1716725.0,0.040302284661868054,3881817.0147755756,0.0,37689.55199999994,0.0,3823600.1649583727,80521.75197254858,0.0,11246.521844654495,0.0,0.0,61.0,2.9526105553713933,1.0,1.0,2.9526105553713933,0.0,0.0,0.0,0.0
2000-11-01,657.7246247407868,14.142757415771484,10.722917556762695,0.8343992212167531,1719145.0,0.04795836516360974,3731003.024223437,0.0,36473.759999999966,0.0,3658192.033717426,92462.1525251784,0.0,12817.957980832474,0.0,0.0,62.0,1603.2106984437628,7.0,1.0,439.8340076019199,0.0,0.0,0.0,0.0
2000-12-01,659.8513561788257,19.923521041870117,21.218006134033203,0.8329810927773315,1721565.0,0.05353680504928379,3738702.6508343206,0.0,37689.55199999994,0.0,3643044.56541802,103754.55930770109,0.0,25454.950108599507,0.0,0.0,60.0,10197.605419171563,40.0,6.0,661.3550124459084,0.0,0.0,0.0,0.0
2001-01-01,699.9860208249105,19.923521041870117,29.398502349853516,0.876530214072716,1723993.0,0.06650480105086728,3965426.5947787873,0.0,37689.55199999994,0.0,3827316.551538333,137549.46880148497,0.0,34111.998438970164,0.0,0.0,60.0,19453.79492043425,61.0,10.0,974.2526801485096,0.0,0.0,0.0,0.0
2001-02-01,676.68630745626,19.923521041870117,54.063053131103516,0.8295385067932011,1726509.0,0.09568084249082986,3778722.8536377964,0.0,34042.17600000003,0.0,3554317.7218158776,191381.23248812387,0.0,63328.41133379556,0.0,0.0,60.0,81584.72478567452,146.0,15.0,1697.8068928048333,0.0,0.0,0.0,0.0
2001-03-01,708.1216292419138,19.923521041870117,25.05743408203125,0.8842988930409361,1729025.0,0.07246405509433776,4034086.001872933,0.0,37740.20999999994,0.0,3884250.249473248,152921.02393748163,0.0,30511.248462203992,0.0,0.0,60.0,14536.323170490801,45.0,6.0,810.4015496106135,0.0,0.0,0.0,0.0
2001-04-01,665.5129737037702,19.923521041870117,13.6505708694458,0.8372560804948499,1731541.0,0.05810530970945109,3802825.795447749,0.0,47770.55999999979,0.0,3706998.1918595526,114783.48324817966,0.0,14312.440340016186,0.0,0.0,60.0,296.65487522937065,4.0,3.0,182.5221276305324,0.0,0.0,0.0,0.0
2001-05-01,726.889600514862,19.923521041870117,27.886789321899414,0.8988421223816562,1734057.0,0.08601654133148126,4148818.8159249173,0.0,49362.911999999735,0.0,3966419.25281664,187997.4755669347,0.0,28779.351541342745,0.0,0.0,60.0,3378.1238907260476,28.0,14.0,276.5998976365504,0.0,0.0,0.0,0.0
2001-06-01,695.7755303117116,19.923521041870117,28.213972091674805,0.8618393331258831,1736573.0,0.08065463987665458,3968985.3762218733,0.0,54322.559999999954,0.0,3806109.198870569,165044.17930491632,6552.0000000001655,31100.3180463882,0.0,0.0,60.0,4241.466307528422,40.0,14.0,396.72925713398536,0.0,0.0,0.0,0.0
2001-07-01,727.9845942329576,19.923521041870117,25.76779556274414,0.8970801067025131,1739089.0,0.0913805097462073,4162162.9098431463,0.0,56133.31199999991,0.0,3972939.8741436396,197698.0036021928,6770.400000000174,25902.296097313945,0.0,0.0,60.0,1803.7095045112028,25.0,12.0,136.5365324180948,0.0,0.0,0.0,0.0
2001-08-01,731.0394722109778,19.923521041870117,29.427536010742188,0.8987004648669666,1741605.0,0.09447376826093273,4185652.6791769196,0.0,56133.31199999991,0.0,3983476.841550272,206006.79726579637,6770.400000000174,30546.30436085044,0.0,0.0,60.0,2153.92776839453,26.0,11.0,337.7937176061114,0.0,0.0,0.0,0.0
2001-09-01,660.2397425407985,19.923521041870117,8.679174423217773,0.8355629808271021,1744121.0,0.046650818605768925,3784137.4365820293,0.0,54322.559999999954,0.0,3719136.7132841586,87971.34751697534,6552.0000000001655,10297.695780896041,0.0,0.0,60.0,0.0,0.0,0.0,0.0,0.0,0.0,0.0,0.0
2001-10-01,671.191552680952,19.923521041870117,8.195605278015137,0.8547788126307247,1746637.0,0.03476877240569975,3851702.135609374,0.0,56057.86399999989,0.0,3810249.291682894,65430.66483218461,6761.300000000174,10353.237094295646,0.0,0.0,60.0,0.0,0.0,0.0,0.0,0.0,0.0,0.0,0.0
2001-11-01,640.3333499127864,19.923521041870117,7.905085563659668,0.8150240955215744,1749153.0,0.03526537124791866,3676317.8396093766,0.0,57152.1599999999,0.0,3638186.596266345,63417.612169234715,6552.0000000001655,10811.551173797083,0.0,0.0,61.0,0.0,0.0,0.0,0.0,0.0,0.0,0.0,0.0
2001-12-01,622.6792847278796,16.2337589263916,7.300351619720459,0.7953675313626519,1751669.0,0.027775038971635614,3576702.768000003,0.0,59057.231999999865,0.0,3555285.1031933283,47558.848806675065,6770.400000000174,11159.999999999758,0.0,0.0,61.0,0.0,0.0,0.0,0.0,0.0,0.0,0.0,0.0
2002-01-01,647.1263928801286,16.2337589263916,10.254124641418457,0.8221465176599178,1754189.0,0.03788543592792365,3723909.0700308774,0.0,59057.231999999865,0.0,3678452.3659631573,69303.38938198073,6770.400000000174,13454.498685739214,0.0,0.0,61.0,973.6903519387861,5.0,1.0,283.87193468223677,0.0,0.0,0.0,0.0
2002-02-01,615.754039957235,16.2337589263916,25.93276596069336,0.7691913290359936,1756578.0,0.06531329231102716,3535891.8123833993,0.0,53342.015999999996,0.0,3425055.7286372404,117551.55715791888,6115.200000000148,26975.918588239652,0.0,0.0,61.0,16166.128843161845,45.0,7.0,909.7993688268048,0.0,0.0,0.0,0.0
2002-03-01,661.6531179948231,16.2337589263916,14.688248634338379,0.8345275412844473,1758967.0,0.05036461924177974,3822873.436945001,0.0,59136.609999999855,0.0,3745280.218237636,96418.38615704124,6779.500000000175,18526.152550323495,0.0,0.0,62.0,2314.1213467202006,16.0,4.0,311.87773833467645,0.0,0.0,0.0,0.0
2002-04-01,640.7478102098611,16.2337589263916,8.596383094787598,0.8107164573111976,1761356.0,0.04650280931265708,3704797.8392187525,0.0,57152.1599999999,0.0,3644189.235067655,85853.64205058453,6552.0000000001655,10852.882100514516,0.0,0.0,62.0,0.0,0.0,0.0,0.0,0.0,0.0,0.0,0.0
2002-05-01,701.8888784943401,16.2337589263916,24.1397762298584,0.8708271535973431,1763745.0,0.07948352579176814,4066747.102156872,0.0,59057.231999999865,0.0,3913353.6913541583,166607.24725016806,6770.400000000174,24087.347552544954,0.0,0.0,62.0,705.6167220360976,12.0,7.0,125.3813040318787,0.0,0.0,0.0,0.0
2002-06-01,713.1576652734165,16.2337589263916,50.928646087646484,0.8660047650791635,1766134.0,0.10604528766033464,4121516.8290325245,0.0,66545.99999999991,0.0,3871513.969926589,226129.99157323994,14112.000000000166,59970.787532695904,0.0,0.0,62.0,10376.461980440738,64.0,18.0,619.5245070290866,0.0,0.0,0.0,0.0
2002-07-01,761.0944273837547,16.2337589263916,64.48645782470703,0.9107906626364184,1768523.0,0.12426861816823478,4396377.833802651,0.0,70566.7631999999,0.0,4057231.6276677563,286926.42499579355,14582.400000000174,89520.96513910113,0.0,0.0,63.0,19764.65326393285,123.0,21.0,573.1581779401781,0.0,0.0,0.0,0.0
2002-08-01,747.804521060335,16.2337589263916,47.383155822753906,0.901812844805492,1770912.0,0.11668498899517936,4336248.75963448,0.0,70566.7631999999,0.0,4044620.8246734748,264133.6002313141,14582.400000000174,64795.51872969421,0.0,0.0,66.0,7503.854736742639,66.0,19.0,519.9196448249618,0.0,0.0,0.0,0.0
2002-09-01,685.9461535294911,16.2337589263916,18.41037368774414,0.8459245069177491,1773301.0,0.08772837488500386,3986111.4454814764,0.0,68290.41599999994,0.0,3823655.2710499708,177792.6887802166,14112.000000000166,20761.40565128946,0.0,0.0,66.0,228.09711227750677,4.0,3.0,141.14673931394964,0.0,0.0,0.0,0.0
2002-10-01,685.7987599186795,16.2337589263916,8.932494163513184,0.8568862836322464,1775690.0,0.06657500810549968,3988748.0823539007,0.0,70471.91539999987,0.0,3883090.7624918586,131599.43847357068,14562.800000000174,11308.929388470873,0.0,0.0,68.0,0.0,0.0,0.0,0.0,0.0,0.0,0.0,0.0
2002-11-01,660.2760619747492,16.2337589263916,14.124788284301758,0.8229228193268193,1778079.0,0.06937363669331709,3844470.511922368,0.0,68290.41599999994,0.0,3730669.447595581,132638.8938780255,14112.000000000166,17260.09044876056,0.0,0.0,69.0,649.0489331018671,5.0,1.0,196.69542886874024,0.0,0.0,0.0,0.0
2002-12-01,672.5967554598004,17.332244873046875,20.666610717773438,0.8370470824463079,1780468.0,0.068602805889364,3913437.1857878743,0.0,70594.31143069266,0.0,3787307.288715359,133283.85973584716,14582.400000000174,30147.22133666695,27.548230692762324,0.0,69.0,7758.462547060896,29.0,5.0,686.3544495066999,0.0,0.0,0.0,0.0
2003-01-01,688.4973085394768,17.332244873046875,32.818580627441406,0.8501631237006414,1782861.0,0.07796026639261094,3991100.928081517,0.0,70597.79455149813,0.0,3823591.442360906,154737.57742888542,17751.76534353868,46903.72694818662,31.0313514982254,0.0,66.0,29951.208226357594,67.0,8.0,1397.0578225694976,0.0,0.0,0.0,0.0
2003-02-01,641.2890779913022,17.332244873046875,38.72472381591797,0.7836472591070145,1785276.0,0.09514052895811353,3725298.6846530978,0.0,63760.28898735104,0.0,3527779.5122515196,179486.732045385,16967.99739889859,47927.03495729607,22.567387351014467,0.0,66.0,27200.9413009525,66.0,9.0,1349.2216276645377,0.0,0.0,0.0,0.0
2003-03-01,682.2034680490085,17.332244873046875,21.749752044677734,0.8441466829189723,1787691.0,0.07899424635066628,3990973.458108069,0.0,70682.26492319228,0.0,3839656.2135518976,157662.85276620436,16477.684204832432,29130.02758513608,20.65392319240017,0.0,66.0,8727.131705368009,28.0,5.0,750.4116958121081,0.0,0.0,0.0,0.0
2003-04-01,648.9721837701231,17.332244873046875,10.328890800476074,0.8101024001902528,1790106.0,0.06772847897795141,3804124.635919169,0.0,68305.35236208608,0.0,3700379.8096746015,127612.2619923545,14452.752618531593,11889.731633681939,14.936362086145976,0.0,66.0,0.0,0.0,0.0,0.0,0.0,0.0,0.0,0.0
2003-05-01,710.9807918568318,17.332244873046875,25.007976531982422,0.8700742045432127,1792521.0,0.09900472738060435,4175860.5952016036,0.0,70577.5226014302,0.0,3970819.571028428,211195.6790664592,17074.9782239849,28653.950882732992,10.759401430310184,0.0,66.0,1721.81989227334,20.0,10.0,201.68873299185907,0.0,0.0,0.0,0.0
2003-06-01,708.2024094452393,17.332244873046875,50.11814498901367,0.8553976274692148,1794936.0,0.11239694785408456,4158254.532479347,0.0,68297.72109427815,0.0,3884370.555420397,240112.8633650076,19774.30183982858,64206.73185411335,7.305094278211735,0.0,67.0,10707.15464669648,71.0,19.0,501.47877117699136,0.0,0.0,0.0,0.0
2003-07-01,758.5346434836601,17.332244873046875,67.61354064941406,0.9023409397443278,1797351.0,0.13061200413695606,4439176.502606936,0.0,71573.60592793183,0.0,4067783.708383448,301662.15576180496,22654.15389890688,98960.06856277607,9.882727931960224,0.0,68.0,33759.7143166929,155.0,22.0,821.2887079198795,0.0,0.0,0.0,0.0
2003-08-01,746.2036731441754,17.332244873046875,54.26142120361328,0.8949335300235228,1799766.0,0.12118312775536588,4388470.986723266,0.0,71575.8053577997,0.0,4063081.2764931335,274957.5805182618,21490.49578968001,80825.21792219137,12.082157799838216,0.0,69.0,16592.679322981836,103.0,19.0,578.719173048863,0.0,0.0,0.0,0.0
2003-09-01,693.9408416801642,17.332244873046875,27.558452606201172,0.8462353818686502,1802181.0,0.1030166503712577,4097152.5242060977,0.0,69272.17522652357,0.0,3877924.5488170744,216048.94755471087,17390.91851775017,35998.02931656232,16.959226523664725,0.0,69.0,2265.225372067408,25.0,7.0,398.43887407565035,0.0,0.0,0.0,0.0
2003-10-01,704.1819886556326,17.332244873046875,21.078277587890625,0.8639051729139778,1804596.0,0.09542775453101038,4164029.128938392,0.0,71487.00932135418,0.0,3971233.6085601375,202348.25561464697,16903.941613072122,25357.171150535465,19.473921354323032,0.0,69.0,363.80431838324694,8.0,4.0,86.28032643929782,0.0,0.0,0.0,0.0
2003-11-01,653.8648630251836,17.332244873046875,15.80172348022461,0.8130583582799851,1807011.0,0.07195099792443745,3864859.2943765405,0.0,69283.08986168932,0.0,3739514.6042569894,138141.09595513967,15324.46640617899,22089.047758232206,27.873861689427102,0.0,69.0,4327.589296932303,18.0,3.0,784.1567526429244,0.0,0.0,0.0,0.0
2003-12-01,682.2572462206247,19.26877212524414,34.86346435546875,0.8394135775772451,1809426.0,0.0815865606698515,3993583.6781933503,0.0,71593.9095757428,0.0,3807583.699840851,162471.4272776684,18340.667055038935,57071.468019792184,30.186375742937997,0.0,70.0,49802.32893012649,85.0,11.0,1898.9349685550433,0.0,0.0,0.0,0.0
2004-01-01,658.2169004523014,19.26877212524414,15.027097702026367,0.82365207927298,1811845.0,0.06101640955853013,3900916.301460095,0.0,71593.01131342466,0.0,3801212.7725811633,116186.87378225607,15873.713967754436,19526.525128920242,29.288113424803953,0.0,70.0,2780.654023347642,8.0,1.0,562.193203417838,0.0,0.0,0.0,0.0
2004-02-01,664.6660842581595,19.26877212524414,42.21599578857422,0.8060748306158534,1814305.0,0.10579876985499174,3929234.227578923,0.0,66970.85896580342,0.0,3687708.1424209215,212379.87870777474,18531.401313861457,59151.061136364966,24.15016580346734,0.0,72.0,23484.46850911813,71.0,11.0,1218.929647379262,0.0,0.0,0.0,0.0
2004-03-01,691.5754101383503,19.26877212524414,22.830812454223633,0.8478108493671085,1816765.0,0.09528795991773317,4107832.919254997,0.0,71682.15165693694,0.0,3913475.583822177,199158.63980250675,17017.563924115915,30134.45170619746,22.240656937090147,0.0,73.0,13749.529219555021,29.0,4.0,1278.6251121602877,0.0,0.0,0.0,0.0
2004-04-01,654.140087125012,19.26877212524414,18.30074119567871,0.8072022291450418,1819225.0,0.08573288797945317,3897270.507517905,0.0,69268.98354017388,0.0,3742104.780714038,168404.51390197265,16045.087605928931,20926.045295967157,13.767540173976247,0.0,74.0,220.4648012876578,6.0,3.0,71.82730962449295,0.0,0.0,0.0,0.0
2004-05-01,728.083614895001,19.26877212524414,50.697166442871094,0.8753930822711207,1821685.0,0.11834661385370862,4337707.74133662,0.0,71573.5427606963,0.0,4029825.0071185646,264752.0977077752,21312.930965094383,73701.28954518429,9.819560696441481,0.0,74.0,11848.38933173783,71.0,19.0,494.5388740231301,0.0,0.0,0.0,0.0
2004-06-01,733.0206754397266,19.26877212524414,70.53884887695312,0.8668862982650201,1824145.0,0.13559633891470602,4343082.91619835,0.0,69262.67097361249,0.0,3946226.9574971,307496.211344312,22410.918062025026,117158.74929491403,7.454973612588583,0.0,74.0,44773.422964218764,210.0,21.0,827.6621983810137,0.0,0.0,0.0,0.0
2004-07-01,757.7631726618508,19.26877212524414,68.24703979492188,0.8954004052934502,1826605.0,0.13431568192009294,4483154.921333873,0.0,77437.85539775204,0.0,4073322.7849700763,314184.5008637276,23156.53591475943,125914.69662531097,9.247157752211178,0.0,74.0,53186.404931816694,235.0,23.0,735.9479249541682,0.0,0.0,0.0,0.0
2004-08-01,752.4746250133264,19.26877212524414,61.083648681640625,0.8909726042983799,1829065.0,0.13377452275003188,4466091.225145484,0.0,77441.21252681669,0.0,4072441.5837724837,311624.3318823085,23023.752755431287,112425.15377526052,12.604286816857579,0.0,76.0,44217.35614730894,196.0,20.0,779.9241405883909,0.0,0.0,0.0,0.0
2004-09-01,695.1567682668814,19.26877212524414,34.73649597167969,0.8381532572713658,1831525.0,0.11600907242932833,4164877.6620695684,0.0,74944.9431030244,0.0,3893536.588239591,249539.3212935556,19019.071544259707,54482.936192161185,14.031903024542153,0.0,77.0,4167.282229750608,39.0,12.0,399.709172729305,0.0,0.0,0.0,0.0
2004-10-01,685.2520604039837,19.26877212524414,19.257701873779297,0.8401180170180734,1833985.0,0.09422967716328083,4110649.5404800656,0.0,77347.17777946907,0.0,3923639.122261376,196791.33006400737,17312.91769146637,26257.961593215885,22.640249469271307,0.0,77.0,1143.2191428113965,6.0,1.0,308.30971107999767,0.0,0.0,0.0,0.0
2004-11-01,675.4719035963506,19.26877212524414,28.81879997253418,0.8234434890933173,1836445.0,0.09973494881406508,4048451.4500076966,0.0,74955.05059995905,0.0,3833435.6062787296,205625.92564927036,18162.928461585518,42927.24481811235,24.13939995919358,0.0,77.0,11483.405349373492,42.0,8.0,1122.9298143909086,0.0,0.0,0.0,0.0
2004-12-01,675.5977062436613,19.88382911682129,26.997631072998047,0.8293490006054146,1838905.0,0.08742882284170501,4054523.1827098425,0.0,77457.21939047726,0.0,3868340.8525267625,178168.10121719528,18367.666461601144,43070.15954428454,28.611150477429383,0.0,77.0,9219.512255137906,41.0,7.0,902.3742941844598,0.0,0.0,0.0,0.0
2005-01-01,684.2309916828005,19.88382911682129,36.42610549926758,0.8387145248095838,1841365.0,0.0838586150429206,4057269.1411882043,0.0,77457.95025412944,0.0,3853949.5146075385,170022.91497776538,18902.174681410826,67818.13396148862,29.342014129614817,0.0,77.0,65002.81168267062,113.0,13.0,1823.7774872779273,0.0,0.0,0.0,0.0
2005-02-01,635.407061886424,19.88382911682129,39.72785186767578,0.7705772524252918,1843700.0,0.1032982512854243,3797302.9720811686,0.0,69953.62457915551,0.0,3567639.9877950414,199696.1838930852,18458.92798128953,59761.44393175238,18.107459155542987,0.0,77.0,37743.291034985115,78.0,9.0,1230.6968426446965,0.0,0.0,0.0,0.0
2005-03-01,681.5428743225345,19.88382911682129,26.622434616088867,0.832887740703352,1846035.0,0.09685700263760681,4110408.444366756,0.0,77554.29127586118,0.0,3906092.504494555,201992.16654856448,18863.74961258295,36955.42666105328,21.61232586138781,0.0,78.0,10999.161969169021,13.0,3.0,1680.6107417500452,0.0,0.0,0.0,0.0
2005-04-01,696.9318913421014,19.88382911682129,51.03248977661133,0.8346021952002606,1848370.0,0.11893379908698301,4205684.337754948,0.0,74946.68722626142,0.0,3888306.0130441017,257869.76383916158,21262.92709572833,89945.88897595466,15.776026261558668,0.0,78.0,13327.824309728592,86.0,21.0,709.5913287247222,0.0,0.0,0.0,0.0
2005-05-01,769.7385590896442,19.88382911682129,73.72640991210938,0.9007980992174568,1850705.0,0.14517285959230747,4565210.882350195,0.0,77439.4325363219,0.0,4096514.8321462376,348255.1242692077,24538.065601850823,149326.45737289893,10.824296322071817,0.0,79.0,105879.17406064777,311.0,25.0,1276.808326903751,0.0,0.0,0.0,0.0
2005-06-01,763.9133531925917,19.88382911682129,76.55659484863281,0.8882981280562409,1853040.0,0.15307624953643453,4477248.907823826,0.0,74938.95839481583,0.0,3986468.29803168,361982.39261728345,24713.858681959784,155784.61369290669,8.047194815972786,0.0,80.0,166351.89696495156,329.0,27.0,1300.3320620357108,0.0,0.0,0.0,0.0
2005-07-01,769.4584652698242,19.88382911682129,66.19410705566406,0.9003193258747996,1855375.0,0.14667511312092235,4573495.752368712,0.0,77437.1508206064,0.0,4105814.6133278627,353001.110210577,24420.886730071637,143682.73914020386,8.542580606572978,0.0,80.0,107845.75558978986,287.0,26.0,1294.4861933834627,0.0,0.0,0.0,0.0
2005-08-01,769.6847193587804,19.88382911682129,65.72776794433594,0.9003672574477284,1857710.0,0.14617839080592038,4574484.552484808,0.0,77441.10124173768,0.0,4103883.0070627145,351523.4334155052,24827.76229653377,147673.94675005408,12.493001737853652,0.0,82.0,114243.96849497802,291.0,25.0,1438.7246748257521,0.0,0.0,0.0,0.0
2005-09-01,725.405030523455,19.88382911682129,57.08845138549805,0.8536033703459869,1860045.0,0.14017354121056128,4376799.686411999,0.0,74946.52785182618,0.0,3957906.1446833448,321265.0965533432,23247.76460062788,126080.93577467985,15.616651826319433,0.0,82.0,45872.79156211608,205.0,23.0,927.3783698550333,0.0,0.0,0.0,0.0
2005-10-01,717.2918523609575,19.88382911682129,42.94046401977539,0.8586214847999752,1862380.0,0.11898847089166595,4367292.032518064,0.0,77347.09984842032,0.0,4034056.139198671,267990.8740364998,21891.847511443106,96704.96290144924,22.56231842051632,0.0,82.0,8258.971079580875,94.0,16.0,451.56808392744006,0.0,0.0,0.0,0.0
2005-11-01,685.3465542991825,19.88382911682129,38.80064392089844,0.8262748988403354,1864715.0,0.10888143415417727,4147370.4243290364,0.0,74957.88174490843,0.0,3863630.180546111,231027.83795633566,20275.770162131466,84136.89086445807,26.970544908580997,0.0,83.0,37590.952812533,121.0,16.0,1652.2311337715246,0.0,0.0,0.0,0.0
2005-12-01,778.0059452076806,24.944520950317383,57.68940353393555,0.9121508029054038,1867050.0,0.14339785045458403,4542936.606027864,0.0,84646.38120350424,0.0,4094853.246231524,340291.66197212756,28326.222109624345,140076.11275458883,30.732963504421697,0.0,85.0,214336.27355851867,287.0,22.0,2252.5572533312425,0.0,0.0,0.0,0.0
2006-01-01,773.7992326900569,24.944520950317383,57.40897750854492,0.9087141791455693,1869388.0,0.13720619666972989,4528432.429880068,0.0,84644.57996694808,0.0,4080768.8455428174,323070.23085582803,27806.959372248744,157397.0311491764,28.931726948252717,0.0,86.0,208692.43101370826,251.0,20.0,2752.603083963616,0.0,0.0,0.0,0.0
2006-02-01,708.0063138158791,24.944520950317383,57.98426055908203,0.8248702473621943,1872085.0,0.1471675544793726,4165817.7619330445,0.0,76450.61889506273,0.0,3717202.188722606,321507.31116700463,25410.624763948334,156442.72879948697,23.581775062751067,0.0,86.0,175891.54632032628,268.0,20.0,3024.812933114492,0.0,0.0,0.0,0.0
2006-03-01,764.8937316445325,24.944520950317383,56.871280670166016,0.8943060789402855,1874782.0,0.14093628704328998,4576568.073829025,0.0,84638.78186196116,0.0,4097786.5596975395,336164.28120666026,28576.059827416982,174651.81013741108,23.133621961337514,0.0,87.0,118822.64156008823,275.0,26.0,2359.4385579867385,0.0,0.0,0.0,0.0
2006-04-01,690.5334227440094,24.944520950317383,36.838417053222656,0.8255129453563026,1877479.0,0.11778758706518987,4232669.314037686,0.0,82013.05648002533,0.0,3905506.3611739674,255456.25064547686,24639.80157014597,105803.82175809518,13.214570025494481,0.0,87.0,12319.836584981871,86.0,17.0,605.0140644234434,0.0,0.0,0.0,0.0
2006-05-01,774.4173949672796,24.944520950317383,60.10651779174805,0.8961960918569566,1880176.0,0.15389948830348207,4652565.597114375,0.0,84624.99310419339,0.0,4114486.961950713,376988.86601449084,29388.16557287349,192312.24061629793,9.344864193569837,0.0,87.0,116278.2259417601,314.0,28.0,1230.5095482773268,0.0,0.0,0.0,0.0
2006-06-01,789.2061758812198,24.944520950317383,69.89811706542969,0.8980860402495662,1882873.0,0.17317289232084324,4633192.802688087,0.0,82580.47640089074,0.0,4013052.2149504544,427985.5699856012,30639.103236775445,220171.36971525685,7.485200890903275,0.0,87.0,237476.6184696151,365.0,29.0,1529.2081348747288,0.0,0.0,0.0,0.0
2006-07-01,807.3160900947724,24.944520950317383,66.2370834350586,0.9215217952473538,1885570.0,0.1698484585353381,4763071.6514433995,0.0,85333.34420085576,0.0,4141796.8854601867,430626.82692507823,31176.075302436817,220082.50079570062,7.919960855955841,0.0,87.0,225764.2146302442,374.0,30.0,1439.2332695435507,0.0,0.0,0.0,0.0
2006-08-01,781.9821031665543,24.944520950317383,59.43136215209961,0.9007958425567427,1888267.0,0.15904242816118816,4702297.014974267,0.0,85339.1382935993,0.0,4134999.22740871,395111.52196405863,30109.317066146396,202687.58557535178,13.714053599505242,0.0,88.0,134333.62187908406,338.0,28.0,1307.3323840230591,0.0,0.0,0.0,0.0
2006-09-01,719.3442075047436,24.944520950317383,44.787967681884766,0.8436111044818405,1890964.0,0.14107414529556822,4404703.176100386,0.0,82590.6674972249,0.0,3968035.5561117004,324247.77368953294,26896.751587773433,144178.5499113832,17.676297225077185,0.0,88.0,46885.2181265114,171.0,22.0,1194.7858319398574,0.0,0.0,0.0,0.0
2006-10-01,724.9417926439843,24.944520950317383,40.31901168823242,0.8572227851562518,1893661.0,0.13048574783441524,4462662.121738846,0.0,85238.55369425123,0.0,4061115.194004661,301253.4140749922,26990.26250914035,133832.42228005474,27.814164251472597,0.0,88.0,28079.260602064154,122.0,18.0,1634.0099157394952,0.0,0.0,0.0,0.0
2006-11-01,711.10465428996,24.944520950317383,42.273101806640625,0.8413183172780516,1896358.0,0.12768423817681657,4345140.232877584,0.0,82599.79945768957,0.0,3951647.336364966,286585.1460878921,25694.026128046462,139869.17949668164,26.8082576897428,0.0,88.0,67289.87553410055,229.0,19.0,1673.8322551609044,0.0,0.0,0.0,0.0
2006-12-01,751.7507391834359,15.883813858032227,41.47183609008789,0.8869770921962685,1899055.0,0.13278657097130858,4509275.963039271,0.0,85356.34770480744,0.0,4090582.000473883,310892.908524924,26289.34032077821,142122.35075968597,30.923464807631913,0.0,88.0,164087.6242168631,239.0,18.0,2587.7792659028264,0.0,0.0,0.0,0.0
2007-01-01,752.8221286011454,15.883813858032227,45.2083625793457,0.8869388829020195,1901756.0,0.13141615862879882,4500338.485784067,0.0,85354.50958720464,0.0,4070792.2560951863,303540.04615792976,32167.124900549432,154449.69567040115,29.08534720482707,0.0,89.0,186586.52892930972,247.0,21.0,2864.5077083840188,0.0,0.0,0.0,0.0
2007-02-01,724.9168133842106,15.883813858032227,56.3117790222168,0.8381385088035536,1904453.0,0.15234199474212776,4208256.66456609,0.0,77096.2881297476,3.3997623262060563,3715010.4260424357,333975.25692468754,32338.261495730294,181677.8116232365,24.763247421435906,0.0,89.0,316546.96790963726,323.0,23.0,2654.440069798842,0.0,0.0,0.0,0.0
2007-03-01,763.9330938835435,15.883813858032227,47.734283447265625,0.8927449135488508,1907150.0,0.14148298011696633,4588214.688172452,0.0,86205.20275120002,5.737990092633847,4109618.782227807,336000.7341336279,33254.457191343856,170032.81756967722,21.805811107610236,0.0,89.0,187727.53653098302,289.0,23.0,2976.7265333204596,0.0,0.0,0.0,0.0
2007-04-01,722.9416806686609,15.883813858032227,44.601409912109375,0.8458621557581292,1909847.0,0.1423867843951117,4415222.337063518,0.0,83309.54526600242,8.190700663011608,3965752.296084132,325955.23533685564,31501.94795883134,150668.3128836995,15.56336533957548,0.0,92.0,103828.04638142057,250.0,20.0,975.0632703110246,0.0,0.0,0.0,0.0
2007-05-01,726.2044690213663,15.883813858032227,42.73522186279297,0.8530074768976632,1912544.0,0.1338476139339731,4493379.082647117,0.0,92097.36860373491,9.161517997584067,4058267.2333489037,309020.1477903771,32844.91028018538,153857.4282676499,10.536445737372388,0.0,92.0,44181.209218413445,191.0,22.0,1104.6774836215832,0.0,0.0,0.0,0.0
2007-06-01,777.8655532123634,15.883813858032227,59.482513427734375,0.8867416832363152,1915241.0,0.16861932377704494,4608329.744030337,0.0,89126.80132924783,11.762496139174964,4007440.5440690266,409346.32427546824,37258.82960850999,212939.50127732827,7.615633108683784,0.0,94.0,268542.6648218459,365.0,29.0,1763.3217994016977,0.0,0.0,0.0,0.0
2007-07-01,793.8463078577097,15.883813858032227,57.86286544799805,0.9050847348918137,1917938.0,0.16876820196906306,4760890.249778546,0.0,92099.90852482255,13.498363583458424,4141421.6056342414,423538.8699295899,38099.704306469735,218440.7069482471,8.739521239120908,0.0,93.0,222169.4554988575,372.0,30.0,1805.154713217701,0.0,0.0,0.0,0.0
2007-08-01,761.5059602683488,15.883813858032227,50.27167892456055,0.8780414796073247,1920635.0,0.15676918803491843,4669854.525013367,0.0,92128.1758338249,36.705984370898655,4122119.5370655153,382871.32087963924,35828.379283857445,189645.9248243578,13.799209454053166,0.0,94.0,113267.21194577227,289.0,28.0,1279.1516223415088,0.0,0.0,0.0,0.0
2007-09-01,721.3481603800072,15.883813858032227,45.01023483276367,0.8391165213014553,1923332.0,0.14696110585763336,4463999.599867627,0.0,89185.41529753126,60.44096385872857,3984912.6516009346,341106.9425613074,32503.42638463553,164132.03452075116,17.551133672554503,0.0,94.0,71453.55133187554,270.0,20.0,993.4685153323803,0.0,0.0,0.0,0.0
2007-10-01,713.3412840616626,15.883813858032227,35.97233963012695,0.8400640116608772,1926029.0,0.1351047027702402,4480294.505711719,0.0,92048.92549621698,73.63320654767381,4068775.9873288614,311639.71785854397,32229.010756935728,128178.96089738145,21.38195966939977,0.0,94.0,7376.399020830884,82.0,16.0,345.42006196795,0.0,0.0,0.0,0.0
2007-11-01,689.8133794017398,15.883813858032227,34.54639434814453,0.8193800468881903,1928726.0,0.12148619081729518,4270341.172982978,0.0,89260.30605860201,126.1788326221479,3913849.3224690403,264154.2809250409,29561.536243978648,121431.48854491809,26.704025979895523,0.0,96.0,75266.59999437687,143.0,15.0,2350.6004796817106,0.0,0.0,0.0,0.0
2007-12-01,700.1454368100618,13.124606132507324,32.94206619262695,0.8354527046765953,1931423.0,0.114362394340747,4323030.084078646,0.0,92280.56290173324,175.26521470449845,3983150.2362123765,250217.540219639,29324.356346131295,120948.58834050073,27.627047028780968,0.0,96.0,92278.77610653974,177.0,17.0,1980.3959602851328,0.0,0.0,0.0,0.0
2008-01-01,731.1589122517481,13.124606132507324,40.835044860839844,0.8603605189908106,1934124.0,0.13239498740336336,4475982.638509776,0.0,92326.82156726126,218.466924053852,4053253.1320763063,304426.7611875249,31857.09981483008,147056.28247111777,30.68400320744604,0.0,96.0,145530.103801458,231.0,23.0,2990.1959613693316,0.0,0.0,0.0,0.0
2008-02-01,697.7820872450268,13.124606132507324,46.31542205810547,0.8144116984991372,1936821.0,0.1408635813811772,4275115.2296089735,0.0,86337.34595615485,178.1838073321606,3828643.06983241,311055.7764585066,31727.949889510997,160388.70678854358,21.986388822668935,0.0,96.0,143477.15190799037,264.0,23.0,2961.303803582615,0.0,0.0,0.0,0.0
2008-03-01,745.844586129131,13.124606132507324,43.04350280761719,0.8756330893755397,1939518.0,0.1334459966908571,4516086.253584918,0.0,92281.93940591121,181.8321964387518,4073581.4354175935,309651.59636543365,32583.441377569994,160880.41746431752,22.436569472503173,0.0,96.0,213561.73669666625,264.0,21.0,3659.683094894449,0.0,0.0,0.0,0.0
2008-04-01,685.7762915022281,13.124606132507324,38.295772552490234,0.8097252394152443,1942215.0,0.12733487509054492,4323643.070743173,0.0,89377.6520961301,132.18007344726564,3929979.38260923,281526.2147516956,30697.666721646507,140176.72777060172,14.288512682859892,0.0,97.0,32365.186469132987,174.0,20.0,1049.136037976465,0.0,0.0,0.0,0.0
2008-05-01,737.0677953552654,13.124606132507324,46.57692337036133,0.8564576748275592,1944912.0,0.1467025313185586,4601162.680472142,0.0,92183.7591388666,97.28989401020691,4098979.1525470507,350344.0718815817,34511.639479122096,177938.45360438578,8.798604856434986,0.0,97.0,85093.48197102168,279.0,26.0,1049.8720208962268,0.0,0.0,0.0,0.0
2008-06-01,737.5505042336526,13.124606132507324,50.27903366088867,0.8488479835831798,1947609.0,0.1588443404166435,4531828.788270844,0.0,89212.7999657616,98.37549947487148,3990805.7716219584,377225.7995226595,34552.38785221064,187900.28447401462,7.001266286752746,0.0,97.0,167158.32289621406,325.0,29.0,1286.6475786757205,0.0,0.0,0.0,0.0
2008-07-01,765.4798785421365,13.124606132507324,52.03953552246094,0.8781010310900945,1950306.0,0.16174183526084407,4711756.451174219,0.0,93084.94718795553,135.40285132034265,4131580.674783296,399893.00656315166,36663.98195184541,204229.4249159239,8.759296635222576,0.0,97.0,171558.50798548828,357.0,30.0,1271.152649331706,0.0,0.0,0.0,0.0
2008-08-01,781.2199981259629,13.124606132507324,54.233436584472656,0.8903676321749388,1953003.0,0.17000077326078164,4763026.982246689,0.0,93179.40903595803,171.71560421544956,4144920.8570443746,427271.1776509143,37973.94276727867,213527.44182412393,11.108391742613644,0.0,97.0,229543.50510407472,366.0,30.0,1489.117365159701,0.0,0.0,0.0,0.0
2008-09-01,701.6321521705784,13.124606132507324,42.00738525390625,0.8195254823667819,1955700.0,0.14048741264203446,4409692.023424174,0.0,90336.33283890801,321.22920734000877,3955756.16971161,319898.15740530426,32607.58918418663,160139.56232307604,18.408431568025264,0.0,97.0,73910.64668929599,225.0,18.0,1082.5192097991376,0.0,0.0,0.0,0.0
2008-10-01,703.6622298747394,13.124606132507324,36.18130874633789,0.8308548869291735,1958397.0,0.12852854339733313,4481298.615282361,0.0,93316.6027519909,422.5105868014236,4077106.5333684953,294819.56538074644,31627.454310495734,138329.95835262208,22.502535189546983,0.0,98.0,18883.78994564863,147.0,20.0,523.6325715828825,0.0,0.0,0.0,0.0
2008-11-01,671.548635608492,13.124606132507324,31.425418853759766,0.8027959138509616,1961094.0,0.11182654942581945,4247150.391837796,0.0,90494.20725221351,473.97443991453434,3921417.5806515682,239923.59340694756,28050.212771953997,116468.46020732803,23.537612298992013,0.0,99.0,52255.35130061554,155.0,18.0,1757.29950417271,0.0,0.0,0.0,0.0
2008-12-01,727.774493314207,22.173418045043945,37.49665832519531,0.8513007433988221,1963791.0,0.1434013282612592,4553921.954433283,0.0,93638.58382332009,614.2273542197571,4102192.271636454,339410.6272618057,31038.84966292508,141946.6429120985,27.771429100379635,0.0,99.0,116428.4189800345,214.0,17.0,1814.0267071875332,0.0,0.0,0.0,0.0
2009-01-01,734.4759093858505,22.173418045043945,35.27406692504883,0.8720217097654414,1966492.0,0.11996554754577382,4399848.628675142,0.0,93879.190745751,847.5458878526086,4028279.525604265,268337.1154627114,29848.386823611334,134050.0378245514,35.05981789841518,0.0,99.0,320742.122668955,215.0,16.0,4413.996336195271,0.0,0.0,0.0,0.0
2009-02-01,672.0954667124385,22.173418045043945,42.69010543823242,0.7842802177573449,1969189.0,0.14092419653160906,4115514.1824946897,0.0,84695.92190685283,674.4975928499808,3686415.4550391627,299781.3040738049,29780.871889290844,154332.04301243165,24.508794002788836,0.0,100.0,211399.6599368922,252.0,22.0,2864.9028208438167,0.0,0.0,0.0,0.0
2009-03-01,721.5432332295072,22.173418045043945,40.694515228271484,0.8465677334462939,1971886.0,0.13380395102120504,4534086.111872748,0.0,94796.97641883128,522.5556050826395,4089026.432313728,311933.2540570746,32198.356007772865,161594.5065341735,18.987773748667756,0.0,100.0,113786.44871918893,270.0,21.0,1278.3433203507343,0.0,0.0,0.0,0.0
2009-04-01,667.9881271134209,22.173418045043945,32.127872467041016,0.7895649982547547,1974583.0,0.1250413446846272,4259018.439619662,0.0,99924.9435132968,458.20328652314925,3897157.5964193703,257753.04354266083,57229.59709572725,113780.4486719032,13.867616773681391,0.0,100.0,43152.666420444984,115.0,17.0,1326.8840293556314,0.0,0.0,0.0,0.0
2009-05-01,718.7510114905325,22.173418045043945,40.3336181640625,0.8351360933402878,1977280.0,0.14319317703210876,4571468.6924810195,0.0,102980.5010477049,345.65954794746636,4088894.202290946,320969.749926934,68205.62620766442,162435.55109547658,9.40845975745271,0.0,100.0,62790.73772127429,243.0,22.0,914.6011561277442,0.0,0.0,0.0,0.0
2009-06-01,732.2812335698849,22.173418045043945,48.061988830566406,0.8348588626985548,1979977.0,0.1660289882478287,4560873.833686582,0.0,99617.9127922083,295.5747771957897,3987440.8982240125,376918.6703251235,76818.98469166142,186504.73564578328,7.402815012517033,0.0,100.0,172508.1624079286,313.0,29.0,1601.1051398812224,0.0,0.0,0.0,0.0
2009-07-01,743.5382720507758,22.173418045043945,46.40439987182617,0.8512309571669612,1982674.0,0.1603837071242529,4678350.296793866,0.0,103011.64815389189,376.778511635043,4109499.278955372,371473.7696053761,77710.01208057502,188703.67319254563,9.436602256851328,0.0,99.0,132617.76721533874,321.0,28.0,1256.6066168920593,0.0,0.0,0.0,0.0
2009-08-01,720.7358221712718,22.173418045043945,40.06863021850586,0.8342047732710319,1985371.0,0.14919287447927315,4577345.447389018,0.0,103201.1205066359,563.0215404401125,4079401.2208235958,335595.1508317245,71595.3738181415,159790.13895555632,12.665926195816876,0.0,101.0,89213.1102913754,245.0,23.0,1227.7743298523683,0.0,0.0,0.0,0.0
2009-09-01,677.7866753048688,22.173418045043945,34.66260528564453,0.7905189480722123,1988068.0,0.14354854535829667,4358896.8517868,0.0,100225.30980370635,894.5969210627445,3929951.9382118075,306039.94151359826,66375.71629599965,123338.71096539259,15.777682643619386,0.0,102.0,32497.76790168841,133.0,18.0,906.7680185104159,0.0,0.0,0.0,0.0
2009-10-01,730.9034466649755,22.173418045043945,42.47783279418945,0.8419168356458032,1990765.0,0.15432508143048473,4648511.325955421,0.0,103936.65381251184,1427.0969611580597,4116821.3263075612,354117.1372769249,73210.98747607906,173305.52102485404,22.061221353841493,0.0,102.0,97741.94025159447,282.0,22.0,925.2324479391164,0.0,0.0,0.0,0.0
2009-11-01,723.4946038600184,22.173418045043945,39.77991485595703,0.8314861910519302,1993462.0,0.16056356934235735,4478459.711697336,0.0,101030.58373254392,1689.530402436565,3963638.4640985625,358431.5079468762,69052.48956533933,154146.70528655997,26.118130107354094,0.0,103.0,228039.59377909993,238.0,21.0,3347.217733213858,0.0,0.0,0.0,0.0
2009-12-01,726.0864490253532,20.681535720825195,35.42323303222656,0.8404876026775306,1996159.0,0.15344290001580002,4564724.745767969,0.0,105252.62131070011,2284.84305226135,4078755.9865199155,349225.54636974167,64187.24244223452,141850.87307607962,83.87961843880458,0.0,103.0,161302.15194064015,228.0,20.0,3242.535760252047,0.0,0.0,0.0,0.0
2010-01-01,750.8855047377004,20.681535720825195,43.659156799316406,0.8569642488626473,1998860.0,0.16222204883867888,4690555.569110947,0.0,106089.26751924527,3071.4140139913466,4101641.784225617,379743.5659034104,71582.95580815736,206882.16581376595,133.95486525396078,0.0,105.0,206403.95696184595,246.0,23.0,4252.849355482217,0.0,0.0,0.0,0.0
2010-02-01,680.5167177352431,20.681535720825195,40.978111267089844,0.7750903269812429,2001557.0,0.16246266436991977,4224315.227515912,0.0,95762.29349594023,2736.186070238137,3681037.0761303436,342158.2039408567,65359.06364385965,198349.8281208523,98.7151057020424,0.0,106.0,220231.26064557175,236.0,23.0,3164.3196302677807,0.0,0.0,0.0,0.0
2010-03-01,740.6965384626899,20.681535720825195,39.70537567138672,0.8429979922650224,2004254.0,0.16636474473225954,4709187.877645233,0.0,105375.3702941067,2404.7152302489144,4105009.2821057276,393150.99251078314,71998.56883001194,208323.93683871115,86.75642385783374,0.0,106.0,133916.6806001284,234.0,19.0,2151.1436960708634,0.0,0.0,0.0,0.0
2010-04-01,653.691594862057,20.681535720825195,26.864421844482422,0.7674578610488195,2006951.0,0.13291401021544155,4266654.416736026,0.0,101715.39543187109,1955.142984367296,3873473.0389629696,276934.7943490278,57217.99350136129,126181.31143266632,56.90443750381591,0.0,106.0,10012.652832874297,63.0,14.0,555.0991395331548,0.0,0.0,0.0,0.0
2010-05-01,677.4320677053892,20.681535720825195,25.835357666015625,0.7927846644725686,2009648.0,0.1412211335281152,4424695.459496061,0.0,104689.11358205648,1762.2520935707576,4009900.820153554,308712.4585198416,59267.93885034226,116109.14461232582,42.9628484857559,0.0,106.0,8614.012102839008,59.0,16.0,512.3357644833445,0.0,0.0,0.0,0.0
2010-06-01,713.6420444804445,20.681535720825195,41.922630310058594,0.8076367714730346,2012345.0,0.17113856853320708,4600131.038469693,0.0,101392.34452364304,1795.9247477417707,3977486.241009277,396514.1391439873,72052.34293885715,221137.89857757202,31.356575901257894,0.0,107.0,85455.82991577545,255.0,25.0,1074.1550255688599,0.0,0.0,0.0,0.0
2010-07-01,747.9938383418311,20.681535720825195,44.29472732543945,0.8418020483748958,2015042.0,0.1772638218791753,4798714.20006746,0.0,105178.84278886495,2259.313361897349,4120767.113269994,429991.3658339758,77272.94612532706,239977.67747816443,35.630786967644546,0.0,107.0,120236.8851222003,292.0,27.0,1159.1732521511021,0.0,0.0,0.0,0.0
2010-08-01,735.609511438298,20.681535720825195,42.0076904296875,0.8327004017457613,2017739.0,0.16996447542939347,4749315.892940903,0.0,106189.36135134802,3258.140629823532,4107822.0057894904,404731.63231705414,75575.73963609985,230481.4178382578,47.32208152453916,0.0,107.0,92053.67755613389,254.0,22.0,1063.3034300326967,0.0,0.0,0.0,0.0
2010-09-01,688.1658216345382,20.681535720825195,35.63222885131836,0.7870091778306259,2020436.0,0.16192758493837714,4498169.9246291295,0.0,103833.98425084483,4207.805785654046,3950390.160000168,363018.90891730454,68403.88129073303,183416.55762092504,61.115265190787696,0.0,107.0,32646.01973331137,148.0,21.0,977.6769384753816,0.0,0.0,0.0,0.0
2010-10-01,713.2946771171248,20.681535720825195,36.1025276184082,0.8159771671574393,2023133.0,0.1610307957278917,4668047.499271794,0.0,110321.79212263145,7477.726834395076,4102062.112680031,373960.4350671943,68785.11450080336,192441.6013537653,98.45145823643091,0.0,107.0,31929.995600009075,179.0,20.0,710.3406759520008,0.0,0.0,0.0,0.0
2010-11-01,716.0946377534146,20.681535720825195,39.60337448120117,0.8120872959890654,2025830.0,0.17014303451222768,4583946.619219206,0.0,109390.69404841306,9721.338678092405,3985559.6276655262,390465.99648290855,68685.51716455477,206295.06110621715,104.29217032066347,0.0,107.0,142282.6191054291,248.0,19.0,2419.7972069278767,0.0,0.0,0.0,0.0
2010-12-01,731.8246195392026,24.55966567993164,37.30469512939453,0.8343800565729725,2028527.0,0.163946674647099,4686288.814323021,0.0,115015.75912434583,12013.18843513722,4104515.321654029,381309.89076574525,69413.9611709249,200344.54337231952,118.67204920866769,0.0,107.0,147113.89307702624,227.0,19.0,2222.395401416764,0.0,0.0,0.0,0.0
2011-01-01,707.1300183288049,24.55966567993164,34.30228042602539,0.8146565953027125,2031229.0,0.15320728948445086,4567087.227860328,0.0,114793.89544434327,11793.494992614016,4056484.686711376,343593.4065976607,65696.4420661529,170607.59512514068,116.50181172930208,0.0,108.0,105928.11646734217,170.0,17.0,2758.428617167271,0.0,0.0,0.0,0.0
2011-02-01,649.5862382823212,24.55966567993164,36.74627685546875,0.7449685252302146,2034746.0,0.15670885885934227,4168572.6378623405,0.0,103111.94963028611,10093.420259474282,3677102.103830517,321550.7240824415,61760.35510855214,170748.39916083158,91.13705081178772,0.0,109.0,134125.35401128707,178.0,15.0,3440.0807819047786,0.0,0.0,0.0,0.0
2011-03-01,687.5751559048072,24.55966567993164,30.377321243286133,0.7944361308233858,2038263.0,0.1520374324772125,4538501.880654225,0.0,114206.186741888,11240.96174701595,4053937.8493053187,333709.3507688976,74274.32716644794,145875.2560535578,81.32635487209005,0.0,112.0,18821.86873670873,73.0,9.0,704.9716766575543,0.0,0.0,0.0,0.0
2011-04-01,640.955440840835,24.55966567993164,24.25051498413086,0.7532844136358939,2041780.0,0.13450382983584283,4256815.398874412,0.0,109192.95459036175,9421.44411120819,3886480.9547008425,274690.3873657106,60943.188516484974,101853.58980137578,68.16246915357364,0.0,112.0,1707.9608729404872,23.0,13.0,250.7878109076587,0.0,0.0,0.0,0.0
2011-05-01,683.2904952190318,24.55966567993164,31.096187591552734,0.7879594798720478,2045297.0,0.15537758212905858,4528129.662622689,0.0,108387.30532571579,5467.942203465998,4031010.6684509357,344023.5425029927,75094.87353344112,147295.4807753165,35.46448224984241,0.0,114.0,21922.95920003711,94.0,19.0,864.0664090051391,0.0,0.0,0.0,0.0
2011-06-01,688.7770192901845,24.55966567993164,38.85799026489258,0.783694615483714,2048814.0,0.16408274671391646,4533262.269928551,0.0,106967.82192399738,7361.707798103382,3956457.570248869,362338.7589487507,83421.37260180518,198104.15132912877,41.050925894015904,0.0,114.0,63689.86981737571,203.0,21.0,1103.255554252807,0.0,0.0,0.0,0.0
2011-07-01,716.2908906994047,24.55966567993164,39.966129302978516,0.8110790672316129,2052331.0,0.17069906056535128,4721712.305946988,0.0,107925.5700947004,3501.435368101223,4095588.689646019,396738.87089012703,89409.77756436895,210795.07048646762,15.036086599185033,0.0,114.0,70580.22936488558,227.0,23.0,1113.225564931784,0.0,0.0,0.0,0.0
2011-08-01,697.939730952872,24.55966567993164,34.116600036621094,0.7961632429694698,2055848.0,0.16695294177911657,4634678.253957769,0.0,116970.32856650892,12510.942494908764,4078554.6899937126,378064.381355336,82122.89547138417,166756.38977733182,50.287431600168325,0.0,115.0,31210.65817917573,130.0,21.0,986.5899571114005,0.0,0.0,0.0,0.0
2011-09-01,669.2295926171417,24.55966567993164,31.699369430541992,0.7660841504850787,2059365.0,0.16430871225456872,4454668.492130619,0.0,120854.48395461684,19741.921891386468,3949066.1134280125,354437.08356740087,76006.86741854607,143694.01091665827,71.49886323037349,0.0,115.0,18436.735872784833,83.0,16.0,721.4337432306606,0.0,0.0,0.0,0.0
2011-10-01,713.1537334660926,24.55966567993164,39.088714599609375,0.805723161570426,2062882.0,0.17141162253710687,4728968.7252838705,0.0,129974.57101513547,25614.762450850863,4112349.5115250074,390086.7246437203,88115.69049426533,209141.7129508775,91.04473428465487,0.0,115.0,44896.01649481373,212.0,20.0,780.0380471743615,0.0,0.0,0.0,0.0
2011-11-01,697.0952850828905,24.55966567993164,39.3057861328125,0.7853923319527496,2066399.0,0.17527916707554844,4591902.297545135,0.0,128914.60266540085,27774.81706487355,3984347.0199470697,388522.10048901243,84945.41044601478,202623.34986303543,98.72240052730415,0.0,115.0,80772.73330137265,217.0,19.0,2354.675266012001,0.0,0.0,0.0,0.0
2011-12-01,715.2406184598796,30.726015090942383,37.67933654785156,0.8082848619680196,2069916.0,0.17143591569316718,4702095.808804658,0.0,143122.8945230269,38580.513592870884,4106632.9309781636,383553.088973353,84820.94604752498,197908.94544562005,133.2822901560117,0.0,115.0,89741.0813335285,223.0,21.0,1951.1440209080074,0.0,0.0,0.0,0.0
2012-01-01,727.0182532497942,30.726015090942383,36.99534225463867,0.8223183989797569,2073439.0,0.1731616904370335,4676263.806709676,0.0,144255.4399901218,39716.44308361095,4096495.7784692505,386700.51102310093,82627.28500065077,181260.33485667408,129.8982665108578,0.0,115.0,204240.58331046137,196.0,16.0,3171.402270669556,0.0,0.0,0.0,0.0
2012-02-01,675.5256250012037,30.726015090942383,41.117530822753906,0.7593386401509019,2076956.0,0.175667795521127,4431909.285510234,0.0,129227.63691287315,31456.093636992842,3837237.1338752066,371426.62670070014,86564.87524134746,202931.71345297823,98.51551588023239,0.0,116.0,115653.03626829843,197.0,20.0,2460.2067147855905,0.0,0.0,0.0,0.0
2012-03-01,685.8546109466453,30.726015090942383,31.673274993896484,0.7865414288088127,2080473.0,0.15808817412613793,4596893.520506642,0.0,128225.64979259088,23746.13250432969,4081567.2010654993,343489.38832141046,85181.72154867114,157475.3122110603,70.41864826120363,0.0,117.0,31220.163875272305,93.0,15.0,1632.2275997951683,0.0,0.0,0.0,0.0
2012-04-01,613.2942096651136,30.726015090942383,21.211132049560547,0.7240472422157156,2083990.0,0.1308023439742564,4142953.1738875387,0.0,121659.66517244649,20417.71885376113,3825200.1082517225,254039.25845808457,58235.80363690758,74108.77505082515,60.548308685390815,0.0,119.0,840.5222858304755,7.0,3.0,232.25116620204517,0.0,0.0,0.0,0.0
2012-05-01,696.2592221247642,30.726015090942383,36.673946380615234,0.7883036327955849,2087507.0,0.17368101634672653,4684241.827325948,0.0,119702.83497703553,15255.033600541488,4086262.5306966193,394039.90881895507,93583.91832876988,181175.57212160336,38.70273649404861,0.0,119.0,40874.49977374268,151.0,22.0,896.1198987279722,0.0,0.0,0.0,0.0
2012-06-01,658.2636067304823,30.726015090942383,33.19361877441406,0.7531687345430245,2091024.0,0.16159556151546722,4447156.503173573,0.0,113476.56492224114,12404.032110394095,3927268.588954441,345284.8044970122,84516.70136120927,158621.9915609136,31.469611847056434,0.0,119.0,27515.520613893914,109.0,21.0,871.274199822255,0.0,0.0,0.0,0.0
2012-07-01,668.6094948726236,30.726015090942383,29.99842071533203,0.769536468303981,2094541.0,0.1575957780841835,4533878.330663486,0.0,121336.87136124467,16891.61445434404,4043664.4844125467,342654.6750710965,80112.58522129577,138266.6885985507,36.15826690066527,0.0,120.0,12883.903361584751,74.0,20.0,586.7910138453731,0.0,0.0,0.0,0.0
2012-08-01,672.4661567983345,30.726015090942383,30.485084533691406,0.7709126528043778,2098058.0,0.16219792744797187,4553111.528351353,0.0,129866.24552329953,25144.856089616238,4051008.231966092,353306.1369550977,79615.79164639881,140259.93602376632,53.82519368330685,0.0,121.0,19932.151076522372,102.0,19.0,835.7662090488343,0.0,0.0,0.0,0.0
2012-09-01,603.3403518789479,30.726015090942383,15.538605690002441,0.7173478178583217,2101575.0,0.12672745820167874,4085106.3168407595,0.0,141221.64429753178,39856.44887347378,3834529.292624971,239978.78252635853,41996.3461653633,37387.60672406532,74.00422405798017,0.0,122.0,221.98441835013728,5.0,3.0,188.33961206847334,0.0,0.0,0.0,0.0
2012-10-01,633.8715837597597,30.726015090942383,17.436294555664062,0.7458432206464387,2105092.0,0.14007953898076098,4291673.030515195,0.0,155951.7360391597,51331.974834166576,3990629.0972204655,279238.26574516564,47536.60191662764,45252.09816293557,92.8791749931342,0.0,123.0,235.16479330580205,5.0,2.0,98.8598508777327,0.0,0.0,0.0,0.0
2012-11-01,608.6405777458031,30.726015090942383,16.202241897583008,0.7194689041000728,2108609.0,0.12922443979404039,4078271.758526952,0.0,172221.61315105238,63798.0759207668,3832240.595872284,230699.85906809955,49569.04232152346,41567.972465045415,112.34603028557663,0.0,125.0,27456.583351293022,31.0,2.0,2615.7354451732326,0.0,0.0,0.0,0.0
2012-12-01,619.2457268174342,19.180234909057617,18.6900577545166,0.7304311520293775,2112126.0,0.12511135522413852,4154970.1103033056,0.0,180863.14580975453,68825.24324305488,3889988.8854439864,219412.57610859172,57943.880851243215,65957.3361394832,116.33832669969605,0.0,125.0,23916.182611883232,46.0,8.0,2102.373067432317,0.0,0.0,0.0,0.0
2013-01-01,654.4513506487368,19.180234909057617,30.401384353637695,0.7576977266381255,2115650.0,0.14372949754528402,4349984.123562863,0.0,191062.9160732309,79007.80148168959,3980051.8562939474,267989.6644678073,71252.0188707058,109023.15217039885,133.55035154136561,0.0,125.0,74252.2996062455,86.0,12.0,2554.5671099012698,0.0,0.0,0.0,0.0
2013-02-01,611.1774107467699,19.180234909057617,39.81349563598633,0.688762576211082,2119167.0,0.17036373653645917,4092202.9591215053,0.0,168186.327576556,66987.48287018586,3617909.953473521,294922.22098908597,113950.99374038843,136171.7880385077,108.39958637006163,0.0,125.0,56900.65661249161,96.0,16.0,1967.2027069371898,0.0,0.0,0.0,0.0
2013-03-01,680.5643232812797,19.180234909057617,36.31657409667969,0.7730760365655541,2122684.0,0.16061950023186777,4524249.852552785,0.0,170522.9560475155,58508.96655319527,4016128.7172738477,310171.8302188567,119551.60657926009,156730.26672082164,92.42525432029299,0.0,126.0,120637.12152665165,121.0,12.0,3059.8283143821754,0.0,0.0,0.0,0.0
2013-04-01,629.1785207513307,19.180234909057617,26.308454513549805,0.7251538159069207,2126201.0,0.15726263151290684,4318339.741478143,0.0,144835.38112722532,36317.74279269226,3898430.2092194604,310715.672473228,87830.52914483835,97274.32755061891,56.014924533092206,0.0,126.0,1179.4089860620902,13.0,7.0,391.9684478641916,0.0,0.0,0.0,0.0
2013-05-01,655.6825833279336,19.180234909057617,32.230804443359375,0.7492661669819723,2129718.0,0.1664640951358216,4508813.02107845,0.0,140435.59382876876,28470.118502409947,4019050.166295688,345800.95404451765,105789.10715066138,116505.36182758099,43.911086358823,0.0,127.0,5481.2997900450155,39.0,15.0,513.3061539746523,0.0,0.0,0.0,0.0
2013-06-01,646.7866878238918,19.180234909057617,41.109004974365234,0.7336903891109396,2133235.0,0.16845012181281915,4442360.4680094095,0.0,140579.21984184973,22407.145715116694,3916237.61925224,341384.8007035651,118817.8778283441,151553.8814252592,32.88292673302331,0.0,128.0,16220.236855778052,77.0,17.0,729.9677729719465,0.0,0.0,0.0,0.0
2013-07-01,646.74281339154,19.180234909057617,29.153623580932617,0.7432464646703073,2136752.0,0.16084107015115331,4451379.969493214,0.0,150940.6122826134,28822.136840287098,4005574.529101412,332763.46112792054,93971.338386122,107558.80911776116,41.31120232624459,0.0,135.0,4109.330528856852,27.0,9.0,490.84859997413923,0.0,0.0,0.0,0.0
2013-08-01,642.2332893668973,19.180234909057617,28.93227195739746,0.7387923350523306,2140269.0,0.1577078848196462,4418745.407692417,0.0,159721.57568774713,37590.532372234695,3988259.766698076,318557.4301868478,92242.84084000344,108173.53820748926,53.87907551235146,0.0,135.0,3372.8584456352132,27.0,12.0,511.5547194567175,0.0,0.0,0.0,0.0
2013-09-01,594.7296045407518,19.180234909057617,17.813379287719727,0.6995076230122387,2143786.0,0.1356556794307068,4084711.691415502,0.0,165161.62683558976,46879.87225877754,3806667.1020394564,250995.3746693258,57145.66261765414,55537.26328906723,142.56337681220933,0.0,135.0,36.61968835897096,2.0,1.0,35.49963961280855,0.0,0.0,0.0,0.0
2013-10-01,598.1326342858925,19.180234909057617,13.297411918640137,0.7132216942542328,2147303.0,0.11751807379908348,4094359.393067011,0.0,186880.56655212806,64774.479947160704,3898518.214589297,207394.73481734825,43796.740540042854,33018.93565032407,193.00457496732835,0.0,136.0,0.0,0.0,0.0,0.0,0.0,0.0,0.0,0.0
2013-11-01,594.7973331101626,19.180234909057617,17.787166595458984,0.6987577407422036,2150820.0,0.1318983572341943,4064773.607524051,0.0,198193.05018520742,79597.63995330104,3814372.4650732735,226246.39415939926,55285.760098665014,54502.699392714254,456.21903190633776,0.0,136.0,1373.2889216015328,4.0,1.0,594.8324434247475,0.0,0.0,0.0,0.0
2013-12-01,612.9194271833979,18.231735229492188,23.597745895385742,0.7194985734492167,2154337.0,0.12573633026904935,4160125.1704209535,0.0,217076.1489519785,94470.23663407404,3907251.7853530752,205443.12232757855,66096.3085656811,69822.12241461757,528.7480779044236,0.0,136.0,24248.642296986887,26.0,5.0,2398.387964150357,0.0,0.0,0.0,0.0
2014-01-01,656.6099484628528,18.231735229492188,55.519134521484375,0.7477024002928764,2157861.0,0.15256871504733066,4314842.59636582,0.0,227343.38973617944,104703.28264051885,3902633.122271356,258298.99134700617,105414.98646376746,136983.66452369164,562.9428556605661,0.0,137.0,180723.96809721587,118.0,10.0,3610.6980387012172,0.0,0.0,0.0,0.0
2014-02-01,587.9346416961772,18.231735229492188,45.59090042114258,0.6687358621265344,2161378.0,0.16289026957501446,3998720.8451319337,0.0,184896.65562723338,74221.9946676505,3596787.8282619542,277356.00797442213,92361.91297532729,112139.89304023018,411.41583958283246,0.0,137.0,52212.44592052205,72.0,12.0,2011.041107745551,0.0,0.0,0.0,0.0
2014-03-01,615.0034990149637,18.231735229492188,21.95501136779785,0.7194330275298809,2164895.0,0.139364558375591,4244089.101279622,0.0,189831.8114682574,67381.15049330793,3947381.018660459,259844.84609608658,62019.13708551016,63332.267677567,373.4967349494166,0.0,137.0,4139.027193535189,13.0,2.0,906.8252656496797,0.0,0.0,0.0,0.0
2014-04-01,595.6538702054776,18.231735229492188,24.243675231933594,0.6953371237723415,2168412.0,0.14063630191283005,4144820.005775372,0.0,161174.3510048898,42645.200183342065,3813929.2489507403,265534.77280072717,64404.52793879937,86704.10299510529,225.87741154772215,0.0,137.0,4490.94624693505,10.0,2.0,1120.6897070196019,0.0,0.0,0.0,0.0
2014-05-01,593.8550477478776,18.231735229492188,15.80580997467041,0.7070996005595092,2171929.0,0.12140700519619639,4141670.8780941875,0.0,157699.08118315742,35273.689667096056,3901442.749527692,232334.57050022783,45811.678038812446,50570.048267455764,348.22727606126296,0.0,137.0,0.0,0.0,0.0,0.0,0.0,0.0,0.0,0.0
2014-06-01,608.4945339944085,18.231735229492188,29.63975715637207,0.7029184324097988,2175446.0,0.15369245967439393,4265467.911586155,0.0,145266.525250868,26853.70906820576,3855347.6945182574,308591.7181854857,76018.2271751732,111143.98290723853,273.6249826622202,0.0,138.0,1755.51462782021,18.0,9.0,178.6083889096817,0.0,0.0,0.0,0.0
2014-07-01,663.1723439085473,18.231735229492188,51.7729606628418,0.744556508201615,2178963.0,0.17973835512620565,4642439.09208804,0.0,157178.98236416702,34740.06102736884,4052018.661041522,384856.65134979505,120996.60769389999,173055.34024282167,361.75709679806,0.0,138.0,17141.864561475308,76.0,18.0,818.2963911612678,0.0,0.0,0.0,0.0
2014-08-01,636.1941461090136,18.231735229492188,40.20661163330078,0.7163454550416467,2182480.0,0.17608785666770183,4446715.8448973,0.0,172980.58526832008,50354.00839435544,3920144.3749515587,351472.9078171872,115598.70288163636,147988.02748691736,549.4126339645652,0.0,140.0,8573.497812896709,46.0,13.0,786.9625361795256,0.0,0.0,0.0,0.0
2014-09-01,607.6627735536691,18.231735229492188,34.89456558227539,0.6866289510414618,2185997.0,0.17459352426271313,4232155.945395844,0.0,189106.46214812036,70201.30444926405,3774258.3343540994,331397.27704489074,90346.53260472983,121787.51259212452,765.9664988563267,0.0,140.0,6566.835611779801,33.0,10.0,630.1807286462199,0.0,0.0,0.0,0.0
2014-10-01,650.652610579334,18.231735229492188,38.37884521484375,0.7216768048885785,2189514.0,0.1908319414576419,4522784.16965963,0.0,220643.41692696937,97661.24394629052,3963568.0607975656,377158.58443247696,117722.65873075264,152704.0982288383,1069.0909506787436,0.0,141.0,5282.351694648733,27.0,13.0,625.8146530173922,0.0,0.0,0.0,0.0
2014-11-01,613.4892758013908,18.231735229492188,32.061912536621094,0.6911435558947988,2193031.0,0.17643792079156853,4240935.285044465,0.0,235553.41723065692,116097.57125550316,3816497.34129097,322075.41080966097,79348.4279422053,108647.81620162756,1316.6547751537282,0.0,141.0,8180.797583320743,25.0,4.0,917.447862581801,0.0,0.0,0.0,0.0
2014-12-01,646.8768267299417,26.980344772338867,46.96317672729492,0.7181103693639271,2196548.0,0.18286005546191242,4462977.610373275,0.0,253078.61069721918,129561.41534916792,3942973.6588373748,331820.9276390841,122269.70797109675,154401.48416572055,1440.0311080512222,0.0,142.0,20263.71799200165,67.0,10.0,990.8497497786348,0.0,0.0,0.0,0.0
2015-01-01,667.033624354112,26.980344772338867,63.224098205566406,0.735183095283758,2200072.0,0.18964237512939655,4529893.891066397,0.0,247634.5168537399,124199.81141709082,3955700.082362183,356351.66303721216,128970.63461801123,177359.67928899408,1357.5411966490349,0.0,142.0,114211.51209939233,116.0,11.0,3377.1654013095613,0.0,0.0,0.0,0.0
2015-02-01,613.4149191827216,26.980344772338867,71.04542541503906,0.6646936670077914,2216234.0,0.20808480710580274,4236805.388787648,0.0,212664.07148130532,101293.65631141925,3611069.174642778,376011.0494160542,143373.2857572325,186276.67609158377,1107.1700498860362,0.0,142.0,82100.45774862991,117.0,17.0,1965.707349789489,0.0,0.0,0.0,0.0
2015-03-01,651.5335988776185,26.980344772338867,41.583927154541016,0.7157933065429241,2232396.0,0.1988616400316032,4623243.894594444,0.0,220634.17169361567,95266.76313044871,4003793.6538839075,394459.3106255012,149836.97027568414,165929.9280493521,1002.4443231671165,0.0,143.0,4391.854708032654,29.0,10.0,1102.39526147379,0.0,0.0,0.0,0.0
2015-04-01,626.653615339253,26.980344772338867,54.966651916503906,0.6888232266690338,2248558.0,0.1949080367337016,4498032.214784089,0.0,183181.0559263945,62017.78937593299,3860169.83218983,375869.02316084696,164922.8489555691,185040.23238783967,642.9181404615751,0.0,143.0,21173.200367065227,75.0,16.0,976.9985160826936,0.0,0.0,0.0,0.0
2015-05-01,613.4215267229503,26.980344772338867,40.720890045166016,0.6889630226095612,2264720.0,0.17792946141871394,4450498.10999697,0.0,172273.48353151217,47333.622065711636,3912420.2087305933,350856.40254305524,129357.1542925483,148640.3126707738,574.8972258004885,0.0,143.0,7987.602692308659,44.0,18.0,586.016373921716,0.0,0.0,0.0,0.0
2015-06-01,601.9671337666745,26.980344772338867,51.25300979614258,0.6700044445473213,2280882.0,0.1855698545922952,4403394.1240861425,0.0,157669.38906098183,36874.9412424032,3814449.1834471254,362921.57511387253,144551.81155744332,169319.26516770152,441.2566185787258,0.0,144.0,15655.937728296947,70.0,17.0,878.748102124031,0.0,0.0,0.0,0.0
2015-07-01,653.8425036699341,26.980344772338867,78.42850494384766,0.7059265361212469,2297044.0,0.21003431256456018,4798133.72229277,0.0,165093.75627329014,40255.01070389284,3996186.239806045,438801.8757821634,209224.13661189325,244697.4383326682,473.78132939732,0.0,144.0,43121.89972620478,153.0,24.0,1300.705316035711,0.0,0.0,0.0,0.0
2015-08-01,607.6462710195287,26.980344772338867,42.880393981933594,0.6793364947123867,2313206.0,0.18238053786176642,4498267.722667946,0.0,175656.79172603248,50705.119992599524,3934824.8417857275,362340.0224837007,136418.7834397403,155460.04319877608,586.7074934329567,0.0,145.0,11444.76293480413,51.0,13.0,873.4422840958932,0.0,0.0,0.0,0.0
2015-09-01,564.1684783168654,26.980344772338867,33.7703971862793,0.6319031361468233,2329368.0,0.1823267347581544,4168925.686693585,0.0,207834.11930302778,86493.7058117408,3702242.2816399895,333145.1080700058,99043.82172996644,122342.18645362275,987.2222912869647,0.0,146.0,3760.1171967475557,27.0,12.0,520.1549495880913,0.0,0.0,0.0,0.0
2015-10-01,575.656248267982,26.980344772338867,28.242624282836914,0.6479212755958016,2345530.0,0.17571982841184877,4244845.309122064,0.0,252313.09870458418,126631.0269557521,3831989.8112532035,313757.61100072414,83848.50417771516,105903.3402204209,1484.2647188321464,0.0,147.0,3571.5288432701727,17.0,5.0,657.5638522894255,0.0,0.0,0.0,0.0
2015-11-01,552.3019089703483,26.980344772338867,31.395601272583008,0.6211045963978177,2361692.0,0.17373329210235372,4085803.8045948064,0.0,253281.30727859648,131409.4824959901,3693576.461705879,288634.73383086425,88144.13592950645,103296.18432855672,1518.6335826063719,0.0,150.0,8804.83050941391,29.0,5.0,1156.59403554661,0.0,0.0,0.0,0.0
2015-12-01,577.5821391893699,44.58659744262695,44.62078857421875,0.6420126754992135,2377854.0,0.1782012697231318,4210003.415556035,0.0,297664.9943015459,171347.67917432034,3784418.85957831,281860.3940267736,110493.6943766862,124006.43581426573,1952.3508872257976,0.0,150.0,70351.53540609017,78.0,9.0,2368.562969694771,0.0,0.0,0.0,0.0
2016-01-01,586.5778063675324,44.58659744262695,54.24437713623047,0.6502767999005279,2394020.0,0.1822950876505541,4330621.652783907,0.0,256675.69976378678,130755.40211143444,3831340.812161145,311664.9660278996,131292.9887119992,147098.85412286382,1555.3334123524628,0.0,150.0,93632.58671011508,104.0,12.0,3789.315939294347,0.0,0.0,0.0,0.0
2016-02-01,545.6395270066055,44.58659744262695,41.43182373046875,0.6016478626656059,2398765.0,0.19367907458219466,4074892.504074644,0.0,253510.43278386662,135594.28786993632,3600111.9787163916,327175.0445143835,104083.1545158354,128441.78048803376,1574.726753930276,0.0,152.0,34466.99004578418,47.0,9.0,3255.711442552659,0.0,0.0,0.0,0.0
2016-03-01,587.3884444000649,44.58659744262695,53.85424041748047,0.6485668007982064,2403510.0,0.18781063825286834,4389729.967147583,0.0,234406.9582139566,101497.64915939281,3839312.7191277067,338176.71799527295,146637.0918282238,163745.00643637942,1178.7448145640315,0.0,153.0,81842.99978494387,94.0,11.0,3488.4967797905756,0.0,0.0,0.0,0.0
2016-04-01,547.7135934525206,44.58659744262695,34.154884338378906,0.6121579637986402,2408255.0,0.18354142779895075,4205129.398146573,0.0,195033.6331601467,66548.59756955031,3710240.987451136,337221.4295258413,121713.6757083808,131060.92737121346,826.7871805965023,0.0,155.0,1627.2140932103534,19.0,12.0,241.8452161827031,0.0,0.0,0.0,0.0
2016-05-01,559.2320762536262,44.58659744262695,39.15817642211914,0.6277546787199607,2413000.0,0.17950091475806898,4299474.147922738,0.0,184871.223089375,52505.68075763006,3796650.865591154,342836.0878223903,121641.39756202276,136487.36518717295,634.9780917451069,0.0,156.0,13744.554183202948,45.0,11.0,974.2751864909887,0.0,0.0,0.0,0.0
2016-06-01,579.8539548215382,44.58659744262695,64.93640899658203,0.6293591787791849,2417745.0,0.20778664468836472,4474151.9226430105,0.0,165582.68943297985,37646.22317265149,3765994.319869977,407777.0317428918,188395.74215262977,206960.54007751326,455.2750603285216,0.0,157.0,33395.067164069435,108.0,22.0,1035.9297359213815,0.0,0.0,0.0,0.0
2016-07-01,574.9113515432468,44.58659744262695,48.842750549316406,0.6361570525891905,2422490.0,0.1901138371102181,4454903.342634207,0.0,173641.99573595673,41402.375106217936,3846711.937967777,369868.83455765405,162232.86435589995,174231.27399287734,509.056389738985,0.0,158.0,13844.580184519833,68.0,18.0,753.3137429127028,0.0,0.0,0.0,0.0
2016-08-01,594.5975564788741,44.58659744262695,59.211204528808594,0.6465075273856079,2427235.0,0.2059138548733792,4580972.528060118,0.0,200397.69447434397,67853.06643862344,3894873.052035513,406734.72824657557,179249.6635278042,198256.65249022152,814.0637957207072,0.0,159.0,29389.267931840295,104.0,18.0,877.1029139085631,0.0,0.0,0.0,0.0
2016-09-01,568.4763032590729,44.58659744262695,45.79315948486328,0.6179022956058623,2431980.0,0.20831129434259008,4379819.164578144,0.0,217128.58179590938,88598.25369385892,3759783.4158240003,379801.87876289646,180690.74929754878,154518.83189370087,1049.1369020506609,0.0,160.0,11462.163342740994,54.0,14.0,718.0891744667401,0.0,0.0,0.0,0.0
2016-10-01,568.8885696990839,44.58659744262695,34.63290023803711,0.6266930167367926,2436725.0,0.19506490352552203,4353061.436642293,0.0,263457.3398835902,130378.71369956022,3843966.4607076636,341030.6929994898,146535.4623768074,119538.47808833043,1525.1191540301113,0.0,161.0,4231.148132324527,34.0,11.0,464.93601681940845,0.0,0.0,0.0,0.0
2016-11-01,554.3537295154149,44.58659744262695,29.7437744140625,0.6109829439707208,2441470.0,0.19764461774969097,4227785.494247295,0.0,272318.31767837435,143002.03805043455,3754350.7016663468,341971.3037192128,121805.81826075318,104633.38180098368,1835.0884279401134,0.0,162.0,11356.1080938664,12.0,2.0,2226.4821662705326,0.0,0.0,0.0,0.0
2016-12-01,579.9915379474004,29.859317779541016,40.9576530456543,0.6316883801598949,2446215.0,0.20378231025390559,4353254.244576656,0.0,327799.8485870289,193615.7770347068,3852304.650819354,344716.7004478841,131815.65468198352,122558.80686743374,2453.5073123224197,0.0,163.0,48225.824170299486,60.0,8.0,2500.323984475034,0.0,0.0,0.0,0.0
2017-01-01,576.8728926693453,29.859317779541016,48.068607330322266,0.6295264149107757,2450968.0,0.19562120406631672,4323590.396007488,0.0,312342.76040728536,178354.36145682694,3813004.1344546042,315490.1436807082,150440.18443709306,142797.5016750822,2257.834710458504,0.0,164.0,77056.78850710354,87.0,11.0,3191.540102377835,0.0,0.0,0.0,0.0
2017-02-01,517.0131851726973,29.859317779541016,42.03095245361328,0.5688204331319734,2455713.0,0.19183948629241598,3889632.856780357,0.0,269843.8917587481,148940.4359674036,3455278.4289777167,289566.1515823257,117688.2423695872,115744.0309707269,1921.0106713445864,0.0,164.0,72643.18954683057,57.0,6.0,3068.9808627931807,0.0,0.0,0.0,0.0
2017-03-01,558.5411333987412,29.859317779541016,115.8997802734375,0.5152248416358711,2460458.0,0.3316807481284688,4111942.1321933046,0.0,279283.3797868732,145622.8166738872,2946984.0,569647.1934505788,347437.9445371796,346014.56244554726,1929.9988729863023,0.0,166.0,189664.67361553025,276.0,30.0,3216.121394875863,0.0,0.0,0.0,0.0
2017-04-01,470.42211128251915,29.859317779541016,56.924171447753906,0.46973893407325534,2465203.0,0.28506093734070154,3630176.347491018,0.0,218072.09268984204,89213.60356860507,2851491.050680488,461211.851927401,206342.3300651534,206238.73672797618,1200.2407112371482,0.0,170.0,21854.899335027712,76.0,18.0,1419.2694284125055,0.0,0.0,0.0,0.0
2017-05-01,505.49120872180305,29.859317779541016,78.73793029785156,0.492770736299157,2469948.0,0.29843000686830395,3899794.566963521,0.0,199878.38590679163,67243.16164990593,2943629.362390835,503974.45410846156,287745.83309323085,262586.48561099416,904.6600168858565,0.0,172.0,62116.70438058048,164.0,24.0,1597.8992604965788,0.0,0.0,0.0,0.0
2017-06-01,505.2481257271104,29.859317779541016,95.61619567871094,0.4834273861308305,2474693.0,0.3097692963496127,3888702.8939719102,0.0,181713.6544775712,53514.86116262192,2851686.8935272573,517852.2420767165,321298.6476060783,292840.8219618582,717.6021149493944,0.0,173.0,97363.60174583258,233.0,28.0,1322.6622184877938,0.0,0.0,0.0,0.0
2017-07-01,459.0157124316075,29.859317779541016,48.11492919921875,0.4718877980685069,2479438.0,0.2658224076490029,3585993.5338383554,0.0,203073.1996221669,70381.60078238057,2915128.8738073255,426620.6366983181,187111.5500650802,155274.0415076313,961.0345997864972,0.0,174.0,4603.388658622657,41.0,16.0,529.9746075237249,0.0,0.0,0.0,0.0
2017-08-01,512.7701944663497,29.859317779541016,85.09765625,0.49306523862432056,2484183.0,0.30869183457685045,3939657.069068596,0.0,221445.2375880074,88525.06743990294,2943476.3859938555,521925.5757111038,301677.9948155803,270718.6807880536,1189.6059081045453,0.0,177.0,84947.7686272966,195.0,26.0,1668.748086730427,0.0,0.0,0.0,0.0
2017-09-01,483.69016701166123,29.859317779541016,68.93389129638672,0.4683369242805996,2488928.0,0.304715158936252,3713654.930262158,0.0,246415.12198615033,117356.15478544009,2833831.3687972096,480121.8697371043,263911.2044503888,230766.19847745428,1577.7760007104991,0.0,178.0,52830.20502708627,139.0,21.0,1607.4877303418534,0.0,0.0,0.0,0.0
2017-10-01,460.6927211386577,29.859317779541016,34.44812774658203,0.46773508123870655,2493673.0,0.27881061275073304,3547324.3094444955,0.0,280079.3376978143,146438.6165028434,2919594.117840577,434148.61346322997,161990.55822131445,129600.67744937591,2087.2141649712594,0.0,179.0,1986.4476819122046,12.0,6.0,558.285102049701,0.0,0.0,0.0,0.0
2017-11-01,462.5278876473032,29.859317779541016,50.379268646240234,0.4608994368211786,2498418.0,0.2839151284992154,3454839.631977715,0.0,323258.2194965758,192773.2120901684,2814367.756111237,403400.8317292212,175383.24667487745,156663.50866237716,3003.8162064074622,0.0,181.0,73862.31403145203,92.0,11.0,2637.8394847188656,0.0,0.0,0.0,0.0
2017-12-01,475.4864145882629,27.349933624267578,45.27472686767578,0.47097020486788993,2503163.0,0.2893880890745455,3548901.780477317,0.0,356781.0029503767,210947.53811621026,2895231.4521025405,418511.2299084164,190253.48841334437,153723.57829301554,3426.5005941668833,0.0,182.0,61717.37829105931,67.0,8.0,2763.5617062960173,0.0,0.0,0.0,0.0
2018-01-01,514.7875766173987,27.349933624267578,68.85968017578125,0.4923613818809138,2507916.0,0.3145532531577712,3786075.687716596,0.0,351185.38373952376,205449.7561489029,2934883.7404692452,492068.31962201116,252690.03319686002,215251.56266847815,3328.66335062124,0.0,183.0,166219.20090716766,152.0,17.0,3591.9498141879403,0.0,0.0,0.0,0.0
2018-02-01,452.121475996961,27.349933624267578,61.420814514160156,0.4356325271360062,2512661.0,0.3084178537698961,3390198.590368116,0.0,317486.13922656723,183373.8407594264,2653160.77062411,428947.7397583123,222117.61539065526,186678.86171503933,3067.4533471406507,0.0,184.0,79075.48954594028,108.0,13.0,3562.7888287002315,0.0,0.0,0.0,0.0
2018-03-01,464.27076125186005,27.349933624267578,37.79481506347656,0.46640107996821056,2517406.0,0.28546103405024686,3571753.7150207944,0.0,314926.45904917025,166265.5104385615,2931159.8766288585,438596.8343897335,178228.27266915666,135418.43797304577,3422.245970609008,0.0,185.0,9179.939894878586,27.0,7.0,887.4121299508811,0.0,0.0,0.0,0.0
2018-04-01,454.42402140078053,27.349933624267578,46.74100875854492,0.45330334439371317,2522151.0,0.28844869065384393,3555326.246741449,0.0,260956.31764925236,117774.0485732028,2841489.2429876993,445701.2690238349,208335.17800770354,167897.37925271993,2433.472566049759,0.0,185.0,8614.45358038457,49.0,13.0,602.9345742668802,0.0,0.0,0.0,0.0
2018-05-01,507.01611779827897,27.349933624267578,82.52242279052734,0.4851641742576191,2526896.0,0.3107473447790356,3975728.205821682,0.0,216464.44184825814,69653.67310169604,2946108.8650670117,525530.9936754619,333184.2832063371,282198.5177169621,1572.0661065623585,0.0,185.0,78395.27789466546,191.0,28.0,1445.0828883864842,0.0,0.0,0.0,0.0
2018-06-01,512.817970636437,27.349933624267578,99.46783447265625,0.4796666863744308,2531641.0,0.3231606163751957,3976351.8605072373,0.0,205351.63095632446,62525.8454956514,2851612.924639311,538658.4024069374,372649.8982660389,320965.62714263675,2272.202260673285,0.0,185.0,145864.34051154458,272.0,29.0,1750.4437241810206,0.0,0.0,0.0,0.0
2018-07-01,525.9337498314532,27.349933624267578,93.44281768798828,0.49181527926327573,2536386.0,0.3240658254100492,4088118.264943773,0.0,224292.2750090074,74286.78608571236,2945913.370747781,552437.4263989889,382934.07271108095,317907.5851909878,2691.0262832953795,0.0,185.0,134157.22024370625,267.0,29.0,1692.7024628841532,0.0,0.0,0.0,0.0
2018-08-01,520.1644464610443,27.349933624267578,82.36675262451172,0.48513499799704757,2541131.0,0.3275343185685769,4033521.3153786287,0.0,264608.84495705203,113248.22465456079,2940808.531548873,540487.0304915471,374725.6616752977,288729.543461889,4046.157662491528,0.0,187.0,107887.30194374145,226.0,29.0,1513.238968867648,0.0,0.0,0.0,0.0
2018-09-01,453.1752528402797,27.349933624267578,41.02771759033203,0.446888827067335,2545876.0,0.29492883713844886,3525515.5578512275,0.0,311449.4798690811,162239.24700203715,2832040.0258157,426838.72978359956,225152.50674144342,149480.75276807565,6090.651465272659,0.0,189.0,8786.015136810889,48.0,18.0,816.3666583875015,0.0,0.0,0.0,0.0
2018-10-01,445.15747341529766,27.349933624267578,28.54702377319336,0.4495236918668904,2550621.0,0.27888069853212377,3420492.4588810275,0.0,364209.9827192193,208412.0385660955,2883607.946738883,389884.52646999375,157921.38635346413,100578.01746439883,7980.992868138102,0.0,189.0,47.746287141679204,2.0,1.0,27.961140299041745,0.0,0.0,0.0,0.0
2018-11-01,421.91216444141463,27.349933624267578,40.97020721435547,0.4278049507303981,2555366.0,0.27269011545584887,3209077.275044119,0.0,384628.1352678618,228183.49514450424,2755469.362308365,345561.70569749165,135907.70340737537,82505.13655907866,8826.468282068092,0.0,190.0,75.54284505689293,3.0,2.0,39.84167493509085,0.0,0.0,0.0,0.0
2018-12-01,463.93691523531595,28.355695724487305,193.61898803710938,0.45487646947600724,2560111.0,0.2951641514118383,3497051.689143141,0.0,407686.0660718111,242769.24762060816,2875034.6240678355,402509.3935544579,201157.02344331951,130360.11137336261,9624.278958637455,0.0,190.0,54340.88708718565,52.0,6.0,2963.24966956732,0.0,0.0,0.0,0.0
2019-01-01,504.5612554895698,28.355695724487305,235.08839416503906,0.4682712221587592,2564864.0,0.3256027515536159,3686575.3774790475,0.0,487881.82906647667,319879.0691879781,2882295.2070187153,437184.80537007493,273776.20876114286,190946.30543081954,15753.24793211429,0.0,191.0,139282.04507442133,136.0,16.0,3523.2339369727433,0.0,0.0,0.0,0.0
2019-02-01,441.19786317684907,28.355695724487305,111.8273696899414,0.41746573342365473,2569609.0,0.32061207006329656,3311297.3345353226,0.0,398960.58942470554,249034.38586651973,2622989.642706802,410440.07263582177,224630.43481462952,148706.97329112963,13455.000613176315,0.0,191.0,68739.35368035451,62.0,8.0,3262.406794486128,0.0,0.0,0.0,0.0
2019-03-01,486.8386399073321,28.355695724487305,100.90507507324219,0.46426080875292075,2574354.0,0.31775914744684536,3732017.820898326,0.0,381948.5069560384,218659.09673414443,2928091.0893791574,474994.52045001,263377.36314183736,173007.06733248517,12335.831058638965,0.0,191.0,63658.01288522529,67.0,10.0,3456.5008402171516,0.0,0.0,0.0,0.0
2019-04-01,419.55000564150504,28.355695724487305,38.94055938720703,0.4309839042230488,2579099.0,0.26220956531970135,3298067.642842347,0.0,311992.14840628766,156352.48932124718,2798575.954209027,350280.5349867123,164783.29390193438,96501.93475136033,7209.295688238526,0.0,192.0,1256.8392959647654,13.0,6.0,308.95189240001355,0.0,0.0,0.0,0.0
2019-05-01,462.7918713358856,28.355695724487305,101.76689910888672,0.4575138010631668,2583844.0,0.2910230413916584,3695236.543929815,0.0,270207.40946314717,111788.57890267725,2925577.667427711,444813.08933605533,264618.99010130856,173745.102211599,6185.790241391718,0.0,192.0,20475.99271185733,68.0,16.0,1289.4414994832932,0.0,0.0,0.0,0.0
2019-06-01,487.7460268895526,28.355695724487305,210.67088317871094,0.4580972848860631,2588589.0,0.323456495678491,3894036.836746222,0.0,229060.9294534057,77202.39294152321,2848093.177464248,516552.29784671246,371981.9427454851,263081.20652037393,5168.352977917581,0.0,192.0,85465.58100559954,187.0,26.0,1540.5385646069112,0.0,0.0,0.0,0.0
2019-07-01,496.74434530993693,28.355695724487305,174.9668731689453,0.46860777878998017,2593334.0,0.320450068736115,3997807.3806500277,0.0,237329.03241069723,80358.37305924133,2941211.5771629754,524613.9962353314,377121.7347772173,265274.9728474997,5349.789892672698,0.0,193.0,58926.934396042816,178.0,26.0,1291.687280307579,0.0,0.0,0.0,0.0
2019-08-01,497.1303797921464,28.355695724487305,157.65589904785156,0.4651482290086016,2598079.0,0.3250219857355299,3944421.6306574456,0.0,295880.0032117835,135771.8428811254,2924875.6619067267,512064.0694376841,362293.1304051064,254418.16221395382,8731.407029519147,0.0,194.0,64956.41664780123,173.0,27.0,1387.7803206527428,0.0,0.0,0.0,0.0
2019-09-01,442.49591981632256,28.355695724487305,67.62030792236328,0.4326342013889685,2602824.0,0.29758598267223807,3478743.551623894,0.0,347323.6050641775,189128.0018447165,2798559.3583531445,410165.65969964,229570.01911786763,150650.09188261174,10438.026040550376,0.0,194.0,13041.958078643096,55.0,15.0,1100.229235185168,0.0,0.0,0.0,0.0
2019-10-01,450.7991926579891,28.355695724487305,48.19736099243164,0.438069416784345,2607569.0,0.3029756736160978,3482373.3542312807,0.0,430629.99530222674,263587.5311475012,2856463.559193124,406746.39233601454,205860.13807838346,127358.27578375167,14037.852573167947,0.0,194.0,5272.90951504322,27.0,9.0,779.5008115123555,0.0,0.0,0.0,0.0
2019-11-01,432.0479850431457,28.355695724487305,42.79495620727539,0.42016091594662586,2612314.0,0.304787866841393,3315029.0272849873,0.0,435431.3655488226,272609.6536578547,2746116.829184547,394109.23497542064,176014.66916474115,108451.56284834228,14628.189195281684,0.0,194.0,11666.067297806996,17.0,3.0,2124.3913699130153,0.0,0.0,0.0,0.0
2019-12-01,474.49828223207805,38.263187408447266,79.5832748413086,0.4446248901150414,2617059.0,0.3266727612054975,3581156.9534422196,0.0,477935.2735820816,308219.45812531526,2843436.477023826,442614.08810512174,244993.33091336308,157441.16065887662,17470.703639948148,0.0,194.0,80177.53509780142,64.0,10.0,4186.153053736501,0.0,0.0,0.0,0.0
2020-01-01,489.6907177173649,38.263187408447266,111.04783630371094,0.4464401513878534,2621812.0,0.33303933271829667,3615382.7838091264,0.0,571188.4888100029,376238.4846717624,2848587.800614533,411147.5426969521,284595.4960867129,167997.85394874695,23169.165162978737,0.0,194.0,92982.62069352025,109.0,15.0,3146.6851670338656,0.0,0.0,0.0,0.0
2020-02-01,455.14374902200865,38.263187408447266,79.62074279785156,0.41952256437562063,2626557.0,0.33510167594993917,3453827.5935044377,0.0,471195.3385729731,292131.5490462783,2704603.85993527,429816.18968474056,268951.5364751943,149434.88039414832,17689.672431114715,0.0,194.0,59818.07311877014,59.0,9.0,3188.3262953476815,0.0,0.0,0.0,0.0
2020-03-01,459.1787639731205,38.263187408447266,52.595848083496094,0.44230079938155803,2631302.0,0.3047674378474405,3547471.818421794,0.0,447445.81122905406,246289.96719330386,2897912.200150157,412163.1808203946,234982.94272555455,112765.8827333434,14184.489233913891,0.0,194.0,32513.5727715735,31.0,5.0,2681.507808970562,0.0,0.0,0.0,0.0
2020-04-01,426.2757833983992,38.263187408447266,34.294761657714844,0.4241327878525312,2636047.0,0.2808093640101286,3391481.5988106215,0.0,358196.3340095473,167211.04254422287,2810233.617000464,379822.6944938557,203660.29577782628,108205.94019574452,8993.598530758542,0.0,194.0,397.81256324546575,4.0,3.0,166.89942634409408,0.0,0.0,0.0,0.0
2020-05-01,474.1702489253224,38.263187408447266,61.16798400878906,0.4480982281025794,2640792.0,0.31871017460104933,3854799.927700288,0.0,311155.472151531,117141.5430036277,2934477.2715624426,480184.24477895745,372925.3316670332,181599.0055603232,7277.898655437792,0.0,194.0,7952.209944792914,26.0,7.0,985.0489333006462,0.0,0.0,0.0,0.0
2020-06-01,448.9129711661564,38.263187408447266,44.13157272338867,0.4376485947570649,2645537.0,0.2976766533060012,3682087.0045093256,0.0,276110.03070547705,80966.15095083839,2888755.5503845788,439481.79766832694,323585.8192109468,151289.84427333382,4994.268668264804,0.0,194.0,490.3614022816241,7.0,4.0,123.47907246214663,0.0,0.0,0.0,0.0
2020-07-01,460.57499730217387,38.263187408447266,38.766788482666016,0.450858548499313,2650282.0,0.29462687283571204,3777541.3071240312,0.0,291270.1245989017,89309.31896090125,2982894.47157264,448961.3566784912,317577.77546032093,153498.44711759238,5228.244468930778,0.0,194.0,0.0,0.0,0.0,0.0,0.0,0.0,0.0,0.0
2020-08-01,455.86758628066684,38.263187408447266,36.37100601196289,0.4448709416436514,2655027.0,0.29446762792544096,3686101.520090778,0.0,348323.9718699737,143373.4185757862,2953209.5507317577,423710.3400193677,292706.55690000457,141492.2507858416,8133.200987203994,0.0,194.0,0.0,0.0,0.0,0.0,0.0,0.0,0.0,0.0
2020-09-01,400.48230637814066,38.263187408447266,23.969463348388672,0.4122086250940891,2659772.0,0.24684702358035512,3151572.2986658313,0.0,399025.64438732044,197440.71490372735,2767802.8815467376,292069.4761854481,140118.03942314503,73589.63975986246,9572.976241432794,0.0,194.0,0.0,0.0,0.0,0.0,0.0,0.0,0.0,0.0
2020-10-01,393.28701505751326,38.263187408447266,17.77120590209961,0.40803807212288623,2664517.0,0.2316842641210359,3006093.993581062,0.0,490864.86845388473,278695.79489152564,2759881.41390667,228657.58932899105,96963.04099280798,46554.49798687779,13301.818017665633,0.0,194.0,0.0,0.0,0.0,0.0,0.0,0.0,0.0,0.0
2020-11-01,371.9791041493866,38.263187408447266,15.484695434570312,0.38820704957237534,2669262.0,0.21990303888547613,2808730.589011557,0.0,500917.17787496943,293992.9069127644,2632443.763497143,178548.10241266884,86306.70524271237,33367.71736343387,14074.929552411264,0.0,194.0,6.343380337438248,1.0,1.0,6.343380337438248,0.0,0.0,0.0,0.0
2020-12-01,390.58625313995066,19.025644302368164,26.660737991333008,0.39736519444383583,2674007.0,0.23660955559503713,2924876.9097617227,0.0,550452.396635541,334909.86729824234,2687388.343667939,185740.35290164736,125358.99907824917,49872.55536246287,16652.565434191813,0.0,194.0,6057.104161706851,11.0,3.0,1320.100977588948,0.0,0.0,0.0,0.0
